recv_timestamp,hardware_timestamp,transport_latency_seconds
1765400710.9135706,1928.138010907,0.008817672729492188
1765400710.9156735,1928.14804075,0.0008907318115234375
1765400710.917738,1928.14804075,0.002955198287963867
1765400710.9197998,1928.14804075,0.00501704216003418
1765400710.9218736,1928.14804075,0.00709080696105957
1765400710.9239287,1928.14804075,0.009145975112915039
1765400710.9259822,1928.158040955,0.0011992454528808594
1765400710.9280355,1928.158040955,0.0032525062561035156
1765400710.9300888,1928.158040955,0.005305767059326172
1765400710.932157,1928.158040955,0.0073740482330322266
1765400710.934214,1928.158040955,0.009431123733520508
1765400710.9362397,1928.168041515,0.0014562606811523438
1765400710.9383008,1928.168041515,0.0035173892974853516
1765400710.9403732,1928.168041515,0.005589723587036133
1765400710.9424438,1928.168041515,0.007660388946533203
1765400710.9445133,1928.168041515,0.009729862213134766
1765400710.9465697,1928.1780408,0.001786947250366211
1765400710.9486244,1928.1780408,0.0038416385650634766
1765400710.9506829,1928.1780408,0.005900144577026367
1765400710.9527647,1928.1780408,0.007982015609741211
1765400710.9548223,1928.1780408,0.010039567947387695
1765400710.9568782,1928.188042259,0.0020940303802490234
1765400710.9589496,1928.188042259,0.0041654109954833984
1765400710.9610047,1928.188042259,0.006220579147338867
1765400710.963058,1928.188042259,0.008273839950561523
1765400710.9651117,1928.198042869,0.0003268718719482422
1765400710.9671671,1928.198042869,0.0023822784423828125
1765400710.9692233,1928.198042869,0.0044384002685546875
1765400710.9712784,1928.198042869,0.006493568420410156
1765400710.973332,1928.198042869,0.008547067642211914
1765400710.9753857,1928.208041008,0.00060272216796875
1765400710.9774544,1928.208041008,0.002671480178833008
1765400710.9795246,1928.208041008,0.004741668701171875
1765400710.9815657,1928.208041008,0.0067827701568603516
1765400710.983622,1928.208041008,0.008839130401611328
1765400710.9856963,1928.218042078,0.0009121894836425781
1765400710.9877527,1928.218042078,0.0029685497283935547
1765400710.9898264,1928.218042078,0.005042314529418945
1765400710.9918804,1928.218042078,0.007096290588378906
1765400710.9939516,1928.218042078,0.00916743278503418
1765400710.9960082,1928.228040275,0.0012259483337402344
1765400710.9980621,1928.228040275,0.0032799243927001953
1765400711.000131,1928.228040275,0.005348682403564453
1765400711.002201,1928.228040275,0.00741887092590332
1765400711.0042567,1928.228040275,0.009474515914916992
1765400711.006338,1928.238042331,0.0015535354614257812
1765400711.0084186,1928.238042331,0.003634214401245117
1765400711.0104759,1928.238042331,0.0056915283203125
1765400711.0125299,1928.238042331,0.007745504379272461
1765400711.0145524,1928.238042331,0.009768009185791016
1765400711.0166273,1928.248040478,0.0018448829650878906
1765400711.0186985,1928.248040478,0.003916025161743164
1765400711.0207527,1928.248040478,0.0059702396392822266
1765400711.0228078,1928.248040478,0.008025407791137695
1765400711.0248842,1928.248040478,0.010101795196533203
1765400711.02696,1928.258041239,0.0021767616271972656
1765400711.0290318,1928.258041239,0.004248619079589844
1765400711.0311007,1928.258041239,0.006317615509033203
1765400711.0331688,1928.258041239,0.008385658264160156
1765400711.035238,1928.268041789,0.00045418739318847656
1765400711.0373063,1928.268041789,0.0025224685668945312
1765400711.0393882,1928.268041789,0.004604339599609375
1765400711.0414515,1928.268041789,0.006667613983154297
1765400711.0435054,1928.268041789,0.008721590042114258
1765400711.04555,1928.278041122,0.0007669925689697266
1765400711.0476189,1928.278041122,0.0028357505798339844
1765400711.0496871,1928.278041122,0.004904031753540039
1765400711.051743,1928.278041122,0.0069599151611328125
1765400711.0537977,1928.278041122,0.009014606475830078
1765400711.0558546,1928.288043668,0.0010688304901123047
1765400711.0579123,1928.288043668,0.0031266212463378906
1765400711.0599873,1928.288043668,0.005201578140258789
1765400711.0620418,1928.288043668,0.007256031036376953
1765400711.0640948,1928.288043668,0.009309053421020508
1765400711.0661635,1928.298040289,0.0013811588287353516
1765400711.0682192,1928.298040289,0.0034368038177490234
1765400711.0702736,1928.298040289,0.0054912567138671875
1765400711.0723486,1928.298040289,0.007566213607788086
1765400711.0744057,1928.298040289,0.009623289108276367
1765400711.07648,1928.308041699,0.0016961097717285156
1765400711.0785592,1928.308041699,0.003775358200073242
1765400711.0806293,1928.308041699,0.005845546722412109
1765400711.082683,1928.308041699,0.007899284362792969
1765400711.0847363,1928.308041699,0.009952545166015625
1765400711.0868056,1928.318041031,0.0020225048065185547
1765400711.0888593,1928.318041031,0.004076242446899414
1765400711.0909402,1928.318041031,0.0061571598052978516
1765400711.0930195,1928.318041031,0.008236408233642578
1765400711.0950756,1928.328040164,0.00029349327087402344
1765400711.097129,1928.328040164,0.0023469924926757812
1765400711.099184,1928.328040164,0.0044019222259521484
1765400711.1012592,1928.328040164,0.0064771175384521484
1765400711.1033323,1928.328040164,0.008550167083740234
1765400711.1053894,1928.338041757,0.0006055831909179688
1765400711.107446,1928.338041757,0.002662181854248047
1765400711.1095026,1928.338041757,0.004718780517578125
1765400711.1115499,1928.338041757,0.006766080856323242
1765400711.1136045,1928.338041757,0.008820772171020508
1765400711.1156595,1928.348042112,0.0008754730224609375
1765400711.1177137,1928.348042112,0.0029296875
1765400711.1197667,1928.348042112,0.004982709884643555
1765400711.1218216,1928.348042112,0.007037639617919922
1765400711.1238768,1928.348042112,0.00909280776977539
1765400711.12595,1928.358040653,0.0011675357818603516
1765400711.1280046,1928.358040653,0.0032219886779785156
1765400711.130072,1928.358040653,0.005289554595947266
1765400711.1321406,1928.358040653,0.007358074188232422
1765400711.1341944,1928.358040653,0.009411811828613281
1765400711.1362474,1928.368041938,0.0014634132385253906
1765400711.1383154,1928.368041938,0.0035314559936523438
1765400711.1403694,1928.368041938,0.005585432052612305
1765400711.142424,1928.368041938,0.00764012336730957
1765400711.144479,1928.368041938,0.009695053100585938
1765400711.1465335,1928.378040184,0.0017514228820800781
1765400711.1485689,1928.378040184,0.003786802291870117
1765400711.150623,1928.378040184,0.00584101676940918
1765400711.152676,1928.378040184,0.007894039154052734
1765400711.1547308,1928.378040184,0.00994873046875
1765400711.1567862,1928.388042718,0.002001523971557617
1765400711.158844,1928.388042718,0.004059314727783203
1765400711.1609054,1928.388042718,0.0061206817626953125
1765400711.1629603,1928.388042718,0.00817561149597168
1765400711.1650138,1928.39804048,0.00023126602172851562
1765400711.167069,1928.39804048,0.0022864341735839844
1765400711.1691232,1928.39804048,0.004340648651123047
1765400711.1711764,1928.39804048,0.006393909454345703
1765400711.1732452,1928.39804048,0.008462667465209961
1765400711.1753013,1928.408041485,0.0005178451538085938
1765400711.1773555,1928.408041485,0.0025720596313476562
1765400711.1794116,1928.408041485,0.004628181457519531
1765400711.1814647,1928.408041485,0.006681203842163086
1765400711.1835196,1928.408041485,0.008736133575439453
1765400711.1855514,1928.418040905,0.0007684230804443359
1765400711.1876063,1928.418040905,0.002823352813720703
1765400711.1896596,1928.418040905,0.004876613616943359
1765400711.1917143,1928.418040905,0.006931304931640625
1765400711.1937885,1928.418040905,0.009005546569824219
1765400711.1958437,1928.428040314,0.0010614395141601562
1765400711.1979117,1928.428040314,0.0031294822692871094
1765400711.1999662,1928.428040314,0.0051839351654052734
1765400711.2020338,1928.428040314,0.0072515010833740234
1765400711.2040873,1928.428040314,0.009305000305175781
1765400711.206155,1928.43804345,0.0013697147369384766
1765400711.2082112,1928.43804345,0.0034258365631103516
1765400711.210267,1928.43804345,0.005481719970703125
1765400711.2123213,1928.43804345,0.0075359344482421875
1765400711.214376,1928.43804345,0.009590625762939453
1765400711.2164502,1928.448041929,0.0016663074493408203
1765400711.2185216,1928.448041929,0.0037376880645751953
1765400711.2205513,1928.448041929,0.005767345428466797
1765400711.222604,1928.448041929,0.00782012939453125
1765400711.2246404,1928.448041929,0.009856462478637695
1765400711.226698,1928.458041734,0.0019142627716064453
1765400711.228752,1928.458041734,0.003968238830566406
1765400711.2308047,1928.458041734,0.006021022796630859
1765400711.2328572,1928.458041734,0.008073568344116211
1765400711.2349246,1928.458041734,0.01014089584350586
1765400711.2369936,1928.46804173,0.002209901809692383
1765400711.239047,1928.46804173,0.004263401031494141
1765400711.241101,1928.46804173,0.0063173770904541016
1765400711.2431557,1928.46804173,0.008372068405151367
1765400711.2452097,1928.478040362,0.00042724609375
1765400711.2472787,1928.478040362,0.0024962425231933594
1765400711.2493484,1928.478040362,0.0045659542083740234
1765400711.2514021,1928.478040362,0.006619691848754883
1765400711.2534697,1928.478040362,0.008687257766723633
1765400711.255566,1928.488042118,0.0007817745208740234
1765400711.2576218,1928.488042118,0.002837657928466797
1765400711.2596767,1928.488042118,0.004892587661743164
1765400711.261731,1928.488042118,0.0069468021392822266
1765400711.263784,1928.488042118,0.008999824523925781
1765400711.265837,1928.498040922,0.0010540485382080078
1765400711.26789,1928.498040922,0.0031070709228515625
1765400711.2699592,1928.498040922,0.0051763057708740234
1765400711.2720299,1928.498040922,0.007246971130371094
1765400711.2740993,1928.498040922,0.009316444396972656
1765400711.2761679,1928.508041387,0.0013844966888427734
1765400711.2782497,1928.508041387,0.003466367721557617
1765400711.2803285,1928.508041387,0.005545139312744141
1765400711.2823849,1928.508041387,0.007601499557495117
1765400711.2844574,1928.508041387,0.009674072265625
1765400711.2865293,1928.518043094,0.0017442703247070312
1765400711.288569,1928.518043094,0.0037839412689208984
1765400711.2906232,1928.518043094,0.005838155746459961
1765400711.2926917,1928.518043094,0.007906675338745117
1765400711.2947474,1928.518043094,0.009962320327758789
1765400711.2968233,1928.528041077,0.0020401477813720703
1765400711.298879,1928.528041077,0.004095792770385742
1765400711.300933,1928.528041077,0.006149768829345703
1765400711.3030016,1928.528041077,0.008218526840209961
1765400711.3050554,1928.53804327,0.0002701282501220703
1765400711.3071113,1928.53804327,0.0023260116577148438
1765400711.3091676,1928.53804327,0.00438237190246582
1765400711.3112366,1928.53804327,0.00645136833190918
1765400711.3132904,1928.53804327,0.008505105972290039
1765400711.3153706,1928.548042174,0.0005865097045898438
1765400711.317458,1928.548042174,0.0026738643646240234
1765400711.3195353,1928.548042174,0.0047512054443359375
1765400711.3215678,1928.548042174,0.006783723831176758
1765400711.323637,1928.548042174,0.008852958679199219
1765400711.3257053,1928.558042171,0.0009210109710693359
1765400711.3277605,1928.558042171,0.0029761791229248047
1765400711.3298132,1928.558042171,0.005028963088989258
1765400711.3318813,1928.558042171,0.007097005844116211
1765400711.333937,1928.558042171,0.009152650833129883
1765400711.3359916,1928.568041907,0.0012078285217285156
1765400711.3380623,1928.568041907,0.003278493881225586
1765400711.3401399,1928.568041907,0.0053560733795166016
1765400711.3422086,1928.568041907,0.007424831390380859
1765400711.3442624,1928.568041907,0.009478569030761719
1765400711.3463159,1928.578040646,0.0015332698822021484
1765400711.34837,1928.578040646,0.003587484359741211
1765400711.350447,1928.578040646,0.005664348602294922
1765400711.352503,1928.578040646,0.007720470428466797
1765400711.3545513,1928.578040646,0.00976872444152832
1765400711.356633,1928.58804266,0.0018482208251953125
1765400711.3587086,1928.58804266,0.003923892974853516
1765400711.3607724,1928.58804266,0.005987644195556641
1765400711.3628402,1928.58804266,0.008055448532104492
1765400711.364894,1928.58804266,0.010109186172485352
1765400711.3669467,1928.598040185,0.002164602279663086
1765400711.3689997,1928.598040185,0.004217624664306641
1765400711.371067,1928.598040185,0.006284952163696289
1765400711.3731358,1928.598040185,0.008353710174560547
1765400711.37519,1928.608040265,0.0004076957702636719
1765400711.3772578,1928.608040265,0.0024755001068115234
1765400711.3793259,1928.608040265,0.0045435428619384766
1765400711.3813798,1928.608040265,0.0065975189208984375
1765400711.3834345,1928.608040265,0.008652210235595703
1765400711.3855047,1928.618041215,0.0007214546203613281
1765400711.3875651,1928.618041215,0.0027818679809570312
1765400711.389634,1928.618041215,0.004850625991821289
1765400711.3916876,1928.618041215,0.0069043636322021484
1765400711.3937407,1928.618041215,0.008957386016845703
1765400711.3958085,1928.628039882,0.0010266304016113281
1765400711.3978622,1928.628039882,0.0030803680419921875
1765400711.3999295,1928.628039882,0.005147695541381836
1765400711.4019835,1928.628039882,0.007201671600341797
1765400711.4040508,1928.628039882,0.009268999099731445
1765400711.4061048,1928.638042789,0.0013201236724853516
1765400711.408173,1928.638042789,0.0033884048461914062
1765400711.4102273,1928.638042789,0.005442619323730469
1765400711.4122946,1928.638042789,0.007509946823120117
1765400711.41435,1928.638042789,0.009565353393554688
1765400711.4164045,1928.648041387,0.0016210079193115234
1765400711.418476,1928.648041387,0.003692626953125
1765400711.4205463,1928.648041387,0.005762815475463867
1765400711.4226124,1928.648041387,0.007828950881958008
1765400711.42468,1928.648041387,0.009896516799926758
1765400711.426766,1928.658041154,0.0019826889038085938
1765400711.4288228,1928.658041154,0.0040395259857177734
1765400711.4308968,1928.658041154,0.006113529205322266
1765400711.4329689,1928.658041154,0.008185625076293945
1765400711.435038,1928.668041924,0.0002541542053222656
1765400711.437107,1928.668041924,0.002323150634765625
1765400711.439161,1928.668041924,0.004377126693725586
1765400711.4412153,1928.668041924,0.0064313411712646484
1765400711.4432955,1928.668041924,0.008511543273925781
1765400711.445374,1928.678040787,0.000591278076171875
1765400711.4474294,1928.678040787,0.0026466846466064453
1765400711.4495034,1928.678040787,0.0047206878662109375
1765400711.45155,1928.678040787,0.00676727294921875
1765400711.4536133,1928.678040787,0.008830547332763672
1765400711.4556682,1928.688041937,0.0008842945098876953
1765400711.4577236,1928.688041937,0.0029397010803222656
1765400711.4597788,1928.688041937,0.004994869232177734
1765400711.461832,1928.688041937,0.007048130035400391
1765400711.4639015,1928.688041937,0.009117603302001953
1765400711.4659553,1928.698040544,0.001172780990600586
1765400711.4680088,1928.698040544,0.0032262802124023438
1765400711.470076,1928.698040544,0.005293607711791992
1765400711.47213,1928.698040544,0.007347583770751953
1765400711.474183,1928.698040544,0.009400606155395508
1765400711.476251,1928.708041854,0.001466989517211914
1765400711.478305,1928.708041854,0.0035212039947509766
1765400711.480358,1928.708041854,0.00557398796081543
1765400711.4824255,1928.708041854,0.00764155387878418
1765400711.4844944,1928.708041854,0.009710550308227539
1765400711.4866602,1928.718041353,0.0018768310546875
1765400711.488714,1928.718041353,0.003930568695068359
1765400711.4907668,1928.718041353,0.0059833526611328125
1765400711.4928362,1928.718041353,0.008052825927734375
1765400711.4948905,1928.718041353,0.010107040405273438
1765400711.4969437,1928.72804211,0.002159595489501953
1765400711.4989965,1928.72804211,0.004212379455566406
1765400711.5010638,1928.72804211,0.006279706954956055
1765400711.5031178,1928.72804211,0.008333683013916016
1765400711.5051858,1928.738044274,0.00039958953857421875
1765400711.5072544,1928.738044274,0.002468109130859375
1765400711.5093083,1928.738044274,0.004522085189819336
1765400711.5113764,1928.738044274,0.006590127944946289
1765400711.5134447,1928.738044274,0.008658409118652344
1765400711.5155253,1928.748041182,0.0007421970367431641
1765400711.5175738,1928.748041182,0.002790689468383789
1765400711.5196304,1928.748041182,0.004847288131713867
1765400711.5216837,1928.748041182,0.0069005489349365234
1765400711.5237367,1928.748041182,0.008953571319580078
1765400711.52579,1928.75804176,0.0010061264038085938
1765400711.5278573,1928.75804176,0.003073453903198242
1765400711.5299258,1928.75804176,0.0051419734954833984
1765400711.5319798,1928.75804176,0.007195949554443359
1765400711.5340326,1928.75804176,0.009248733520507812
1765400711.5360875,1928.768042267,0.0013031959533691406
1765400711.5381417,1928.768042267,0.003357410430908203
1765400711.5402112,1928.768042267,0.005426883697509766
1765400711.5422654,1928.768042267,0.007481098175048828
1765400711.5443327,1928.768042267,0.009548425674438477
1765400711.5464013,1928.778039743,0.001619577407836914
1765400711.5484695,1928.778039743,0.0036878585815429688
1765400711.550539,1928.778039743,0.005757331848144531
1765400711.5525537,1928.778039743,0.007771968841552734
1765400711.5546353,1928.778039743,0.009853601455688477
1765400711.556693,1928.78804405,0.0019071102142333984
1765400711.5587475,1928.78804405,0.0039615631103515625
1765400711.560801,1928.78804405,0.00601506233215332
1765400711.5628707,1928.78804405,0.008084774017333984
1765400711.5649247,1928.78804405,0.010138750076293945
1765400711.5669796,1928.798041406,0.0021963119506835938
1765400711.569034,1928.798041406,0.004250764846801758
1765400711.5711079,1928.798041406,0.0063245296478271484
1765400711.5731666,1928.798041406,0.00838327407836914
1765400711.5752199,1928.808041956,0.00043582916259765625
1765400711.5772884,1928.808041956,0.0025043487548828125
1765400711.579357,1928.808041956,0.004572868347167969
1765400711.5814116,1928.808041956,0.006627559661865234
1765400711.5834796,1928.808041956,0.008695602416992188
1765400711.5855339,1928.818041226,0.0007505416870117188
1765400711.5875502,1928.818041226,0.002766847610473633
1765400711.5896182,1928.818041226,0.004834890365600586
1765400711.5916724,1928.818041226,0.0068891048431396484
1765400711.5937252,1928.818041226,0.008941888809204102
1765400711.5957782,1928.828042146,0.0009942054748535156
1765400711.5978312,1928.828042146,0.0030472278594970703
1765400711.599884,1928.828042146,0.0051000118255615234
1765400711.6019516,1928.828042146,0.0071675777435302734
1765400711.6040103,1928.828042146,0.009226322174072266
1765400711.6060643,1928.838043856,0.0012784004211425781
1765400711.6081197,1928.838043856,0.0033338069915771484
1765400711.610174,1928.838043856,0.005388021469116211
1765400711.6122267,1928.838043856,0.007440805435180664
1765400711.6142814,1928.838043856,0.00949549674987793
1765400711.6163585,1928.848041089,0.001575469970703125
1765400711.618414,1928.848041089,0.0036308765411376953
1765400711.6204677,1928.848041089,0.005684614181518555
1765400711.622538,1928.848041089,0.0077550411224365234
1765400711.6245496,1928.848041089,0.009766578674316406
1765400711.626618,1928.858041628,0.0018343925476074219
1765400711.628672,1928.858041628,0.003888368606567383
1765400711.6307268,1928.858041628,0.00594329833984375
1765400711.6327813,1928.858041628,0.007997751235961914
1765400711.6348352,1928.858041628,0.010051727294921875
1765400711.6368885,1928.868040428,0.002106189727783203
1765400711.6389418,1928.868040428,0.004159450531005859
1765400711.6409953,1928.868040428,0.006212949752807617
1765400711.643049,1928.868040428,0.008266687393188477
1765400711.6451173,1928.878040768,0.0003345012664794922
1765400711.647171,1928.878040768,0.0023882389068603516
1765400711.649224,1928.878040768,0.004441261291503906
1765400711.6512914,1928.878040768,0.006508588790893555
1765400711.6533453,1928.878040768,0.008562564849853516
1765400711.6554003,1928.888042067,0.0006163120269775391
1765400711.6574557,1928.888042067,0.0026717185974121094
1765400711.6595132,1928.888042067,0.004729270935058594
1765400711.6615517,1928.888042067,0.006767749786376953
1765400711.6636057,1928.888042067,0.008821725845336914
1765400711.6656768,1928.898041166,0.0008935928344726562
1765400711.667731,1928.898041166,0.0029478073120117188
1765400711.6697838,1928.898041166,0.005000591278076172
1765400711.6718366,1928.898041166,0.007053375244140625
1765400711.6738896,1928.898041166,0.00910639762878418
1765400711.6759424,1928.90804267,0.0011577606201171875
1765400711.6780102,1928.90804267,0.003225564956665039
1765400711.6800783,1928.90804267,0.005293607711791992
1765400711.6821322,1928.90804267,0.007347583770751953
1765400711.6841996,1928.90804267,0.009414911270141602
1765400711.686268,1928.918041167,0.0014848709106445312
1765400711.6883223,1928.918041167,0.0035390853881835938
1765400711.6903749,1928.918041167,0.005591630935668945
1765400711.6924427,1928.918041167,0.007659435272216797
1765400711.6945114,1928.918041167,0.009728193283081055
1765400711.6965678,1928.928040768,0.0017850399017333984
1765400711.6986217,1928.928040768,0.0038390159606933594
1765400711.7006743,1928.928040768,0.005891561508178711
1765400711.7027273,1928.928040768,0.007944583892822266
1765400711.7047868,1928.928040768,0.010004043579101562
1765400711.70684,1928.938042503,0.002055644989013672
1765400711.7089088,1928.938042503,0.00412440299987793
1765400711.7109632,1928.938042503,0.006178855895996094
1765400711.713018,1928.938042503,0.00823354721069336
1765400711.7150762,1928.948040138,0.00029397010803222656
1765400711.7171304,1928.948040138,0.002348184585571289
1765400711.7191882,1928.948040138,0.004405975341796875
1765400711.7212417,1928.948040138,0.006459474563598633
1765400711.7232947,1928.948040138,0.008512496948242188
1765400711.7253478,1928.958041188,0.0005645751953125
1765400711.7274156,1928.958041188,0.0026323795318603516
1765400711.7294838,1928.958041188,0.004700660705566406
1765400711.7315593,1928.958041188,0.006776094436645508
1765400711.733617,1928.958041188,0.008833885192871094
1765400711.7356706,1928.968042209,0.0008864402770996094
1765400711.7377234,1928.968042209,0.0029392242431640625
1765400711.7397773,1928.968042209,0.0049932003021240234
1765400711.7418303,1928.968042209,0.007046222686767578
1765400711.7438834,1928.968042209,0.009099245071411133
1765400711.7459514,1928.978041129,0.0011682510375976562
1765400711.74802,1928.978041129,0.0032367706298828125
1765400711.7500737,1928.978041129,0.005290508270263672
1765400711.7521265,1928.978041129,0.007343292236328125
1765400711.7541814,1928.978041129,0.009398221969604492
1765400711.7562566,1928.988042872,0.0014717578887939453
1765400711.7583137,1928.988042872,0.0035288333892822266
1765400711.7603757,1928.988042872,0.005590915679931641
1765400711.7624502,1928.988042872,0.007665395736694336
1765400711.7645044,1928.988042872,0.009719610214233398
1765400711.7665656,1928.998040453,0.001783132553100586
1765400711.7686343,1928.998040453,0.0038518905639648438
1765400711.7706902,1928.998040453,0.005907773971557617
1765400711.7727444,1928.998040453,0.00796198844909668
1765400711.7748191,1928.998040453,0.010036706924438477
1765400711.776894,1929.008042693,0.002109527587890625
1765400711.778949,1929.008042693,0.004164457321166992
1765400711.781002,1929.008042693,0.006217479705810547
1765400711.7830555,1929.008042693,0.008270978927612305
1765400711.7851088,1929.018040384,0.00032639503479003906
1765400711.787164,1929.018040384,0.002381563186645508
1765400711.789218,1929.018040384,0.004435539245605469
1765400711.7912724,1929.018040384,0.006489992141723633
1765400711.7933257,1929.018040384,0.008543252944946289
1765400711.7953787,1929.028041204,0.0005955696105957031
1765400711.7974463,1929.028041204,0.002663135528564453
1765400711.7995145,1929.028041204,0.004731416702270508
1765400711.801565,1929.028041204,0.006781816482543945
1765400711.8036208,1929.028041204,0.008837699890136719
1765400711.8056984,1929.038040363,0.0009160041809082031
1765400711.8077567,1929.038040363,0.002974271774291992
1765400711.8098125,1929.038040363,0.005030155181884766
1765400711.8118656,1929.038040363,0.00708317756652832
1765400711.8139188,1929.038040363,0.009136438369750977
1765400711.8159735,1929.048040193,0.0011913776397705078
1765400711.8180282,1929.048040193,0.0032460689544677734
1765400711.8200824,1929.048040193,0.005300283432006836
1765400711.8221376,1929.048040193,0.007355451583862305
1765400711.8241916,1929.048040193,0.009409427642822266
1765400711.8262591,1929.058041309,0.0014758110046386719
1765400711.828313,1929.058041309,0.003529787063598633
1765400711.830366,1929.058041309,0.005582571029663086
1765400711.8324337,1929.058041309,0.0076503753662109375
1765400711.8344896,1929.058041309,0.009706258773803711
1765400711.83657,1929.068041534,0.0017864704132080078
1765400711.8386261,1929.068041534,0.003842592239379883
1765400711.8406801,1929.068041534,0.005896568298339844
1765400711.8427567,1929.068041534,0.007973194122314453
1765400711.8448112,1929.068041534,0.010027647018432617
1765400711.8468642,1929.07804066,0.002081632614135742
1765400711.8489206,1929.07804066,0.004137992858886719
1765400711.850997,1929.07804066,0.0062143802642822266
1765400711.8530526,1929.07804066,0.008270025253295898
1765400711.8551083,1929.088042951,0.00032329559326171875
1765400711.8571637,1929.088042951,0.002378702163696289
1765400711.8592212,1929.088042951,0.0044362545013427734
1765400711.861276,1929.088042951,0.006490945816040039
1765400711.863331,1929.088042951,0.008546113967895508
1765400711.8653855,1929.098040776,0.00060272216796875
1765400711.8674552,1929.098040776,0.002672433853149414
1765400711.869525,1929.098040776,0.004742145538330078
1765400711.871552,1929.098040776,0.0067691802978515625
1765400711.8736064,1929.098040776,0.008823633193969727
1765400711.8756657,1929.108041897,0.0008816719055175781
1765400711.8776865,1929.108041897,0.002902507781982422
1765400711.8797414,1929.108041897,0.004957437515258789
1765400711.881795,1929.108041897,0.007010936737060547
1765400711.8838632,1929.108041897,0.009079217910766602
1765400711.8859174,1929.118040094,0.0011353492736816406
1765400711.8879714,1929.118040094,0.0031893253326416016
1765400711.89004,1929.118040094,0.005257844924926758
1765400711.8921096,1929.118040094,0.007327556610107422
1765400711.8941646,1929.118040094,0.009382486343383789
1765400711.8962333,1929.128042288,0.0014491081237792969
1765400711.8983018,1929.128042288,0.003517627716064453
1765400711.9003708,1929.128042288,0.0055866241455078125
1765400711.9024394,1929.128042288,0.007655143737792969
1765400711.9045086,1929.128042288,0.00972437858581543
1765400711.9065692,1929.138040972,0.0017862319946289062
1765400711.908626,1929.138040972,0.003843069076538086
1765400711.91068,1929.138040972,0.005897045135498047
1765400711.9127479,1929.138040972,0.007964849472045898
1765400711.9148018,1929.138040972,0.01001882553100586
1765400711.9168549,1929.148041067,0.002071857452392578
1765400711.9189076,1929.148041067,0.004124641418457031
1765400711.9209754,1929.148041067,0.006192445755004883
1765400711.9230442,1929.148041067,0.00826120376586914
1765400711.9251132,1929.158042642,0.0003285408020019531
1765400711.927167,1929.158042642,0.0023822784423828125
1765400711.9292345,1929.158042642,0.0044498443603515625
1765400711.931303,1929.158042642,0.006518363952636719
1765400711.9333713,1929.158042642,0.008586645126342773
1765400711.9354403,1929.168041466,0.0006568431854248047
1765400711.937509,1929.168041466,0.0027256011962890625
1765400711.9395669,1929.168041466,0.0047833919525146484
1765400711.9416208,1929.168041466,0.006837368011474609
1765400711.9436738,1929.168041466,0.008890390396118164
1765400711.9457266,1929.178041614,0.0009429454803466797
1765400711.9477944,1929.178041614,0.0030107498168945312
1765400711.949863,1929.178041614,0.0050792694091796875
1765400711.9519167,1929.178041614,0.007133007049560547
1765400711.9539697,1929.178041614,0.009186029434204102
1765400711.9560227,1929.188042305,0.0012383460998535156
1765400711.9580774,1929.188042305,0.0032930374145507812
1765400711.9601312,1929.188042305,0.005346775054931641
1765400711.962199,1929.188042305,0.007414579391479492
1765400711.9642673,1929.188042305,0.009482860565185547
1765400711.966343,1929.198040553,0.0015604496002197266
1765400711.9684117,1929.198040553,0.0036292076110839844
1765400711.9704804,1929.198040553,0.005697965621948242
1765400711.9725666,1929.198040553,0.007784128189086914
1765400711.9747787,1929.198040553,0.009996175765991211
1765400711.976842,1929.208041897,0.0020580291748046875
1765400711.9789057,1929.208041897,0.0041217803955078125
1765400711.9809687,1929.208041897,0.006184816360473633
1765400711.9830322,1929.208041897,0.008248329162597656
1765400711.985096,1929.218040474,0.0003135204315185547
1765400711.9871511,1929.218040474,0.0023686885833740234
1765400711.9892042,1929.218040474,0.004421710968017578
1765400711.9912703,1929.218040474,0.006487846374511719
1765400711.9933236,1929.218040474,0.008541107177734375
1765400711.9953763,1929.228041422,0.0005929470062255859
1765400711.9974442,1929.228041422,0.0026607513427734375
1765400711.9995127,1929.228041422,0.004729270935058594
1765400712.0015655,1929.228041422,0.006782054901123047
1765400712.0036194,1929.228041422,0.008836030960083008
1765400712.0056868,1929.238043067,0.0009016990661621094
1765400712.007741,1929.238043067,0.002955913543701172
1765400712.0098083,1929.238043067,0.00502324104309082
1765400712.011862,1929.238043067,0.00707697868347168
1765400712.0139148,1929.238043067,0.009129762649536133
1765400712.0159695,1929.248041814,0.0011856555938720703
1765400712.0180233,1929.248041814,0.0032393932342529297
1765400712.020076,1929.248041814,0.005292177200317383
1765400712.022129,1929.248041814,0.0073451995849609375
1765400712.024182,1929.248041814,0.009398221969604492
1765400712.0262349,1929.258041506,0.001451253890991211
1765400712.028288,1929.258041506,0.0035042762756347656
1765400712.030341,1929.258041506,0.00555729866027832
1765400712.0323937,1929.258041506,0.0076100826263427734
1765400712.0344465,1929.258041506,0.009662866592407227
1765400712.0365148,1929.268041752,0.0017309188842773438
1765400712.0385675,1929.268041752,0.003783702850341797
1765400712.0406213,1929.268041752,0.005837440490722656
1765400712.042674,1929.268041752,0.00789022445678711
1765400712.0447419,1929.268041752,0.009958028793334961
1765400712.046796,1929.278041181,0.002012968063354492
1765400712.0488636,1929.278041181,0.004080533981323242
1765400712.0509176,1929.278041181,0.006134510040283203
1765400712.0529706,1929.278041181,0.008187532424926758
1765400712.0550263,1929.288041659,0.00024271011352539062
1765400712.0570815,1929.288041659,0.0022978782653808594
1765400712.059136,1929.288041659,0.0043523311614990234
1765400712.0611894,1929.288041659,0.006405830383300781
1765400712.0632424,1929.288041659,0.008458852767944336
1765400712.0652955,1929.298041353,0.0005121231079101562
1765400712.0673625,1929.298041353,0.002579212188720703
1765400712.0694315,1929.298041353,0.0046482086181640625
1765400712.0715003,1929.298041353,0.00671696662902832
1765400712.0735652,1929.298041353,0.008781909942626953
1765400712.075634,1929.308042491,0.0008494853973388672
1765400712.0776877,1929.308042491,0.0029032230377197266
1765400712.0797408,1929.308042491,0.004956245422363281
1765400712.0818088,1929.308042491,0.007024288177490234
1765400712.0838628,1929.308042491,0.009078264236450195
1765400712.0859308,1929.318039647,0.0011491775512695312
1765400712.0879996,1929.318039647,0.003217935562133789
1765400712.090053,1929.318039647,0.005271434783935547
1765400712.0921059,1929.318039647,0.00732421875
1765400712.0941591,1929.318039647,0.009377479553222656
1765400712.096212,1929.328041584,0.001428365707397461
1765400712.098266,1929.328041584,0.003482341766357422
1765400712.1003187,1929.328041584,0.005535125732421875
1765400712.1023865,1929.328041584,0.0076029300689697266
1765400712.1044552,1929.328041584,0.009671688079833984
1765400712.106529,1929.338042756,0.0017442703247070312
1765400712.1085696,1929.338042756,0.0037848949432373047
1765400712.1106393,1929.338042756,0.005854606628417969
1765400712.1126933,1929.338042756,0.00790858268737793
1765400712.1147487,1929.338042756,0.0099639892578125
1765400712.1168044,1929.34804065,0.00202178955078125
1765400712.118873,1929.34804065,0.004090309143066406
1765400712.1209292,1929.34804065,0.006146669387817383
1765400712.1229827,1929.34804065,0.00820016860961914
1765400712.1250503,1929.358041578,0.00026679039001464844
1765400712.1271195,1929.358041578,0.0023360252380371094
1765400712.1291735,1929.358041578,0.00439000129699707
1765400712.131226,1929.358041578,0.006442546844482422
1765400712.133279,1929.358041578,0.008495569229125977
1765400712.1353483,1929.368041348,0.0005650520324707031
1765400712.137402,1929.368041348,0.0026187896728515625
1765400712.1394699,1929.368041348,0.004686594009399414
1765400712.1415384,1929.368041348,0.00675511360168457
1765400712.143565,1929.368041348,0.008781671524047852
1765400712.1456335,1929.378041061,0.0008504390716552734
1765400712.147701,1929.378041061,0.0029180049896240234
1765400712.1497552,1929.378041061,0.004972219467163086
1765400712.1518078,1929.378041061,0.0070247650146484375
1765400712.1538606,1929.378041061,0.00907754898071289
1765400712.1559155,1929.388042927,0.0011305809020996094
1765400712.1579971,1929.388042927,0.0032122135162353516
1765400712.1600735,1929.388042927,0.005288600921630859
1765400712.162128,1929.388042927,0.0073430538177490234
1765400712.1641977,1929.388042927,0.009412765502929688
1765400712.1662517,1929.39804084,0.0014688968658447266
1765400712.1683047,1929.39804084,0.0035219192504882812
1765400712.1703575,1929.39804084,0.005574703216552734
1765400712.1724102,1929.39804084,0.0076274871826171875
1765400712.1744776,1929.39804084,0.009694814682006836
1765400712.1765318,1929.408042359,0.0017473697662353516
1765400712.1785653,1929.408042359,0.003780841827392578
1765400712.1806192,1929.408042359,0.005834817886352539
1765400712.1826868,1929.408042359,0.007902383804321289
1765400712.184755,1929.408042359,0.009970664978027344
1765400712.1868236,1929.418041237,0.002040386199951172
1765400712.1888776,1929.418041237,0.004094362258911133
1765400712.1909304,1929.418041237,0.006147146224975586
1765400712.1929855,1929.418041237,0.008202314376831055
1765400712.1950402,1929.428041116,0.0002570152282714844
1765400712.1970937,1929.428041116,0.002310514450073242
1765400712.1991465,1929.428041116,0.004363298416137695
1765400712.201215,1929.428041116,0.0064318180084228516
1765400712.2032838,1929.428041116,0.00850057601928711
1765400712.205338,1929.438042894,0.000553131103515625
1765400712.207393,1929.438042894,0.002608060836791992
1765400712.2094707,1929.438042894,0.004685878753662109
1765400712.2115436,1929.438042894,0.006758689880371094
1765400712.213566,1929.438042894,0.008781194686889648
1765400712.215622,1929.448040002,0.0008399486541748047
1765400712.2176764,1929.448040002,0.0028944015502929688
1765400712.21973,1929.448040002,0.0049479007720947266
1765400712.2217836,1929.448040002,0.007001638412475586
1765400712.2238512,1929.448040002,0.009069204330444336
1765400712.225906,1929.458040867,0.0011229515075683594
1765400712.2279592,1929.458040867,0.0031762123107910156
1765400712.2300353,1929.458040867,0.005252361297607422
1765400712.232089,1929.458040867,0.007306098937988281
1765400712.2341576,1929.458040867,0.009374618530273438
1765400712.2362278,1929.468041669,0.001444101333618164
1765400712.2383027,1929.468041669,0.0035190582275390625
1765400712.2403567,1929.468041669,0.0055730342864990234
1765400712.2424104,1929.468041669,0.007626771926879883
1765400712.2444644,1929.468041669,0.009680747985839844
1765400712.2465181,1929.478042277,0.0017337799072265625
1765400712.24855,1929.478042277,0.003765583038330078
1765400712.2506182,1929.478042277,0.005833864212036133
1765400712.2526875,1929.478042277,0.007903099060058594
1765400712.254743,1929.478042277,0.009958744049072266
1765400712.2568157,1929.488041373,0.0020322799682617188
1765400712.2588747,1929.488041373,0.0040912628173828125
1765400712.2609308,1929.488041373,0.0061473846435546875
1765400712.2629843,1929.488041373,0.008200883865356445
1765400712.2650518,1929.498039664,0.0002701282501220703
1765400712.2671058,1929.498039664,0.0023241043090820312
1765400712.2691731,1929.498039664,0.00439143180847168
1765400712.271242,1929.498039664,0.0064601898193359375
1765400712.2732959,1929.498039664,0.008514165878295898
1765400712.275364,1929.508041641,0.0005803108215332031
1765400712.2774327,1929.508041641,0.002649068832397461
1765400712.279501,1929.508041641,0.004717350006103516
1765400712.2815647,1929.508041641,0.006781101226806641
1765400712.2836332,1929.508041641,0.008849620819091797
1765400712.2857015,1929.518041166,0.0009183883666992188
1765400712.2877555,1929.518041166,0.0029723644256591797
1765400712.2898228,1929.518041166,0.005039691925048828
1765400712.2918766,1929.518041166,0.0070934295654296875
1765400712.2939441,1929.518041166,0.009160995483398438
1765400712.295998,1929.528041595,0.0012145042419433594
1765400712.298052,1929.528041595,0.0032684803009033203
1765400712.3001056,1929.528041595,0.005321979522705078
1765400712.3021605,1929.528041595,0.007376909255981445
1765400712.3042355,1929.528041595,0.009451866149902344
1765400712.3062906,1929.538042698,0.0015058517456054688
1765400712.3083465,1929.538042698,0.003561735153198242
1765400712.3104,1929.538042698,0.005615234375
1765400712.3124528,1929.538042698,0.007668018341064453
1765400712.3145075,1929.538042698,0.009722709655761719
1765400712.316552,1929.548042102,0.001767873764038086
1765400712.3186278,1929.548042102,0.0038437843322753906
1765400712.3206832,1929.548042102,0.005899190902709961
1765400712.3227527,1929.548042102,0.007968664169311523
1765400712.3248067,1929.548042102,0.010022640228271484
1765400712.3268595,1929.558040917,0.0020766258239746094
1765400712.328927,1929.558040917,0.004144191741943359
1765400712.330996,1929.558040917,0.006213188171386719
1765400712.3330648,1929.558040917,0.008281946182250977
1765400712.335133,1929.568040541,0.0003504753112792969
1765400712.3372016,1929.568040541,0.002418994903564453
1765400712.3392699,1929.568040541,0.004487276077270508
1765400712.3413236,1929.568040541,0.006541013717651367
1765400712.3433914,1929.568040541,0.008608818054199219
1765400712.3454597,1929.578041803,0.0006759166717529297
1765400712.3475137,1929.578041803,0.0027298927307128906
1765400712.3495498,1929.578041803,0.004765987396240234
1765400712.3516178,1929.578041803,0.0068340301513671875
1765400712.3536737,1929.578041803,0.008889913558959961
1765400712.3557286,1929.588041076,0.0009455680847167969
1765400712.3577847,1929.588041076,0.003001689910888672
1765400712.3598428,1929.588041076,0.005059719085693359
1765400712.3619018,1929.588041076,0.007118701934814453
1765400712.3639748,1929.588041076,0.009191751480102539
1765400712.36603,1929.598040298,0.0012476444244384766
1765400712.3680866,1929.598040298,0.0033042430877685547
1765400712.3701408,1929.598040298,0.005358457565307617
1765400712.3722112,1929.598040298,0.007428884506225586
1765400712.374282,1929.598040298,0.009499549865722656
1765400712.3763366,1929.608041573,0.0015530586242675781
1765400712.3783896,1929.608041573,0.003606081008911133
1765400712.380457,1929.608041573,0.005673408508300781
1765400712.3825254,1929.608041573,0.0077419281005859375
1765400712.3845677,1929.608041573,0.009784221649169922
1765400712.386622,1929.618040648,0.0018393993377685547
1765400712.3886747,1929.618040648,0.003892183303833008
1765400712.3907428,1929.618040648,0.005960226058959961
1765400712.392797,1929.618040648,0.008014440536499023
1765400712.394863,1929.618040648,0.010080337524414062
1765400712.3969157,1929.628041742,0.002131938934326172
1765400712.3989837,1929.628041742,0.004199981689453125
1765400712.4010522,1929.628041742,0.006268501281738281
1765400712.403121,1929.628041742,0.008337259292602539
1765400712.4051752,1929.638041568,0.0003917217254638672
1765400712.4072306,1929.638041568,0.0024471282958984375
1765400712.4092863,1929.638041568,0.004502773284912109
1765400712.4113417,1929.638041568,0.00655817985534668
1765400712.413419,1929.638041568,0.008635520935058594
1765400712.4154773,1929.648042526,0.0006928443908691406
1765400712.4175313,1929.648042526,0.0027468204498291016
1765400712.4195676,1929.648042526,0.004783153533935547
1765400712.4216218,1929.648042526,0.006837368011474609
1765400712.4236748,1929.648042526,0.008890390396118164
1765400712.425853,1929.658040194,0.0010707378387451172
1765400712.427917,1929.658040194,0.0031347274780273438
1765400712.4299808,1929.658040194,0.005198478698730469
1765400712.4320445,1929.658040194,0.007262229919433594
1765400712.4341075,1929.658040194,0.009325265884399414
1765400712.4362133,1929.668040358,0.0014309883117675781
1765400712.4382682,1929.668040358,0.0034859180450439453
1765400712.4403214,1929.668040358,0.0055391788482666016
1765400712.4423745,1929.668040358,0.007592201232910156
1765400712.444442,1929.668040358,0.009659767150878906
1765400712.4465106,1929.678040724,0.0017278194427490234
1765400712.4485652,1929.678040724,0.003782510757446289
1765400712.4506195,1929.678040724,0.0058367252349853516
1765400712.4526722,1929.678040724,0.007889509201049805
1765400712.4547396,1929.678040724,0.009956836700439453
1765400712.4567933,1929.68804212,0.002009153366088867
1765400712.4588466,1929.68804212,0.0040624141693115234
1765400712.4608996,1929.68804212,0.006115436553955078
1765400712.4629524,1929.68804212,0.008168220520019531
1765400712.4650204,1929.698041174,0.0002372264862060547
1765400712.4670744,1929.698041174,0.0022912025451660156
1765400712.4691272,1929.698041174,0.004343986511230469
1765400712.4711797,1929.698041174,0.00639653205871582
1765400712.4732473,1929.698041174,0.00846409797668457
1765400712.4753013,1929.708042023,0.0005173683166503906
1765400712.4773688,1929.708042023,0.0025849342346191406
1765400712.4794226,1929.708042023,0.004638671875
1765400712.481492,1929.708042023,0.0067081451416015625
1765400712.4835656,1929.708042023,0.008781671524047852
1765400712.4856195,1929.71804017,0.0008373260498046875
1765400712.4876723,1929.71804017,0.0028901100158691406
1765400712.4897249,1929.71804017,0.004942655563354492
1765400712.4918094,1929.71804017,0.007027149200439453
1765400712.4938781,1929.71804017,0.009095907211303711
1765400712.4959478,1929.728041659,0.0011641979217529297
1765400712.4980013,1929.728041659,0.0032176971435546875
1765400712.5000558,1929.728041659,0.0052721500396728516
1765400712.5021086,1929.728041659,0.007324934005737305
1765400712.5041618,1929.728041659,0.009378194808959961
1765400712.506234,1929.738041035,0.0014510154724121094
1765400712.5083036,1929.738041035,0.0035207271575927734
1765400712.5103722,1929.738041035,0.00558924674987793
1765400712.5124407,1929.738041035,0.007657766342163086
1765400712.5144944,1929.738041035,0.009711503982543945
1765400712.5165653,1929.748041554,0.0017817020416259766
1765400712.518619,1929.748041554,0.003835439682006836
1765400712.520672,1929.748041554,0.005888462066650391
1765400712.5227392,1929.748041554,0.007955551147460938
1765400712.524793,1929.748041554,0.010009288787841797
1765400712.5268457,1929.758040328,0.002063274383544922
1765400712.5288985,1929.758040328,0.004116058349609375
1765400712.5309515,1929.758040328,0.00616908073425293
1765400712.5330186,1929.758040328,0.008236169815063477
1765400712.535087,1929.768040596,0.0003044605255126953
1765400712.5371554,1929.768040596,0.00237274169921875
1765400712.539209,1929.768040596,0.004426240921020508
1765400712.5412762,1929.768040596,0.006493568420410156
1765400712.54333,1929.768040596,0.008547306060791016
1765400712.545383,1929.778041416,0.0005996227264404297
1765400712.5474503,1929.778041416,0.002666950225830078
1765400712.5495186,1929.778041416,0.004735231399536133
1765400712.5515697,1929.778041416,0.006786346435546875
1765400712.553626,1929.778041416,0.008842706680297852
1765400712.555679,1929.788042124,0.0008950233459472656
1765400712.557732,1929.788042124,0.0029480457305908203
1765400712.5597858,1929.788042124,0.00500178337097168
1765400712.5618386,1929.788042124,0.007054567337036133
1765400712.5638914,1929.788042124,0.009107351303100586
1765400712.565959,1929.798041871,0.0011751651763916016
1765400712.5680127,1929.798041871,0.003228902816772461
1765400712.5700657,1929.798041871,0.005281925201416016
1765400712.572133,1929.798041871,0.007349252700805664
1765400712.5742047,1929.798041871,0.00942087173461914
1765400712.5762734,1929.808041355,0.0014901161193847656
1765400712.5783415,1929.808041355,0.0035581588745117188
1765400712.5803952,1929.808041355,0.005611896514892578
1765400712.582463,1929.808041355,0.00767970085144043
1765400712.5845313,1929.808041355,0.009747982025146484
1765400712.5865645,1929.818039936,0.0017826557159423828
1765400712.588633,1929.818039936,0.003851175308227539
1765400712.590687,1929.818039936,0.0059051513671875
1765400712.5927544,1929.818039936,0.007972478866577148
1765400712.594808,1929.818039936,0.010026216506958008
1765400712.5968611,1929.828041466,0.0020775794982910156
1765400712.5989282,1929.828041466,0.0041446685791015625
1765400712.600982,1929.828041466,0.006198406219482422
1765400712.6030347,1929.828041466,0.008251190185546875
1765400712.6050878,1929.838041635,0.00030422210693359375
1765400712.6071408,1929.838041635,0.0023572444915771484
1765400712.6091945,1929.838041635,0.004410982131958008
1765400712.6112473,1929.838041635,0.006463766098022461
1765400712.6133146,1929.838041635,0.00853109359741211
1765400712.6153684,1929.848040987,0.0005853176116943359
1765400712.6174357,1929.848040987,0.0026526451110839844
1765400712.6195045,1929.848040987,0.004721403121948242
1765400712.6215677,1929.848040987,0.006784677505493164
1765400712.6236227,1929.848040987,0.008839607238769531
1765400712.6256917,1929.858039621,0.0009100437164306641
1765400712.6277456,1929.858039621,0.002964019775390625
1765400712.6297984,1929.858039621,0.005016803741455078
1765400712.6318703,1929.858039621,0.007088661193847656
1765400712.633924,1929.858039621,0.009142398834228516
1765400712.635977,1929.868041476,0.0011935234069824219
1765400712.6380298,1929.868041476,0.003246307373046875
1765400712.6400976,1929.868041476,0.0053141117095947266
1765400712.642151,1929.868041476,0.007367610931396484
1765400712.6442187,1929.868041476,0.009435176849365234
1765400712.6462724,1929.87804156,0.0014889240264892578
1765400712.6483254,1929.87804156,0.0035419464111328125
1765400712.6503925,1929.87804156,0.005609035491943359
1765400712.6524465,1929.87804156,0.00766301155090332
1765400712.6544993,1929.87804156,0.009715795516967773
1765400712.6565657,1929.888042793,0.0017809867858886719
1765400712.6586354,1929.888042793,0.003850698471069336
1765400712.6607034,1929.888042793,0.005918741226196289
1765400712.6627727,1929.888042793,0.00798797607421875
1765400712.6648269,1929.898041459,4.3392181396484375e-05
1765400712.666895,1929.898041459,0.0021114349365234375
1765400712.668963,1929.898041459,0.004179477691650391
1765400712.671017,1929.898041459,0.0062334537506103516
1765400712.6730697,1929.898041459,0.008286237716674805
1765400712.6751373,1929.908041548,0.00035381317138671875
1765400712.6771913,1929.908041548,0.0024077892303466797
1765400712.679258,1929.908041548,0.004474639892578125
1765400712.6813903,1929.908041548,0.0066068172454833984
1765400712.6835797,1929.908041548,0.008796215057373047
1765400712.685635,1929.918040111,0.0008530616760253906
1765400712.6876986,1929.918040111,0.002916574478149414
1765400712.6897619,1929.918040111,0.004979848861694336
1765400712.6918256,1929.918040111,0.007043600082397461
1765400712.6938887,1929.918040111,0.009106636047363281
1765400712.6959436,1929.928041329,0.0011603832244873047
1765400712.6979969,1929.928041329,0.003213644027709961
1765400712.7000496,1929.928041329,0.005266427993774414
1765400712.7021024,1929.928041329,0.007319211959838867
1765400712.7041705,1929.928041329,0.00938725471496582
1765400712.7062395,1929.938040895,0.0014564990997314453
1765400712.7082937,1929.938040895,0.003510713577270508
1765400712.7103465,1929.938040895,0.005563497543334961
1765400712.7123992,1929.938040895,0.007616281509399414
1765400712.7144668,1929.938040895,0.009683847427368164
1765400712.7165587,1929.948041048,0.0017757415771484375
1765400712.7186148,1929.948041048,0.0038318634033203125
1765400712.7206678,1929.948041048,0.005884885787963867
1765400712.722721,1929.948041048,0.007938146591186523
1765400712.724774,1929.948041048,0.009990930557250977
1765400712.7268267,1929.958042311,0.0020422935485839844
1765400712.7288945,1929.958042311,0.004110097885131836
1765400712.7309484,1929.958042311,0.006164073944091797
1765400712.733016,1929.958042311,0.008231639862060547
1765400712.7350929,1929.968041308,0.0003094673156738281
1765400712.7371616,1929.968041308,0.002378225326538086
1765400712.7392435,1929.968041308,0.00446009635925293
1765400712.7413201,1929.968041308,0.006536722183227539
1765400712.7433941,1929.968041308,0.008610725402832031
1765400712.745449,1929.978041164,0.0006659030914306641
1765400712.7475176,1929.978041164,0.0027344226837158203
1765400712.7495506,1929.978041164,0.004767417907714844
1765400712.7516031,1929.978041164,0.006819963455200195
1765400712.7536721,1929.978041164,0.008888959884643555
1765400712.755731,1929.988042505,0.0009465217590332031
1765400712.7577863,1929.988042505,0.003001689910888672
1765400712.7598608,1929.988042505,0.005076169967651367
1765400712.761916,1929.988042505,0.007131338119506836
1765400712.76399,1929.988042505,0.009205341339111328
1765400712.766059,1929.998041521,0.0012753009796142578
1765400712.768113,1929.998041521,0.0033292770385742188
1765400712.7701657,1929.998041521,0.005382061004638672
1765400712.7722187,1929.998041521,0.0074350833892822266
1765400712.7742715,1929.998041521,0.00948786735534668
1765400712.776339,1930.008041786,0.0015552043914794922
1765400712.7783928,1930.008041786,0.0036089420318603516
1765400712.7804606,1930.008041786,0.005676746368408203
1765400712.7825294,1930.008041786,0.007745504379272461
1765400712.7845497,1930.008041786,0.009765863418579102
1765400712.7866175,1930.01804003,0.0018355846405029297
1765400712.788686,1930.01804003,0.003904104232788086
1765400712.7907417,1930.01804003,0.005959749221801758
1765400712.7927964,1930.01804003,0.008014440536499023
1765400712.7948513,1930.01804003,0.01006937026977539
1765400712.7969058,1930.028041626,0.002122163772583008
1765400712.7989235,1930.028041626,0.004139900207519531
1765400712.8009932,1930.028041626,0.006209611892700195
1765400712.8030627,1930.028041626,0.008279085159301758
1765400712.8051317,1930.038040567,0.0003490447998046875
1765400712.8072002,1930.038040567,0.0024175643920898438
1765400712.8092551,1930.038040567,0.004472494125366211
1765400712.8113084,1930.038040567,0.006525754928588867
1765400712.813376,1930.038040567,0.008593320846557617
1765400712.81543,1930.048041283,0.0006465911865234375
1765400712.8174827,1930.048041283,0.0026993751525878906
1765400712.8195581,1930.048041283,0.004774808883666992
1765400712.8216121,1930.048041283,0.006828784942626953
1765400712.8236794,1930.048041283,0.008896112442016602
1765400712.8257513,1930.058041314,0.0009679794311523438
1765400712.827806,1930.058041314,0.0030226707458496094
1765400712.8298588,1930.058041314,0.0050754547119140625
1765400712.8319116,1930.058041314,0.007128238677978516
1765400712.8339646,1930.058041314,0.00918126106262207
1765400712.8360322,1930.068040915,0.0012493133544921875
1765400712.8380864,1930.068040915,0.00330352783203125
1765400712.840139,1930.068040915,0.0053560733795166016
1765400712.8421922,1930.068040915,0.007409334182739258
1765400712.8442595,1930.068040915,0.009476661682128906
1765400712.8463137,1930.078042181,0.0015294551849365234
1765400712.8483508,1930.078042181,0.0035665035247802734
1765400712.850405,1930.078042181,0.005620718002319336
1765400712.852458,1930.078042181,0.007673740386962891
1765400712.8545258,1930.078042181,0.009741544723510742
1765400712.856552,1930.088041675,0.0017681121826171875
1765400712.858626,1930.088041675,0.0038421154022216797
1765400712.8606808,1930.088041675,0.005897045135498047
1765400712.862752,1930.088041675,0.00796818733215332
1765400712.8648086,1930.088041675,0.010024785995483398
1765400712.8668623,1930.098041117,0.0020792484283447266
1765400712.8689156,1930.098041117,0.004132509231567383
1765400712.8709848,1930.098041117,0.006201744079589844
1765400712.873053,1930.098041117,0.008270025253295898
1765400712.875122,1930.108041164,0.0003390312194824219
1765400712.877176,1930.108041164,0.002393007278442383
1765400712.8792288,1930.108041164,0.004445791244506836
1765400712.8812819,1930.108041164,0.006498813629150391
1765400712.8833497,1930.108041164,0.008566617965698242
1765400712.8854268,1930.118042027,0.0006427764892578125
1765400712.8874805,1930.118042027,0.002696514129638672
1765400712.8895578,1930.118042027,0.004773855209350586
1765400712.8916135,1930.118042027,0.006829500198364258
1765400712.8936713,1930.118042027,0.008887290954589844
1765400712.895727,1930.128040847,0.0009441375732421875
1765400712.8978128,1930.128040847,0.003030061721801758
1765400712.8998663,1930.128040847,0.005083560943603516
1765400712.9019358,1930.128040847,0.007153034210205078
1765400712.9039898,1930.128040847,0.009207010269165039
1765400712.9060428,1930.138042318,0.0012586116790771484
1765400712.9080968,1930.138042318,0.0033125877380371094
1765400712.910151,1930.138042318,0.005366802215576172
1765400712.9122186,1930.138042318,0.007434368133544922
1765400712.914287,1930.138042318,0.009502887725830078
1765400712.9163563,1930.148042195,0.0015721321105957031
1765400712.9184265,1930.148042195,0.0036423206329345703
1765400712.9204955,1930.148042195,0.00571131706237793
1765400712.9225686,1930.148042195,0.007784366607666016
1765400712.9246223,1930.148042195,0.009838104248046875
1765400712.926676,1930.158041417,0.0018925666809082031
1765400712.9287436,1930.158041417,0.003960132598876953
1765400712.9307966,1930.158041417,0.006013154983520508
1765400712.9328492,1930.158041417,0.00806570053100586
1765400712.9349022,1930.158041417,0.010118722915649414
1765400712.9369555,1930.168040512,0.0021729469299316406
1765400712.9390082,1930.168040512,0.004225730895996094
1765400712.9410613,1930.168040512,0.0062787532806396484
1765400712.9431145,1930.168040512,0.008332014083862305
1765400712.9451673,1930.178041339,0.0003838539123535156
1765400712.9472203,1930.178041339,0.0024368762969970703
1765400712.949273,1930.178041339,0.0044896602630615234
1765400712.951341,1930.178041339,0.006557464599609375
1765400712.9534094,1930.178041339,0.008625984191894531
1765400712.955491,1930.18804249,0.0007066726684570312
1765400712.9575512,1930.18804249,0.002766847610473633
1765400712.9596255,1930.18804249,0.0048410892486572266
1765400712.9616885,1930.18804249,0.006904125213623047
1765400712.963744,1930.18804249,0.008959531784057617
1765400712.9658127,1930.198041125,0.0010294914245605469
1765400712.9678683,1930.198041125,0.0030851364135742188
1765400712.969923,1930.198041125,0.005139827728271484
1765400712.9719768,1930.198041125,0.007193565368652344
1765400712.9740582,1930.198041125,0.009274959564208984
1765400712.9761152,1930.20804114,0.0013320446014404297
1765400712.9781685,1930.20804114,0.003385305404663086
1765400712.9802377,1930.20804114,0.005454540252685547
1765400712.9823062,1930.20804114,0.007523059844970703
1765400712.9843602,1930.20804114,0.009577035903930664
1765400712.9864295,1930.218039224,0.0016481876373291016
1765400712.988498,1930.218039224,0.003716707229614258
1765400712.9905677,1930.218039224,0.005786418914794922
1765400712.9926257,1930.218039224,0.00784444808959961
1765400712.994701,1930.218039224,0.00991964340209961
1765400712.9967594,1930.228041382,0.00197601318359375
1765400712.9988275,1930.228041382,0.004044055938720703
1765400713.0008817,1930.228041382,0.006098270416259766
1765400713.0029345,1930.228041382,0.008151054382324219
1765400713.004988,1930.238040973,0.00020503997802734375
1765400713.0070426,1930.238040973,0.0022597312927246094
1765400713.0090978,1930.238040973,0.004314899444580078
1765400713.0111659,1930.238040973,0.006382942199707031
1765400713.0132349,1930.238040973,0.00845193862915039
1765400713.015291,1930.248041438,0.0005075931549072266
1765400713.0173767,1930.248041438,0.0025932788848876953
1765400713.0194323,1930.248041438,0.004648923873901367
1765400713.0215018,1930.248041438,0.00671839714050293
1765400713.0235662,1930.248041438,0.00878286361694336
1765400713.025637,1930.258042216,0.0008528232574462891
1765400713.02769,1930.258042216,0.0029058456420898438
1765400713.0297575,1930.258042216,0.004973411560058594
1765400713.0318112,1930.258042216,0.007027149200439453
1765400713.0338643,1930.258042216,0.009080171585083008
1765400713.0359318,1930.268042219,0.0011475086212158203
1765400713.0379856,1930.268042219,0.0032012462615966797
1765400713.0400383,1930.268042219,0.005254030227661133
1765400713.042106,1930.268042219,0.007321596145629883
1765400713.0441744,1930.268042219,0.009390115737915039
1765400713.0462286,1930.278041177,0.0014455318450927734
1765400713.0482817,1930.278041177,0.003498554229736328
1765400713.050349,1930.278041177,0.0055658817291259766
1765400713.052432,1930.278041177,0.007648944854736328
1765400713.0545099,1930.278041177,0.009726762771606445
1765400713.0565805,1930.288040711,0.0017979145050048828
1765400713.0586405,1930.288040711,0.003857851028442383
1765400713.060713,1930.288040711,0.005930423736572266
1765400713.0627668,1930.288040711,0.007984161376953125
1765400713.0648198,1930.288040711,0.01003718376159668
1765400713.0668747,1930.298040859,0.0020918846130371094
1765400713.0689292,1930.298040859,0.0041463375091552734
1765400713.0709834,1930.298040859,0.006200551986694336
1765400713.0730371,1930.298040859,0.008254289627075195
1765400713.075105,1930.308040413,0.00032258033752441406
1765400713.0771592,1930.308040413,0.0023767948150634766
1765400713.0792267,1930.308040413,0.0044443607330322266
1765400713.0812948,1930.308040413,0.00651240348815918
1765400713.083351,1930.308040413,0.008568525314331055
1765400713.0854266,1930.318041625,0.0006430149078369141
1765400713.0874813,1930.318041625,0.0026977062225341797
1765400713.0895615,1930.318041625,0.0047779083251953125
1765400713.091617,1930.318041625,0.006833553314208984
1765400713.0936718,1930.318041625,0.00888824462890625
1765400713.0957448,1930.328041662,0.0009613037109375
1765400713.0978003,1930.328041662,0.0030167102813720703
1765400713.099853,1930.328041662,0.0050694942474365234
1765400713.1019247,1930.328041662,0.00714111328125
1765400713.1039782,1930.328041662,0.009194612503051758
1765400713.1060314,1930.338042316,0.0012471675872802734
1765400713.108086,1930.338042316,0.003301858901977539
1765400713.110154,1930.338042316,0.005369663238525391
1765400713.1122224,1930.338042316,0.007438182830810547
1765400713.114291,1930.338042316,0.009506702423095703
1765400713.1163466,1930.348041755,0.0015628337860107422
1765400713.1184006,1930.348041755,0.003616809844970703
1765400713.1204684,1930.348041755,0.005684614181518555
1765400713.1225371,1930.348041755,0.0077533721923828125
1765400713.1245666,1930.348041755,0.009782791137695312
1765400713.1266274,1930.358040991,0.0018444061279296875
1765400713.1286952,1930.358040991,0.003912210464477539
1765400713.130749,1930.358040991,0.0059659481048583984
1765400713.1328018,1930.358040991,0.008018732070922852
1765400713.134869,1930.358040991,0.0100860595703125
1765400713.1369228,1930.368041118,0.0021398067474365234
1765400713.1389759,1930.368041118,0.004192829132080078
1765400713.1410286,1930.368041118,0.006245613098144531
1765400713.1430814,1930.368041118,0.008298397064208984
1765400713.1451352,1930.378040805,0.0003523826599121094
1765400713.147188,1930.378040805,0.0024051666259765625
1765400713.149242,1930.378040805,0.0044591426849365234
1765400713.1512947,1930.378040805,0.0065119266510009766
1765400713.1533623,1930.378040805,0.008579492568969727
1765400713.1554182,1930.388040405,0.0006358623504638672
1765400713.1574738,1930.388040405,0.002691507339477539
1765400713.1595287,1930.388040405,0.004746437072753906
1765400713.16155,1930.388040405,0.006767749786376953
1765400713.1636033,1930.388040405,0.00882101058959961
1765400713.1656563,1930.39804124,0.0008730888366699219
1765400713.167709,1930.39804124,0.002925872802734375
1765400713.169777,1930.39804124,0.0049936771392822266
1765400713.1718452,1930.39804124,0.007061958312988281
1765400713.173899,1930.39804124,0.00911569595336914
1765400713.1759539,1930.408041378,0.0011703968048095703
1765400713.1780083,1930.408041378,0.0032248497009277344
1765400713.1800785,1930.408041378,0.0052950382232666016
1765400713.182134,1930.408041378,0.007350444793701172
1765400713.184187,1930.408041378,0.009403467178344727
1765400713.1862547,1930.418041272,0.0014715194702148438
1765400713.1883087,1930.418041272,0.0035254955291748047
1765400713.190377,1930.418041272,0.005593776702880859
1765400713.1924593,1930.418041272,0.007676124572753906
1765400713.1945162,1930.418041272,0.009732961654663086
1765400713.1965723,1930.428042202,0.0017881393432617188
1765400713.1986282,1930.428042202,0.003844022750854492
1765400713.2006962,1930.428042202,0.005912065505981445
1765400713.2027533,1930.428042202,0.007969141006469727
1765400713.204821,1930.428042202,0.010036945343017578
1765400713.2068753,1930.438044573,0.002088785171508789
1765400713.2089298,1930.438044573,0.004143238067626953
1765400713.2109828,1930.438044573,0.006196260452270508
1765400713.2130356,1930.438044573,0.008249044418334961
1765400713.2151058,1930.448042146,0.0003216266632080078
1765400713.2171745,1930.448042146,0.0023903846740722656
1765400713.2192285,1930.448042146,0.0044443607330322266
1765400713.2212813,1930.448042146,0.00649714469909668
1765400713.223349,1930.448042146,0.008564949035644531
1765400713.2254043,1930.458040569,0.000621795654296875
1765400713.2274573,1930.458040569,0.0026748180389404297
1765400713.2295244,1930.458040569,0.0047419071197509766
1765400713.2315655,1930.458040569,0.006783008575439453
1765400713.2336195,1930.458040569,0.008836984634399414
1765400713.2356722,1930.468041238,0.0008890628814697266
1765400713.23774,1930.468041238,0.002956867218017578
1765400713.2397938,1930.468041238,0.0050106048583984375
1765400713.2418468,1930.468041238,0.007063627243041992
1765400713.2438998,1930.468041238,0.009116649627685547
1765400713.2459679,1930.478039952,0.0011858940124511719
1765400713.2480369,1930.478039952,0.0032548904418945312
1765400713.2501056,1930.478039952,0.005323648452758789
1765400713.2521596,1930.478039952,0.00737762451171875
1765400713.254227,1930.478039952,0.009444952011108398
1765400713.2562828,1930.488041424,0.0014994144439697266
1765400713.2583652,1930.488041424,0.0035817623138427734
1765400713.260423,1930.488041424,0.005639553070068359
1765400713.262491,1930.488041424,0.0077075958251953125
1765400713.264565,1930.488041424,0.009781599044799805
1765400713.2666419,1930.498041114,0.0018587112426757812
1765400713.268696,1930.498041114,0.003912925720214844
1765400713.2707489,1930.498041114,0.005965709686279297
1765400713.2728019,1930.498041114,0.008018732070922852
1765400713.2748544,1930.498041114,0.010071277618408203
1765400713.2769222,1930.508042218,0.002137899398803711
1765400713.2789924,1930.508042218,0.004208087921142578
1765400713.281068,1930.508042218,0.006283760070800781
1765400713.283122,1930.508042218,0.008337736129760742
1765400713.2851782,1930.518040408,0.00039577484130859375
1765400713.2872324,1930.518040408,0.0024499893188476562
1765400713.289287,1930.518040408,0.004504680633544922
1765400713.2913418,1930.518040408,0.0065593719482421875
1765400713.2933962,1930.518040408,0.008613824844360352
1765400713.2954495,1930.528041543,0.0006659030914306641
1765400713.2975173,1930.528041543,0.0027337074279785156
1765400713.2995658,1930.528041543,0.004782199859619141
1765400713.3016214,1930.528041543,0.0068378448486328125
1765400713.3036761,1930.528041543,0.008892536163330078
1765400713.3057313,1930.538041823,0.0009474754333496094
1765400713.3077862,1930.538041823,0.0030024051666259766
1765400713.3098402,1930.538041823,0.0050563812255859375
1765400713.3119078,1930.538041823,0.0071239471435546875
1765400713.3139617,1930.538041823,0.009177923202514648
1765400713.3160443,1930.548042622,0.0012598037719726562
1765400713.3181012,1930.548042622,0.003316640853881836
1765400713.320173,1930.548042622,0.005388498306274414
1765400713.3222442,1930.548042622,0.0074596405029296875
1765400713.3243127,1930.548042622,0.009528160095214844
1765400713.326382,1930.558040256,0.0015997886657714844
1765400713.3284357,1930.558040256,0.0036535263061523438
1765400713.3305035,1930.558040256,0.005721330642700195
1765400713.3325496,1930.558040256,0.007767438888549805
1765400713.3346174,1930.558040256,0.009835243225097656
1765400713.336671,1930.56804139,0.0018877983093261719
1765400713.3387241,1930.56804139,0.0039408206939697266
1765400713.340777,1930.56804139,0.00599360466003418
1765400713.34283,1930.56804139,0.008046627044677734
1765400713.344883,1930.56804139,0.010099649429321289
1765400713.346936,1930.578041007,0.0021529197692871094
1765400713.3490036,1930.578041007,0.004220485687255859
1765400713.3510578,1930.578041007,0.006274700164794922
1765400713.3531249,1930.578041007,0.008341789245605469
1765400713.3551807,1930.588042839,0.0003960132598876953
1765400713.3572357,1930.588042839,0.0024509429931640625
1765400713.3592913,1930.588042839,0.004506587982177734
1765400713.3613453,1930.588042839,0.006560564041137695
1765400713.3633983,1930.588042839,0.00861358642578125
1765400713.365466,1930.598041802,0.0006823539733886719
1765400713.367535,1930.598041802,0.0027513504028320312
1765400713.3695657,1930.598041802,0.004781961441040039
1765400713.3716197,1930.598041802,0.0068359375
1765400713.3736868,1930.598041802,0.008903026580810547
1765400713.3757555,1930.608041485,0.0009720325469970703
1765400713.3778095,1930.608041485,0.0030260086059570312
1765400713.3798902,1930.608041485,0.005106687545776367
1765400713.381948,1930.608041485,0.007164478302001953
1765400713.3840015,1930.608041485,0.009217977523803711
1765400713.3860548,1930.618042309,0.0012705326080322266
1765400713.3881078,1930.618042309,0.0033235549926757812
1765400713.3901606,1930.618042309,0.005376338958740234
1765400713.3922415,1930.618042309,0.007457256317138672
1765400713.394298,1930.618042309,0.00951385498046875
1765400713.3963668,1930.628041181,0.0015835762023925781
1765400713.3984356,1930.628041181,0.003652334213256836
1765400713.4005044,1930.628041181,0.005721092224121094
1765400713.4025679,1930.628041181,0.007784605026245117
1765400713.4046366,1930.628041181,0.009853363037109375
1765400713.4066908,1930.638043855,0.0019049644470214844
1765400713.40876,1930.638043855,0.003974199295043945
1765400713.410817,1930.638043855,0.006031036376953125
1765400713.4128711,1930.638043855,0.008085250854492188
1765400713.4149246,1930.638043855,0.010138750076293945
1765400713.417005,1930.648041672,0.002221345901489258
1765400713.419063,1930.648041672,0.004279375076293945
1765400713.4211168,1930.648041672,0.006333112716674805
1765400713.42317,1930.648041672,0.008386373519897461
1765400713.4252374,1930.658039981,0.0004553794860839844
1765400713.4272914,1930.658039981,0.0025093555450439453
1765400713.4293442,1930.658039981,0.0045621395111083984
1765400713.4313972,1930.658039981,0.006615161895751953
1765400713.4334502,1930.658039981,0.008668184280395508
1765400713.435503,1930.668043262,0.0007176399230957031
1765400713.4375658,1930.668043262,0.002780437469482422
1765400713.4396193,1930.668043262,0.00483393669128418
1765400713.441672,1930.668043262,0.006886720657348633
1765400713.443725,1930.668043262,0.008939743041992188
1765400713.4457784,1930.678041233,0.0009951591491699219
1765400713.4478314,1930.678041233,0.0030481815338134766
1765400713.4498992,1930.678041233,0.005115985870361328
1765400713.451953,1930.678041233,0.0071697235107421875
1765400713.4540062,1930.678041233,0.009222984313964844
1765400713.4560869,1930.688042388,0.001302480697631836
1765400713.4581711,1930.688042388,0.0033867359161376953
1765400713.4602344,1930.688042388,0.005450010299682617
1765400713.4622898,1930.688042388,0.0075054168701171875
1765400713.464344,1930.688042388,0.00955963134765625
1765400713.4664028,1930.698041173,0.001619577407836914
1765400713.4684734,1930.698041173,0.0036902427673339844
1765400713.4705439,1930.698041173,0.005760669708251953
1765400713.4725518,1930.698041173,0.0077686309814453125
1765400713.4746077,1930.698041173,0.009824514389038086
1765400713.4766634,1930.708042383,0.001878976821899414
1765400713.4787202,1930.708042383,0.003935813903808594
1765400713.4807975,1930.708042383,0.006013154983520508
1765400713.482863,1930.708042383,0.008078575134277344
1765400713.4849203,1930.718041333,0.00013685226440429688
1765400713.486984,1930.718041333,0.002200603485107422
1765400713.4890432,1930.718041333,0.004259824752807617
1765400713.4910753,1930.718041333,0.006291866302490234
1765400713.4931207,1930.718041333,0.008337259292602539
1765400713.4951777,1930.728041159,0.00039458274841308594
1765400713.4972343,1930.728041159,0.002451181411743164
1765400713.4992912,1930.728041159,0.004508018493652344
1765400713.5013478,1930.728041159,0.006564617156982422
1765400713.5034044,1930.728041159,0.0086212158203125
1765400713.505467,1930.738041152,0.0006837844848632812
1765400713.5075276,1930.738041152,0.002744436264038086
1765400713.5095558,1930.738041152,0.004772663116455078
1765400713.5116189,1930.738041152,0.0068356990814208984
1765400713.5136783,1930.738041152,0.008895158767700195
1765400713.515736,1930.748041547,0.0009524822235107422
1765400713.517793,1930.748041547,0.003009319305419922
1765400713.51985,1930.748041547,0.005066394805908203
1765400713.5219066,1930.748041547,0.007122993469238281
1765400713.5239635,1930.748041547,0.009179830551147461
1765400713.5260203,1930.758042933,0.0012352466583251953
1765400713.5280826,1930.758042933,0.003297567367553711
1765400713.5301425,1930.758042933,0.005357503890991211
1765400713.5322,1930.758042933,0.007415056228637695
1765400713.5342572,1930.758042933,0.009472131729125977
1765400713.53632,1930.768040771,0.001537322998046875
1765400713.5383792,1930.768040771,0.0035965442657470703
1765400713.5404367,1930.768040771,0.005654096603393555
1765400713.5424998,1930.768040771,0.007717132568359375
1765400713.5445538,1930.768040771,0.009771108627319336
1765400713.546612,1930.778041614,0.0018284320831298828
1765400713.5486743,1930.778041614,0.0038907527923583984
1765400713.5507374,1930.778041614,0.005953788757324219
1765400713.5527954,1930.778041614,0.008011817932128906
1765400713.5548532,1930.778041614,0.010069608688354492
1765400713.5569117,1930.788041838,0.0021278858184814453
1765400713.5589712,1930.788041838,0.004187345504760742
1765400713.56104,1930.788041838,0.006256103515625
1765400713.5631003,1930.788041838,0.008316516876220703
1765400713.5651581,1930.79804193,0.0003743171691894531
1765400713.5672157,1930.79804193,0.0024318695068359375
1765400713.5692785,1930.79804193,0.004494667053222656
1765400713.571341,1930.79804193,0.0065572261810302734
1765400713.5734,1930.79804193,0.008616209030151367
1765400713.575458,1930.808041955,0.0006740093231201172
1765400713.5775151,1930.808041955,0.0027310848236083984
1765400713.5795536,1930.808041955,0.004769563674926758
1765400713.5816104,1930.808041955,0.0068264007568359375
1765400713.5836675,1930.808041955,0.008883476257324219
1765400713.585728,1930.818041604,0.0009443759918212891
1765400713.5877905,1930.818041604,0.0030069351196289062
1765400713.5898502,1930.818041604,0.005066633224487305
1765400713.5919075,1930.818041604,0.0071239471435546875
1765400713.5939653,1930.818041604,0.009181737899780273
1765400713.5960226,1930.828041078,0.0012395381927490234
1765400713.5980792,1930.828041078,0.0032961368560791016
1765400713.6001363,1930.828041078,0.005353212356567383
1765400713.602193,1930.828041078,0.0074100494384765625
1765400713.6042554,1930.828041078,0.009472370147705078
1765400713.6063154,1930.838042823,0.0015306472778320312
1765400713.6083744,1930.838042823,0.003589630126953125
1765400713.6104321,1930.838042823,0.005647420883178711
1765400713.612495,1930.838042823,0.00771021842956543
1765400713.6145558,1930.838042823,0.009771108627319336
1765400713.6166136,1930.848041617,0.0018301010131835938
1765400713.6186712,1930.848041617,0.003887653350830078
1765400713.620728,1930.848041617,0.005944490432739258
1765400713.622785,1930.848041617,0.008001565933227539
1765400713.6248424,1930.858042829,5.7697296142578125e-05
1765400713.6268632,1930.858042829,0.002078533172607422
1765400713.6289203,1930.858042829,0.004135608673095703
1765400713.6309774,1930.858042829,0.006192684173583984
1765400713.6330342,1930.858042829,0.008249521255493164
1765400713.6350915,1930.868041992,0.0003075599670410156
1765400713.6371539,1930.868041992,0.0023698806762695312
1765400713.6392136,1930.868041992,0.00442957878112793
1765400713.641271,1930.868041992,0.006487131118774414
1765400713.6433284,1930.868041992,0.008544445037841797
1765400713.6453562,1930.878041715,0.0005724430084228516
1765400713.647416,1930.878041715,0.0026323795318603516
1765400713.6494732,1930.878041715,0.004689455032348633
1765400713.6515303,1930.878041715,0.006746530532836914
1765400713.6535535,1930.878041715,0.008769750595092773
1765400713.65561,1930.88804108,0.0008270740509033203
1765400713.6576684,1930.88804108,0.0028853416442871094
1765400713.6597269,1930.88804108,0.00494384765625
1765400713.6617835,1930.88804108,0.007000446319580078
1765400713.66384,1930.88804108,0.009057044982910156
1765400713.6658967,1930.898041757,0.0011129379272460938
1765400713.6679533,1930.898041757,0.003169536590576172
1765400713.6700156,1930.898041757,0.0052318572998046875
1765400713.672075,1930.898041757,0.007291316986083984
1765400713.6741366,1930.898041757,0.009352922439575195
1765400713.6761937,1930.908040903,0.0014107227325439453
1765400713.6782506,1930.908040903,0.003467559814453125
1765400713.6803071,1930.908040903,0.005524158477783203
1765400713.6823664,1930.908040903,0.0075833797454833984
1765400713.6844232,1930.908040903,0.009640216827392578
1765400713.686468,1930.918041119,0.0016846656799316406
1765400713.688585,1930.918041119,0.0038018226623535156
1765400713.6906486,1930.918041119,0.005865335464477539
1765400713.6927128,1930.918041119,0.007929563522338867
1765400713.6947765,1930.918041119,0.009993314743041992
1765400713.6968405,1930.928040453,0.0020580291748046875
1765400713.698899,1930.928040453,0.004116535186767578
1765400713.7009559,1930.928040453,0.006173372268676758
1765400713.703013,1930.928040453,0.008230447769165039
1765400713.7050772,1930.938040793,0.0002944469451904297
1765400713.7071369,1930.938040793,0.002354145050048828
1765400713.7091944,1930.938040793,0.0044116973876953125
1765400713.7112517,1930.938040793,0.006469011306762695
1765400713.7133145,1930.938040793,0.008531808853149414
1765400713.715374,1930.948041841,0.0005900859832763672
1765400713.7174315,1930.948041841,0.0026476383209228516
1765400713.7194886,1930.948041841,0.004704713821411133
1765400713.7215452,1930.948041841,0.006761312484741211
1765400713.723553,1930.948041841,0.008769035339355469
1765400713.7256107,1930.958042156,0.0008265972137451172
1765400713.727673,1930.958042156,0.002888917922973633
1765400713.7297325,1930.958042156,0.00494837760925293
1765400713.73179,1930.958042156,0.007005929946899414
1765400713.7338474,1930.958042156,0.009063243865966797
1765400713.735876,1930.96804223,0.0010919570922851562
1765400713.7379367,1930.96804223,0.003152608871459961
1765400713.7399957,1930.96804223,0.005211591720581055
1765400713.7420528,1930.96804223,0.007268667221069336
1765400713.74411,1930.96804223,0.009325981140136719
1765400713.746167,1930.978042084,0.0013828277587890625
1765400713.7482238,1930.978042084,0.003439664840698242
1765400713.750286,1930.978042084,0.005501985549926758
1765400713.7523453,1930.978042084,0.007561206817626953
1765400713.754403,1930.978042084,0.009618997573852539
1765400713.75646,1930.988042936,0.0016751289367675781
1765400713.7585182,1930.988042936,0.003733396530151367
1765400713.7605546,1930.988042936,0.0057697296142578125
1765400713.7626114,1930.988042936,0.007826566696166992
1765400713.7646685,1930.988042936,0.009883642196655273
1765400713.766725,1930.998041918,0.0019412040710449219
1765400713.7687874,1930.998041918,0.0040035247802734375
1765400713.7708492,1930.998041918,0.00606536865234375
1765400713.7729082,1930.998041918,0.008124351501464844
1765400713.7749662,1931.008040877,0.00018334388732910156
1765400713.7770233,1931.008040877,0.002240419387817383
1765400713.7790802,1931.008040877,0.0042972564697265625
1765400713.781137,1931.008040877,0.006354093551635742
1765400713.7831938,1931.008040877,0.008410930633544922
1765400713.7852507,1931.018040405,0.00046825408935546875
1765400713.787313,1931.018040405,0.0025305747985839844
1765400713.7893724,1931.018040405,0.004590034484863281
1765400713.7914302,1931.018040405,0.006647825241088867
1765400713.7934873,1931.018040405,0.008704900741577148
1765400713.7955446,1931.028039419,0.0007631778717041016
1765400713.797553,1931.028039419,0.002771615982055664
1765400713.7996101,1931.028039419,0.004828691482543945
1765400713.801667,1931.028039419,0.006885528564453125
1765400713.803724,1931.028039419,0.008942604064941406
1765400713.8057907,1931.038042228,0.0010063648223876953
1765400713.807851,1931.038042228,0.0030667781829833984
1765400713.809909,1931.038042228,0.005124807357788086
1765400713.8119714,1931.038042228,0.0071871280670166016
1765400713.8140345,1931.038042228,0.009250164031982422
1765400713.8160925,1931.048041703,0.0013086795806884766
1765400713.8181522,1931.048041703,0.003368377685546875
1765400713.8202095,1931.048041703,0.005425691604614258
1765400713.8222663,1931.048041703,0.0074825286865234375
1765400713.8243234,1931.048041703,0.009539604187011719
1765400713.8263803,1931.058040296,0.0015978813171386719
1765400713.8284423,1931.058040296,0.003659963607788086
1765400713.8305018,1931.058040296,0.005719423294067383
1765400713.832554,1931.058040296,0.007771730422973633
1765400713.834611,1931.058040296,0.009828567504882812
1765400713.8366735,1931.068041739,0.0018897056579589844
1765400713.8387327,1931.068041739,0.00394892692565918
1765400713.8407905,1931.068041739,0.006006717681884766
1765400713.8428476,1931.068041739,0.008063793182373047
1765400713.844905,1931.078043584,0.00011920928955078125
1765400713.8469641,1931.078043584,0.0021784305572509766
1765400713.849027,1931.078043584,0.004241228103637695
1765400713.8510864,1931.078043584,0.006300687789916992
1765400713.8531444,1931.078043584,0.00835871696472168
1765400713.855205,1931.088041867,0.00042128562927246094
1765400713.8572626,1931.088041867,0.0024788379669189453
1765400713.8593202,1931.088041867,0.00453639030456543
1765400713.8613772,1931.088041867,0.006593465805053711
1765400713.863434,1931.088041867,0.00865030288696289
1765400713.865491,1931.098041806,0.0007071495056152344
1765400713.8675525,1931.098041806,0.0027687549591064453
1765400713.8696144,1931.098041806,0.004830598831176758
1765400713.8716764,1931.098041806,0.006892681121826172
1765400713.8737354,1931.098041806,0.008951663970947266
1765400713.875793,1931.108040597,0.0010104179382324219
1765400713.8778498,1931.108040597,0.0030672550201416016
1765400713.879907,1931.108040597,0.005124330520629883
1765400713.8819635,1931.108040597,0.007180929183959961
1765400713.8840206,1931.108040597,0.009238004684448242
1765400713.886078,1931.118041117,0.001294851303100586
1765400713.8881402,1931.118041117,0.0033571720123291016
1765400713.8902,1931.118041117,0.0054168701171875
1765400713.8922577,1931.118041117,0.007474660873413086
1765400713.894315,1931.118041117,0.009531974792480469
1765400713.8963747,1931.128041679,0.0015909671783447266
1765400713.898432,1931.128041679,0.0036482810974121094
1765400713.9004896,1931.128041679,0.005705833435058594
1765400713.9025462,1931.128041679,0.007762432098388672
1765400713.9045615,1931.128041679,0.00977778434753418
1765400713.9066212,1931.138041648,0.0018374919891357422
1765400713.9086788,1931.138041648,0.0038950443267822266
1765400713.9107358,1931.138041648,0.005952119827270508
1765400713.9127982,1931.138041648,0.008014440536499023
1765400713.9148574,1931.138041648,0.010073661804199219
1765400713.916915,1931.14804171,0.002131223678588867
1765400713.9189723,1931.14804171,0.00418853759765625
1765400713.921029,1931.14804171,0.00624537467956543
1765400713.9230862,1931.14804171,0.008302450180053711
1765400713.925143,1931.158040846,0.00036025047302246094
1765400713.9272058,1931.158040846,0.0024230480194091797
1765400713.9292657,1931.158040846,0.00448298454284668
1765400713.9313233,1931.158040846,0.006540536880493164
1765400713.9333806,1931.158040846,0.008597850799560547
1765400713.9354415,1931.168042254,0.0006573200225830078
1765400713.9375038,1931.168042254,0.0027196407318115234
1765400713.9395556,1931.168042254,0.00477147102355957
1765400713.9416132,1931.168042254,0.006829023361206055
1765400713.9436738,1931.168042254,0.00888967514038086
1765400713.9457312,1931.178040203,0.0009489059448242188
1765400713.947788,1931.178040203,0.0030057430267333984
1765400713.9498503,1931.178040203,0.005068063735961914
1765400713.9519103,1931.178040203,0.007128000259399414
1765400713.953968,1931.178040203,0.009185791015625
1765400713.9560256,1931.188042585,0.0012409687042236328
1765400713.9580832,1931.188042585,0.003298521041870117
1765400713.9601402,1931.188042585,0.0053555965423583984
1765400713.9621973,1931.188042585,0.00741267204284668
1765400713.9642541,1931.188042585,0.00946950912475586
1765400713.9663112,1931.198040464,0.0015287399291992188
1765400713.9683695,1931.198040464,0.003587007522583008
1765400713.970432,1931.198040464,0.005649566650390625
1765400713.9724917,1931.198040464,0.0077092647552490234
1765400713.9745545,1931.198040464,0.009772062301635742
1765400713.976612,1931.208040374,0.0018296241760253906
1765400713.9786694,1931.208040374,0.0038869380950927734
1765400713.9807262,1931.208040374,0.005943775177001953
1765400713.9827833,1931.208040374,0.008000850677490234
1765400713.9848402,1931.208040374,0.010057687759399414
1765400713.9869025,1931.218040903,0.0021195411682128906
1765400713.9889624,1931.218040903,0.004179477691650391
1765400713.99102,1931.218040903,0.006237030029296875
1765400713.9930773,1931.218040903,0.008294343948364258
1765400713.9951344,1931.228041675,0.00035071372985839844
1765400713.9971914,1931.228041675,0.0024077892303466797
1765400713.999248,1931.228041675,0.004464387893676758
1765400714.001305,1931.228041675,0.006521463394165039
1765400714.003362,1931.228041675,0.008578300476074219
1765400714.0054245,1931.238041585,0.000640869140625
1765400714.0074832,1931.238041585,0.002699613571166992
1765400714.0095408,1931.238041585,0.0047571659088134766
1765400714.0115557,1931.238041585,0.006772041320800781
1765400714.0136192,1931.238041585,0.008835554122924805
1765400714.0156796,1931.248042058,0.0008955001831054688
1765400714.0177372,1931.248042058,0.002953052520751953
1765400714.0197942,1931.248042058,0.005010128021240234
1765400714.021851,1931.248042058,0.007066965103149414
1765400714.023908,1931.248042058,0.009123802185058594
1765400714.025965,1931.25804066,0.0011823177337646484
1765400714.028027,1931.25804066,0.0032444000244140625
1765400714.030087,1931.25804066,0.0053043365478515625
1765400714.0321445,1931.25804066,0.007361888885498047
1765400714.0342019,1931.25804066,0.00941920280456543
1765400714.0362642,1931.268042412,0.0014798641204833984
1765400714.0383239,1931.268042412,0.003539562225341797
1765400714.0403814,1931.268042412,0.005597114562988281
1765400714.0424387,1931.268042412,0.007654428482055664
1765400714.0444958,1931.268042412,0.009711503982543945
1765400714.0465546,1931.278040272,0.0017724037170410156
1765400714.0486128,1931.278040272,0.0038306713104248047
1765400714.05067,1931.278040272,0.005887746810913086
1765400714.052727,1931.278040272,0.007944822311401367
1765400714.0547838,1931.278040272,0.010001659393310547
1765400714.056841,1931.288041559,0.002057313919067383
1765400714.0588977,1931.288041559,0.0041141510009765625
1765400714.0609546,1931.288041559,0.006170988082885742
1765400714.0630114,1931.288041559,0.008227825164794922
1765400714.0650682,1931.298041111,0.00028514862060546875
1765400714.0671284,1931.298041111,0.0023453235626220703
1765400714.0691907,1931.298041111,0.004407644271850586
1765400714.071253,1931.298041111,0.0064699649810791016
1765400714.073312,1931.298041111,0.008528947830200195
1765400714.0753725,1931.308041775,0.0005886554718017578
1765400714.0774298,1931.308041775,0.0026459693908691406
1765400714.0794866,1931.308041775,0.00470280647277832
1765400714.0815437,1931.308041775,0.0067598819732666016
1765400714.0835545,1931.308041775,0.00877070426940918
1765400714.0856113,1931.318041591,0.000827789306640625
1765400714.0876741,1931.318041591,0.0028905868530273438
1765400714.0897343,1931.318041591,0.004950761795043945
1765400714.0917923,1931.318041591,0.007008790969848633
1765400714.0938497,1931.318041591,0.009066104888916016
1765400714.0959065,1931.32804176,0.0011227130889892578
1765400714.0979638,1931.32804176,0.0031800270080566406
1765400714.1000206,1931.32804176,0.00523686408996582
1765400714.1020777,1931.32804176,0.0072939395904541016
1765400714.1041422,1931.32804176,0.009358406066894531
1765400714.106202,1931.33804242,0.001417398452758789
1765400714.10826,1931.33804242,0.0034754276275634766
1765400714.110317,1931.33804242,0.005532503128051758
1765400714.1123798,1931.33804242,0.0075953006744384766
1765400714.1144395,1931.33804242,0.009654998779296875
1765400714.1164978,1931.34804255,0.0017132759094238281
1765400714.1185536,1931.34804255,0.0037691593170166016
1765400714.1206105,1931.34804255,0.005825996398925781
1765400714.1226676,1931.34804255,0.007883071899414062
1765400714.1247246,1931.34804255,0.009940147399902344
1765400714.1267817,1931.35804123,0.001998424530029297
1765400714.128844,1931.35804123,0.0040607452392578125
1765400714.1309037,1931.35804123,0.006120443344116211
1765400714.1329618,1931.35804123,0.008178472518920898
1765400714.135019,1931.368042069,0.00023508071899414062
1765400714.1370819,1931.368042069,0.0022978782653808594
1765400714.1391416,1931.368042069,0.004357576370239258
1765400714.141199,1931.368042069,0.006415128707885742
1765400714.1432564,1931.368042069,0.008472442626953125
1765400714.1453133,1931.378039653,0.0005316734313964844
1765400714.1473703,1931.378039653,0.0025887489318847656
1765400714.1494331,1931.378039653,0.004651546478271484
1765400714.1514928,1931.378039653,0.006711244583129883
1765400714.153553,1931.378039653,0.008771419525146484
1765400714.1556103,1931.388042528,0.0008258819580078125
1765400714.1576672,1931.388042528,0.002882719039916992
1765400714.1597242,1931.388042528,0.0049397945404052734
1765400714.161783,1931.388042528,0.006998538970947266
1765400714.1638405,1931.388042528,0.00905609130859375
1765400714.165898,1931.398042935,0.0011131763458251953
1765400714.1679552,1931.398042935,0.0031702518463134766
1765400714.1700175,1931.398042935,0.005232572555541992
1765400714.1720796,1931.398042935,0.007294654846191406
1765400714.1741388,1931.398042935,0.009353876113891602
1765400714.176199,1931.408040773,0.0014162063598632812
1765400714.1782563,1931.408040773,0.003473520278930664
1765400714.1803133,1931.408040773,0.005530595779418945
1765400714.1823702,1931.408040773,0.007587432861328125
1765400714.184427,1931.408040773,0.009644269943237305
1765400714.1864903,1931.418042058,0.0017063617706298828
1765400714.1885536,1931.418042058,0.0037696361541748047
1765400714.1906111,1931.418042058,0.005827188491821289
1765400714.1926684,1931.418042058,0.007884502410888672
1765400714.194725,1931.418042058,0.00994110107421875
1765400714.1967824,1931.428040644,0.0019996166229248047
1765400714.1988423,1931.428040644,0.004059553146362305
1765400714.2008994,1931.428040644,0.006116628646850586
1765400714.2029562,1931.428040644,0.008173465728759766
1765400714.2050185,1931.438042755,0.0002338886260986328
1765400714.2070816,1931.438042755,0.002296924591064453
1765400714.2091393,1931.438042755,0.004354715347290039
1765400714.2111967,1931.438042755,0.006412029266357422
1765400714.213259,1931.438042755,0.008474349975585938
1765400714.2153187,1931.44804116,0.0005354881286621094
1765400714.2173762,1931.44804116,0.0025930404663085938
1765400714.2194333,1931.44804116,0.004650115966796875
1765400714.2214904,1931.44804116,0.006707191467285156
1765400714.2235513,1931.44804116,0.008768081665039062
1765400714.225608,1931.458040303,0.0008258819580078125
1765400714.2276707,1931.458040303,0.0028884410858154297
1765400714.2297304,1931.458040303,0.004948139190673828
1765400714.2317884,1931.458040303,0.007006168365478516
1765400714.2338455,1931.458040303,0.009063243865966797
1765400714.2359025,1931.46804147,0.0011191368103027344
1765400714.2379658,1931.46804147,0.0031824111938476562
1765400714.2400255,1931.46804147,0.005242109298706055
1765400714.2420833,1931.46804147,0.007299900054931641
1765400714.2441406,1931.46804147,0.009357213973999023
1765400714.246161,1931.478040233,0.001378774642944336
1765400714.2481828,1931.478040233,0.003400564193725586
1765400714.2502453,1931.478040233,0.005463123321533203
1765400714.2523048,1931.478040233,0.0075225830078125
1765400714.2543626,1931.478040233,0.009580373764038086
1765400714.2564204,1931.488042557,0.0016357898712158203
1765400714.2584772,1931.488042557,0.003692626953125
1765400714.2605345,1931.488042557,0.005749940872192383
1765400714.2625535,1931.488042557,0.007768869400024414
1765400714.26461,1931.488042557,0.009825468063354492
1765400714.266667,1931.498041976,0.0018830299377441406
1765400714.268729,1931.498041976,0.003945112228393555
1765400714.2707915,1931.498041976,0.006007671356201172
1765400714.2728508,1931.498041976,0.008066892623901367
1765400714.2749083,1931.508041128,0.0001251697540283203
1765400714.2769656,1931.508041128,0.002182483673095703
1765400714.2790222,1931.508041128,0.004239082336425781
1765400714.281079,1931.508041128,0.006295919418334961
1765400714.283136,1931.508041128,0.00835275650024414
1765400714.285193,1931.518041318,0.0004096031188964844
1765400714.2872558,1931.518041318,0.002472400665283203
1765400714.2893157,1931.518041318,0.004532337188720703
1765400714.2913733,1931.518041318,0.0065898895263671875
1765400714.2934308,1931.518041318,0.008647441864013672
1765400714.2954876,1931.528042528,0.0007030963897705078
1765400714.2975447,1931.528042528,0.002760171890258789
1765400714.2995546,1931.528042528,0.004770040512084961
1765400714.3016114,1931.528042528,0.006826877593994141
1765400714.3036695,1931.528042528,0.008884906768798828
1765400714.3057318,1931.538043956,0.0009458065032958984
1765400714.307792,1931.538043956,0.0030059814453125
1765400714.3098497,1931.538043956,0.005063772201538086
1765400714.3119125,1931.538043956,0.007126569747924805
1765400714.3139715,1931.538043956,0.009185552597045898
1765400714.3160288,1931.548041284,0.0012454986572265625
1765400714.3180861,1931.548041284,0.0033028125762939453
1765400714.3201432,1931.548041284,0.0053598880767822266
1765400714.3222,1931.548041284,0.007416725158691406
1765400714.3242571,1931.548041284,0.009473800659179688
1765400714.3263144,1931.558040983,0.001531362533569336
1765400714.3283768,1931.558040983,0.0035936832427978516
1765400714.33044,1931.558040983,0.0056569576263427734
1765400714.332498,1931.558040983,0.007714986801147461
1765400714.334554,1931.558040983,0.009770870208740234
1765400714.3366156,1931.568040523,0.0018329620361328125
1765400714.3386776,1931.568040523,0.0038950443267822266
1765400714.3407354,1931.568040523,0.0059528350830078125
1765400714.3427923,1931.568040523,0.008009672164916992
1765400714.344849,1931.568040523,0.010066509246826172
1765400714.346906,1931.578040033,0.0021238327026367188
1765400714.3489685,1931.578040033,0.004186391830444336
1765400714.3510282,1931.578040033,0.006246089935302734
1765400714.353086,1931.578040033,0.00830388069152832
1765400714.355143,1931.588041815,0.0003592967987060547
1765400714.3572004,1931.588041815,0.0024166107177734375
1765400714.359258,1931.588041815,0.004474163055419922
1765400714.361315,1931.588041815,0.006531238555908203
1765400714.363372,1931.588041815,0.008588314056396484
1765400714.3654292,1931.598042243,0.0006449222564697266
1765400714.367486,1931.598042243,0.0027017593383789062
1765400714.3695683,1931.598042243,0.004784107208251953
1765400714.3716307,1931.598042243,0.006846427917480469
1765400714.37369,1931.598042243,0.008905649185180664
1765400714.3757477,1931.608040615,0.000965118408203125
1765400714.3778045,1931.608040615,0.0030219554901123047
1765400714.3798618,1931.608040615,0.0050792694091796875
1765400714.3819187,1931.608040615,0.007136106491088867
1765400714.3839757,1931.608040615,0.009193181991577148
1765400714.3860328,1931.618041542,0.0012493133544921875
1765400714.3880954,1931.618041542,0.0033118724822998047
1765400714.3901556,1931.618041542,0.005372047424316406
1765400714.3922133,1931.618041542,0.007429838180541992
1765400714.3942707,1931.618041542,0.009487152099609375
1765400714.396328,1931.628041483,0.0015444755554199219
1765400714.3983848,1931.628041483,0.0036013126373291016
1765400714.4004416,1931.628041483,0.005658149719238281
1765400714.4024985,1931.628041483,0.007714986801147461
1765400714.404563,1931.628041483,0.00977945327758789
1765400714.406623,1931.638042074,0.0018389225006103516
1765400714.408681,1931.638042074,0.003896951675415039
1765400714.4107382,1931.638042074,0.005954265594482422
1765400714.4128008,1931.638042074,0.008016824722290039
1765400714.4148605,1931.648041851,7.653236389160156e-05
1765400714.4169183,1931.648041851,0.0021343231201171875
1765400714.418975,1931.648041851,0.004191160202026367
1765400714.4210324,1931.648041851,0.00624847412109375
1765400714.4230895,1931.648041851,0.008305549621582031
1765400714.4251463,1931.658040477,0.0003638267517089844
1765400714.427204,1931.658040477,0.0024213790893554688
1765400714.429261,1931.658040477,0.00447845458984375
1765400714.431318,1931.658040477,0.006535530090332031
1765400714.4333756,1931.658040477,0.008593082427978516
1765400714.4354327,1931.668041856,0.0006487369537353516
1765400714.4374952,1931.668041856,0.0027112960815429688
1765400714.439556,1931.668041856,0.0047719478607177734
1765400714.441614,1931.668041856,0.006829977035522461
1765400714.443671,1931.668041856,0.008887052536010742
1765400714.4457283,1931.678041469,0.0009448528289794922
1765400714.447786,1931.678041469,0.003002643585205078
1765400714.4498487,1931.678041469,0.005065202713012695
1765400714.451908,1931.678041469,0.007124662399291992
1765400714.4539661,1931.678041469,0.00918269157409668
1765400714.4560232,1931.68804163,0.0012395381927490234
1765400714.4580805,1931.68804163,0.0032968521118164062
1765400714.460142,1931.68804163,0.005358219146728516
1765400714.462199,1931.68804163,0.007415294647216797
1765400714.4642563,1931.68804163,0.00947260856628418
1765400714.4663131,1931.698041705,0.0015294551849365234
1765400714.4683726,1931.698041705,0.0035889148712158203
1765400714.4704351,1931.698041705,0.0056514739990234375
1765400714.4724975,1931.698041705,0.007713794708251953
1765400714.4745557,1931.698041705,0.009772062301635742
1765400714.4766135,1931.708042323,0.0018291473388671875
1765400714.4786708,1931.708042323,0.0038864612579345703
1765400714.4807274,1931.708042323,0.0059430599212646484
1765400714.4827845,1931.708042323,0.00800013542175293
1765400714.4848473,1931.708042323,0.010062932968139648
1765400714.4868734,1931.71804314,0.002088308334350586
1765400714.4889326,1931.71804314,0.004147529602050781
1765400714.49099,1931.71804314,0.006204843521118164
1765400714.493047,1931.71804314,0.008261919021606445
1765400714.495104,1931.72804127,0.0003209114074707031
1765400714.497161,1931.72804127,0.002377748489379883
1765400714.499218,1931.72804127,0.004434823989868164
1765400714.5012748,1931.72804127,0.006491661071777344
1765400714.5033317,1931.72804127,0.008548498153686523
1765400714.505394,1931.738041847,0.0006101131439208984
1765400714.5074537,1931.738041847,0.002669811248779297
1765400714.5095406,1931.738041847,0.0047566890716552734
1765400714.5115817,1931.738041847,0.00679779052734375
1765400714.513647,1931.738041847,0.008863210678100586
1765400714.5157065,1931.748041565,0.0009229183197021484
1765400714.517791,1931.748041565,0.0030074119567871094
1765400714.5198762,1931.748041565,0.005092620849609375
1765400714.5219612,1931.748041565,0.007177591323852539
1765400714.5240207,1931.748041565,0.009237051010131836
1765400714.5261033,1931.758040738,0.0013206005096435547
1765400714.5281851,1931.758040738,0.0034024715423583984
1765400714.5302448,1931.758040738,0.005462169647216797
1765400714.532302,1931.758040738,0.007519245147705078
1765400714.5343585,1931.758040738,0.009575843811035156
1765400714.5364213,1931.768042708,0.001636505126953125
1765400714.5385008,1931.768042708,0.003715991973876953
1765400714.5405846,1931.768042708,0.005799770355224609
1765400714.542671,1931.768042708,0.007886171340942383
1765400714.544731,1931.768042708,0.009946107864379883
1765400714.5467885,1931.778041421,0.0020051002502441406
1765400714.5488758,1931.778041421,0.00409245491027832
1765400714.5509357,1931.778041421,0.00615239143371582
1765400714.5529933,1931.778041421,0.008209943771362305
1765400714.5550761,1931.788042734,0.0002913475036621094
1765400714.5571623,1931.788042734,0.0023775100708007812
1765400714.559223,1931.788042734,0.004438161849975586
1765400714.5612803,1931.788042734,0.006495475769042969
1765400714.5633376,1931.788042734,0.008552789688110352
1765400714.5653949,1931.798041499,0.0006113052368164062
1765400714.5674777,1931.798041499,0.0026941299438476562
1765400714.569543,1931.798041499,0.004759311676025391
1765400714.5716045,1931.798041499,0.0068209171295166016
1765400714.5736637,1931.798041499,0.008880138397216797
1765400714.5757215,1931.808041246,0.0009381771087646484
1765400714.5777786,1931.808041246,0.0029952526092529297
1765400714.579836,1931.808041246,0.0050525665283203125
1765400714.5819185,1931.808041246,0.007135152816772461
1765400714.583978,1931.808041246,0.009194612503051758
1765400714.586035,1931.818041712,0.001251220703125
1765400714.588139,1931.818041712,0.003355264663696289
1765400714.5901988,1931.818041712,0.0054149627685546875
1765400714.592302,1931.818041712,0.007518291473388672
1765400714.5943875,1931.818041712,0.009603738784790039
1765400714.5964746,1931.828040149,0.0016925334930419922
1765400714.5985796,1931.828040149,0.0037975311279296875
1765400714.600642,1931.828040149,0.005859851837158203
1765400714.6027248,1931.828040149,0.007942676544189453
1765400714.60479,1931.828040149,0.010007858276367188
1765400714.6068864,1931.83804362,0.002100706100463867
1765400714.6089761,1931.83804362,0.0041904449462890625
1765400714.6110628,1931.83804362,0.0062770843505859375
1765400714.6131659,1931.83804362,0.00838017463684082
1765400714.6152606,1931.848040469,0.0004780292510986328
1765400714.6173203,1931.848040469,0.0025377273559570312
1765400714.6193776,1931.848040469,0.004595041275024414
1765400714.6214614,1931.848040469,0.00667881965637207
1765400714.6235466,1931.848040469,0.008764028549194336
1765400714.6256163,1931.85804068,0.0008337497711181641
1765400714.6276734,1931.85804068,0.0028908252716064453
1765400714.6297302,1931.85804068,0.004947662353515625
1765400714.631812,1931.85804068,0.007029533386230469
1765400714.6338718,1931.85804068,0.009089231491088867
1765400714.635929,1931.86804132,0.0011458396911621094
1765400714.63804,1931.86804132,0.0032567977905273438
1765400714.6401038,1931.86804132,0.005320549011230469
1765400714.6421616,1931.86804132,0.007378339767456055
1765400714.6442192,1931.86804132,0.009435892105102539
1765400714.6462789,1931.878040024,0.0014967918395996094
1765400714.6483366,1931.878040024,0.0035545825958251953
1765400714.650419,1931.878040024,0.005636930465698242
1765400714.6525047,1931.878040024,0.007722616195678711
1765400714.6545792,1931.878040024,0.009797096252441406
1765400714.6566641,1931.888043152,0.001878976821899414
1765400714.6587481,1931.888043152,0.003962993621826172
1765400714.6608334,1931.888043152,0.0060482025146484375
1765400714.6629171,1931.888043152,0.008131980895996094
1765400714.6650012,1931.898040166,0.00021910667419433594
1765400714.6670847,1931.898040166,0.0023026466369628906
1765400714.6691504,1931.898040166,0.004368305206298828
1765400714.6712132,1931.898040166,0.006431102752685547
1765400714.673305,1931.898040166,0.008522987365722656
1765400714.6753922,1931.908041374,0.0006086826324462891
1765400714.677478,1931.908041374,0.0026946067810058594
1765400714.6795735,1931.908041374,0.004790067672729492
1765400714.6816328,1931.908041374,0.0068492889404296875
1765400714.68369,1931.908041374,0.00890660285949707
1765400714.6857727,1931.918040577,0.000990152359008789
1765400714.6878374,1931.918040577,0.0030548572540283203
1765400714.689897,1931.918040577,0.005114555358886719
1765400714.6919549,1931.918040577,0.007172346115112305
1765400714.6940122,1931.918040577,0.009229660034179688
1765400714.6960952,1931.928040301,0.0013129711151123047
1765400714.6981547,1931.928040301,0.0033724308013916016
1765400714.700212,1931.928040301,0.005429744720458984
1765400714.702294,1931.928040301,0.00751185417175293
1765400714.704353,1931.928040301,0.009570837020874023
1765400714.7064102,1931.938042085,0.0016260147094726562
1765400714.7084932,1931.938042085,0.003709077835083008
1765400714.7105818,1931.938042085,0.005797624588012695
1765400714.7126467,1931.938042085,0.007862567901611328
1765400714.7147424,1931.938042085,0.009958267211914062
1765400714.7168038,1931.948041781,0.002020120620727539
1765400714.7188613,1931.948041781,0.0040776729583740234
1765400714.7209182,1931.948041781,0.006134510040283203
1765400714.7230008,1931.948041781,0.008217096328735352
1765400714.7251024,1931.958041718,0.00031876564025878906
1765400714.7271874,1931.958041718,0.002403736114501953
1765400714.7292476,1931.958041718,0.004463911056518555
1765400714.7313294,1931.958041718,0.0065457820892333984
1765400714.733426,1931.958041718,0.008642435073852539
1765400714.735511,1931.968041914,0.0007271766662597656
1765400714.7375588,1931.968041914,0.002774953842163086
1765400714.7396183,1931.968041914,0.004834413528442383
1765400714.7416763,1931.968041914,0.00689244270324707
1765400714.7437596,1931.968041914,0.008975744247436523
1765400714.7458456,1931.978040085,0.0010635852813720703
1765400714.7479055,1931.978040085,0.0031235218048095703
1765400714.7499626,1931.978040085,0.0051805973052978516
1765400714.7520194,1931.978040085,0.007237434387207031
1765400714.7540767,1931.978040085,0.009294748306274414
1765400714.7561338,1931.988041667,0.0013501644134521484
1765400714.7582164,1931.988041667,0.003432750701904297
1765400714.7603023,1931.988041667,0.005518674850463867
1765400714.7623625,1931.988041667,0.007578849792480469
1765400714.7644255,1931.988041667,0.009641885757446289
1765400714.7665114,1931.998040324,0.0017290115356445312
1765400714.7685792,1931.998040324,0.003796815872192383
1765400714.7706935,1931.998040324,0.005911111831665039
1765400714.7728024,1931.998040324,0.00801992416381836
1765400714.7748618,1931.998040324,0.010079383850097656
1765400714.7769196,1932.008041973,0.002135753631591797
1765400714.7790022,1932.008041973,0.004218339920043945
1765400714.781062,1932.008041973,0.006278038024902344
1765400714.7831192,1932.008041973,0.008335351943969727
1765400714.785176,1932.018040339,0.0003936290740966797
1765400714.7872384,1932.018040339,0.0024559497833251953
1765400714.7893343,1932.018040339,0.004551887512207031
1765400714.7913961,1932.018040339,0.006613731384277344
1765400714.7934797,1932.018040339,0.008697271347045898
1765400714.7955399,1932.028040439,0.0007574558258056641
1765400714.7975817,1932.028040439,0.0027992725372314453
1765400714.7996666,1932.028040439,0.004884243011474609
1765400714.8017519,1932.028040439,0.006969451904296875
1765400714.8038116,1932.028040439,0.009029150009155273
1765400714.805871,1932.038043044,0.0010859966278076172
1765400714.8079288,1932.038043044,0.003143787384033203
1765400714.810011,1932.038043044,0.0052258968353271484
1765400714.812057,1932.038043044,0.007272005081176758
1765400714.8141139,1932.038043044,0.009328842163085938
1765400714.816195,1932.048041816,0.0014111995697021484
1765400714.81828,1932.048041816,0.0034961700439453125
1765400714.8203394,1932.048041816,0.005555629730224609
1765400714.8223965,1932.048041816,0.007612705230712891
1765400714.8244767,1932.048041816,0.009692907333374023
1765400714.8265767,1932.058042102,0.0017926692962646484
1765400714.8286593,1932.058042102,0.003875255584716797
1765400714.8307428,1932.058042102,0.0059587955474853516
1765400714.832802,1932.058042102,0.008018016815185547
1765400714.8348832,1932.058042102,0.010099172592163086
1765400714.8369482,1932.068041862,0.0021643638610839844
1765400714.839043,1932.068041862,0.0042591094970703125
1765400714.8411305,1932.068041862,0.006346702575683594
1765400714.8432164,1932.068041862,0.008432626724243164
1765400714.8452764,1932.078040191,0.0004942417144775391
1765400714.847362,1932.078040191,0.002579927444458008
1765400714.849422,1932.078040191,0.004639863967895508
1765400714.8515046,1932.078040191,0.006722450256347656
1765400714.8535807,1932.078040191,0.008798599243164062
1765400714.8556662,1932.088042171,0.0008819103240966797
1765400714.8577669,1932.088042171,0.002982616424560547
1765400714.8598256,1932.088042171,0.005041360855102539
1765400714.8619075,1932.088042171,0.007123231887817383
1765400714.8639927,1932.088042171,0.009208440780639648
1765400714.866088,1932.098039676,0.001306295394897461
1765400714.8681476,1932.098039676,0.0033659934997558594
1765400714.870247,1932.098039676,0.005465269088745117
1765400714.8723092,1932.098039676,0.007527589797973633
1765400714.8743682,1932.098039676,0.009586572647094727
1765400714.8764536,1932.108041244,0.0016703605651855469
1765400714.878539,1932.108041244,0.003755807876586914
1765400714.8805823,1932.108041244,0.005799055099487305
1765400714.882642,1932.108041244,0.007858753204345703
1765400714.8847246,1932.108041244,0.009941339492797852
1765400714.8868132,1932.118041151,0.0020301342010498047
1765400714.8888726,1932.118041151,0.0040895938873291016
1765400714.8909297,1932.118041151,0.006146669387817383
1765400714.8929865,1932.118041151,0.008203506469726562
1765400714.8950682,1932.12804073,0.0002853870391845703
1765400714.8971276,1932.12804073,0.002344846725463867
1765400714.8991847,1932.12804073,0.0044019222259521484
1765400714.9012678,1932.12804073,0.0064849853515625
1765400714.903327,1932.12804073,0.008544206619262695
1765400714.9053838,1932.138042229,0.0005996227264404297
1765400714.907466,1932.138042229,0.002681732177734375
1765400714.9095628,1932.138042229,0.004778623580932617
1765400714.9116228,1932.138042229,0.006838560104370117
1765400714.9137049,1932.138042229,0.008920669555664062
1765400714.9157646,1932.14804122,0.0009813308715820312
1765400714.9178214,1932.14804122,0.003038167953491211
1765400714.9198785,1932.14804122,0.005095243453979492
1765400714.921935,1932.14804122,0.00715184211730957
1765400714.9239922,1932.14804122,0.009208917617797852
1765400714.926049,1932.158042261,0.001264810562133789
1765400714.9281065,1932.158042261,0.0033223628997802734
1765400714.9301631,1932.158042261,0.0053789615631103516
1765400714.9322202,1932.158042261,0.007436037063598633
1765400714.934277,1932.158042261,0.009492874145507812
1765400714.936334,1932.168041802,0.0015501976013183594
1765400714.9383967,1932.168041802,0.003612995147705078
1765400714.9404924,1932.168041802,0.0057086944580078125
1765400714.9425836,1932.168041802,0.007799863815307617
1765400714.9446437,1932.168041802,0.009860038757324219
1765400714.9467268,1932.178041047,0.001943826675415039
1765400714.9488132,1932.178041047,0.0040302276611328125
1765400714.9508986,1932.178041047,0.00611567497253418
1765400714.952984,1932.178041047,0.008201122283935547
1765400714.9550443,1932.188042666,0.00025963783264160156
1765400714.9571013,1932.188042666,0.002316713333129883
1765400714.9591842,1932.188042666,0.004399538040161133
1765400714.9612436,1932.188042666,0.00645899772644043
1765400714.963326,1932.188042666,0.008541345596313477
1765400714.9653883,1932.198039771,0.000606536865234375
1765400714.9674716,1932.198039771,0.002689838409423828
1765400714.9695368,1932.198039771,0.0047550201416015625
1765400714.9715607,1932.198039771,0.0067789554595947266
1765400714.97362,1932.198039771,0.008838176727294922
1765400714.9756773,1932.20804097,0.0008943080902099609
1765400714.977759,1932.20804097,0.002975940704345703
1765400714.9798188,1932.20804097,0.005035877227783203
1765400714.9818754,1932.20804097,0.007092475891113281
1765400714.9839325,1932.20804097,0.009149551391601562
1765400714.9860141,1932.218040651,0.0012314319610595703
1765400714.9880767,1932.218040651,0.0032939910888671875
1765400714.9901338,1932.218040651,0.005351066589355469
1765400714.9922147,1932.218040651,0.007431983947753906
1765400714.9942744,1932.218040651,0.009491682052612305
1765400714.9963667,1932.228040078,0.001584768295288086
1765400714.9984512,1932.228040078,0.003669261932373047
1765400715.000535,1932.228040078,0.005753040313720703
1765400715.0025787,1932.228040078,0.007796764373779297
1765400715.0046628,1932.228040078,0.009880781173706055
1765400715.0067475,1932.238041824,0.0019636154174804688
1765400715.008807,1932.238041824,0.004023075103759766
1765400715.0108635,1932.238041824,0.006079673767089844
1765400715.0129206,1932.238041824,0.008136749267578125
1765400715.0149775,1932.248040897,0.000194549560546875
1765400715.0170343,1932.248040897,0.0022513866424560547
1765400715.0191157,1932.248040897,0.004332780838012695
1765400715.0211751,1932.248040897,0.006392240524291992
1765400715.0232565,1932.248040897,0.008473634719848633
1765400715.0253403,1932.258041952,0.0005564689636230469
1765400715.0274003,1932.258041952,0.002616405487060547
1765400715.029482,1932.258041952,0.004698038101196289
1765400715.031582,1932.258041952,0.006798267364501953
1765400715.0336406,1932.258041952,0.008856773376464844
1765400715.035698,1932.26804131,0.0009145736694335938
1765400715.0377605,1932.26804131,0.002977132797241211
1765400715.0398202,1932.26804131,0.005036830902099609
1765400715.041878,1932.26804131,0.007094621658325195
1765400715.0439355,1932.26804131,0.00915217399597168
1765400715.0459933,1932.278041486,0.0012097358703613281
1765400715.048051,1932.278041486,0.003267526626586914
1765400715.0501084,1932.278041486,0.005324840545654297
1765400715.0521924,1932.278041486,0.007408857345581055
1765400715.0542524,1932.278041486,0.009468793869018555
1765400715.0563095,1932.288041602,0.00152587890625
1765400715.0583928,1932.288041602,0.003609180450439453
1765400715.0604792,1932.288041602,0.0056955814361572266
1765400715.062576,1932.288041602,0.007792472839355469
1765400715.064662,1932.288041602,0.009878396987915039
1765400715.0667477,1932.298039597,0.0019659996032714844
1765400715.0688343,1932.298039597,0.004052639007568359
1765400715.0709486,1932.298039597,0.006166934967041016
1765400715.0730116,1932.298039597,0.008229970932006836
1765400715.0750709,1932.308042021,0.0002868175506591797
1765400715.0771286,1932.308042021,0.0023446083068847656
1765400715.079213,1932.308042021,0.004428863525390625
1765400715.0812936,1932.308042021,0.006509542465209961
1765400715.0833766,1932.308042021,0.008592605590820312
1765400715.0854628,1932.318041107,0.0006797313690185547
1765400715.0875225,1932.318041107,0.002739429473876953
1765400715.0895805,1932.318041107,0.004797458648681641
1765400715.09164,1932.318041107,0.0068569183349609375
1765400715.093697,1932.318041107,0.008913993835449219
1765400715.09578,1932.328042018,0.0009958744049072266
1765400715.0978646,1932.328042018,0.003080606460571289
1765400715.0999246,1932.328042018,0.005140542984008789
1765400715.1019814,1932.328042018,0.007197380065917969
1765400715.1040385,1932.328042018,0.00925445556640625
1765400715.106121,1932.338042344,0.001336812973022461
1765400715.1081808,1932.338042344,0.0033965110778808594
1765400715.1102376,1932.338042344,0.005453348159790039
1765400715.112295,1932.338042344,0.007510662078857422
1765400715.1143773,1932.338042344,0.009593009948730469
1765400715.1164649,1932.348041424,0.0016813278198242188
1765400715.1185622,1932.348041424,0.003778696060180664
1765400715.1206255,1932.348041424,0.005841970443725586
1765400715.1226826,1932.348041424,0.007899045944213867
1765400715.1247654,1932.348041424,0.009981870651245117
1765400715.1268275,1932.358042831,0.0020427703857421875
1765400715.1289246,1932.358042831,0.004139900207519531
1765400715.1309845,1932.358042831,0.006199836730957031
1765400715.1330676,1932.358042831,0.008282899856567383
1765400715.1351526,1932.368041277,0.0003693103790283203
1765400715.137218,1932.368041277,0.0024347305297851562
1765400715.1392775,1932.368041277,0.004494190216064453
1765400715.1413643,1932.368041277,0.00658106803894043
1765400715.1434515,1932.368041277,0.008668184280395508
1765400715.1455379,1932.378040018,0.0007557868957519531
1765400715.1475868,1932.378040018,0.0028047561645507812
1765400715.1496487,1932.378040018,0.004866600036621094
1765400715.1517062,1932.378040018,0.006924152374267578
1765400715.1537633,1932.378040018,0.00898122787475586
1765400715.1558208,1932.388042692,0.0010361671447753906
1765400715.157878,1932.388042692,0.003093242645263672
1765400715.159961,1932.388042692,0.0051763057708740234
1765400715.1620464,1932.388042692,0.007261753082275391
1765400715.1641066,1932.388042692,0.009321928024291992
1765400715.1661637,1932.398041892,0.0013797283172607422
1765400715.168221,1932.398041892,0.003437042236328125
1765400715.1702833,1932.398041892,0.005499362945556641
1765400715.1723893,1932.398041892,0.007605314254760742
1765400715.1744819,1932.398041892,0.009697914123535156
1765400715.1765854,1932.408041809,0.0018017292022705078
1765400715.1786706,1932.408041809,0.0038869380950927734
1765400715.1807563,1932.408041809,0.005972623825073242
1765400715.1828158,1932.408041809,0.008032083511352539
1765400715.184873,1932.418041831,8.916854858398438e-05
1765400715.1869555,1932.418041831,0.0021715164184570312
1765400715.1890404,1932.418041831,0.004256486892700195
1765400715.1911,1932.418041831,0.006315946578979492
1765400715.193182,1932.418041831,0.008398056030273438
1765400715.195267,1932.428042106,0.00048279762268066406
1765400715.1973267,1932.428042106,0.0025424957275390625
1765400715.199409,1932.428042106,0.004624843597412109
1765400715.2014942,1932.428042106,0.006710052490234375
1765400715.203584,1932.428042106,0.00879979133605957
1765400715.205644,1932.438042302,0.0008594989776611328
1765400715.2077007,1932.438042302,0.0029163360595703125
1765400715.209758,1932.438042302,0.004973649978637695
1765400715.2118149,1932.438042302,0.007030487060546875
1765400715.213872,1932.438042302,0.009087562561035156
1765400715.2159288,1932.448041633,0.0011451244354248047
1765400715.2179856,1932.448041633,0.0032019615173339844
1765400715.2200675,1932.448041633,0.005283832550048828
1765400715.2221272,1932.448041633,0.0073435306549072266
1765400715.2241838,1932.448041633,0.009400129318237305
1765400715.226241,1932.45804158,0.0014574527740478516
1765400715.2282977,1932.45804158,0.0035140514373779297
1765400715.2303545,1932.45804158,0.005570888519287109
1765400715.2324317,1932.45804158,0.007647991180419922
1765400715.234516,1932.45804158,0.009732246398925781
1765400715.2365808,1932.468040501,0.001798391342163086
1765400715.2386942,1932.468040501,0.003911733627319336
1765400715.240755,1932.468040501,0.005972623825073242
1765400715.242842,1932.468040501,0.008059501647949219
1765400715.2449024,1932.468040501,0.010119915008544922
1765400715.2469606,1932.478040499,0.002178192138671875
1765400715.2490182,1932.478040499,0.004235744476318359
1765400715.2511017,1932.478040499,0.006319284439086914
1765400715.253165,1932.478040499,0.008382558822631836
1765400715.2552488,1932.488042839,0.0004639625549316406
1765400715.2573347,1932.488042839,0.002549886703491211
1765400715.259395,1932.488042839,0.0046100616455078125
1765400715.261491,1932.488042839,0.00670623779296875
1765400715.2635815,1932.488042839,0.00879669189453125
1765400715.2656684,1932.498041273,0.000885009765625
1765400715.267755,1932.498041273,0.002971649169921875
1765400715.2698202,1932.498041273,0.005036830902099609
1765400715.2718823,1932.498041273,0.0070989131927490234
1765400715.2739415,1932.498041273,0.009158134460449219
1765400715.2759993,1932.508042423,0.0012149810791015625
1765400715.2780838,1932.508042423,0.0032994747161865234
1765400715.280144,1932.508042423,0.005359649658203125
1765400715.2822008,1932.508042423,0.007416486740112305
1765400715.2842581,1932.508042423,0.009473800659179688
1765400715.286354,1932.518041284,0.0015707015991210938
1765400715.2884145,1932.518041284,0.003631114959716797
1765400715.2904973,1932.518041284,0.005713939666748047
1765400715.292581,1932.518041284,0.007797718048095703
1765400715.2946405,1932.518041284,0.009857177734375
1765400715.296698,1932.528040794,0.0019152164459228516
1765400715.298755,1932.528040794,0.003972053527832031
1765400715.3008118,1932.528040794,0.006028890609741211
1765400715.3028688,1932.528040794,0.008085966110229492
1765400715.3049505,1932.538042495,0.0001659393310546875
1765400715.307035,1932.538042495,0.0022504329681396484
1765400715.30912,1932.538042495,0.0043354034423828125
1765400715.3111796,1932.538042495,0.006395101547241211
1765400715.3132365,1932.538042495,0.00845193862915039
1765400715.315293,1932.548040416,0.0005106925964355469
1765400715.3173752,1932.548040416,0.002592802047729492
1765400715.3194597,1932.548040416,0.004677295684814453
1765400715.3215444,1932.548040416,0.006762027740478516
1765400715.3236177,1932.548040416,0.008835315704345703
1765400715.3256752,1932.558040716,0.00089263916015625
1765400715.3277323,1932.558040716,0.0029497146606445312
1765400715.3298142,1932.558040716,0.005031585693359375
1765400715.331874,1932.558040716,0.0070912837982177734
1765400715.3339307,1932.558040716,0.009148120880126953
1765400715.3360124,1932.568041,0.0012292861938476562
1765400715.338077,1932.568041,0.0032939910888671875
1765400715.340137,1932.568041,0.0053539276123046875
1765400715.3421948,1932.568041,0.0074117183685302734
1765400715.3442519,1932.568041,0.009468793869018555
1765400715.346309,1932.578041169,0.00152587890625
1765400715.348366,1932.578041169,0.0035829544067382812
1765400715.3504229,1932.578041169,0.005639791488647461
1765400715.3525062,1932.578041169,0.007723093032836914
1765400715.3545809,1932.578041169,0.009797811508178711
1765400715.3566668,1932.588041947,0.001882791519165039
1765400715.358753,1932.588041947,0.003968954086303711
1765400715.3608203,1932.588041947,0.006036281585693359
1765400715.3628802,1932.588041947,0.00809621810913086
1765400715.3649383,1932.598040503,0.0001556873321533203
1765400715.366995,1932.598040503,0.0022125244140625
1765400715.369053,1932.598040503,0.004270315170288086
1765400715.3711343,1932.598040503,0.0063517093658447266
1765400715.3732007,1932.598040503,0.008418083190917969
1765400715.3752599,1932.608042675,0.00047516822814941406
1765400715.3773434,1932.608042675,0.0025587081909179688
1765400715.379403,1932.608042675,0.004618406295776367
1765400715.381484,1932.608042675,0.006699323654174805
1765400715.383603,1932.608042675,0.008818387985229492
1765400715.3856704,1932.618040138,0.0008883476257324219
1765400715.387728,1932.618040138,0.0029458999633789062
1765400715.3897846,1932.618040138,0.005002498626708984
1765400715.3918417,1932.618040138,0.007059574127197266
1765400715.3939316,1932.618040138,0.009149551391601562
1765400715.3959913,1932.628041014,0.0012083053588867188
1765400715.398048,1932.628041014,0.003264904022216797
1765400715.4001045,1932.628041014,0.005321502685546875
1765400715.4021611,1932.628041014,0.007378101348876953
1765400715.404218,1932.628041014,0.009434938430786133
1765400715.4062977,1932.63804072,0.0015149116516113281
1765400715.408357,1932.63804072,0.0035741329193115234
1765400715.4104362,1932.63804072,0.00565338134765625
1765400715.4125192,1932.63804072,0.0077364444732666016
1765400715.414578,1932.63804072,0.009795188903808594
1765400715.4166605,1932.648040921,0.0018775463104248047
1765400715.418743,1932.648040921,0.0039598941802978516
1765400715.420826,1932.648040921,0.006042957305908203
1765400715.4229083,1932.648040921,0.00812530517578125
1765400715.4249911,1932.658041521,0.00020766258239746094
1765400715.4270735,1932.658041521,0.002290010452270508
1765400715.4291325,1932.658041521,0.0043489933013916016
1765400715.431212,1932.658041521,0.00642848014831543
1765400715.4332945,1932.658041521,0.008511066436767578
1765400715.435355,1932.668042162,0.0005707740783691406
1765400715.4374175,1932.668042162,0.002633333206176758
1765400715.4395115,1932.668042162,0.004727363586425781
1765400715.441583,1932.668042162,0.006798744201660156
1765400715.443643,1932.668042162,0.008858919143676758
1765400715.4457002,1932.678041333,0.0009169578552246094
1765400715.4477582,1932.678041333,0.002974987030029297
1765400715.4498148,1932.678041333,0.005031585693359375
1765400715.4518714,1932.678041333,0.007088184356689453
1765400715.4539282,1932.678041333,0.009145021438598633
1765400715.455985,1932.688042506,0.0012006759643554688
1765400715.4580421,1932.688042506,0.00325775146484375
1765400715.460099,1932.688042506,0.00531458854675293
1765400715.4621558,1932.688042506,0.007371425628662109
1765400715.4642122,1932.688042506,0.009427785873413086
1765400715.466269,1932.698040322,0.0014867782592773438
1765400715.4683256,1932.698040322,0.003543376922607422
1765400715.470382,1932.698040322,0.0055997371673583984
1765400715.4724927,1932.698040322,0.007710456848144531
1765400715.4745908,1932.698040322,0.009808540344238281
1765400715.4766796,1932.708041555,0.001895904541015625
1765400715.4787645,1932.708041555,0.003980875015258789
1765400715.4808238,1932.708041555,0.006040096282958984
1765400715.4829044,1932.708041555,0.00812077522277832
1765400715.484964,1932.708041555,0.010180234909057617
1765400715.487044,1932.718040056,0.002262115478515625
1765400715.4891267,1932.718040056,0.0043447017669677734
1765400715.491186,1932.718040056,0.006403923034667969
1765400715.493268,1932.718040056,0.008486032485961914
1765400715.4953275,1932.728041314,0.0005440711975097656
1765400715.4973838,1932.728041314,0.002600431442260742
1765400715.4994643,1932.728041314,0.0046808719635009766
1765400715.5015635,1932.728041314,0.006780147552490234
1765400715.503623,1932.728041314,0.008839607238769531
1765400715.5056794,1932.738041453,0.0008959770202636719
1765400715.507736,1932.738041453,0.00295257568359375
1765400715.5098162,1932.738041453,0.005032777786254883
1765400715.5118754,1932.738041453,0.007091999053955078
1765400715.5139549,1932.738041453,0.009171485900878906
1765400715.5160177,1932.748040038,0.0012357234954833984
1765400715.5180743,1932.748040038,0.0032923221588134766
1765400715.5201309,1932.748040038,0.005348920822143555
1765400715.5221872,1932.748040038,0.007405281066894531
1765400715.5242474,1932.748040038,0.009465456008911133
1765400715.526304,1932.758041734,0.001520395278930664
1765400715.5283604,1932.758041734,0.0035767555236816406
1765400715.5304408,1932.758041734,0.005657196044921875
1765400715.532524,1932.758041734,0.007740497589111328
1765400715.5345776,1932.758041734,0.009793996810913086
1765400715.5366368,1932.76804209,0.0018527507781982422
1765400715.5387437,1932.76804209,0.00395965576171875
1765400715.5408037,1932.76804209,0.00601959228515625
1765400715.5428882,1932.76804209,0.008104085922241211
1765400715.544949,1932.7780419,0.0001652240753173828
1765400715.5470302,1932.7780419,0.002246379852294922
1765400715.5491147,1932.7780419,0.004330873489379883
1765400715.5511985,1932.7780419,0.006414651870727539
1765400715.5532815,1932.7780419,0.00849771499633789
1765400715.555341,1932.788041894,0.0005571842193603516
1765400715.557398,1932.788041894,0.002614259719848633
1765400715.5594788,1932.788041894,0.004694938659667969
1765400715.561597,1932.788041894,0.0068132877349853516
1765400715.5636556,1932.788041894,0.008871793746948242
1765400715.565709,1932.798040414,0.0009267330169677734
1765400715.5677798,1932.798040414,0.0029973983764648438
1765400715.569834,1932.798040414,0.005051612854003906
1765400715.571887,1932.798040414,0.007104635238647461
1765400715.573956,1932.798040414,0.00917363166809082
1765400715.57601,1932.808041768,0.001226186752319336
1765400715.5780647,1932.808041768,0.0032808780670166016
1765400715.5801377,1932.808041768,0.0053539276123046875
1765400715.5821924,1932.808041768,0.007408618927001953
1765400715.5842626,1932.808041768,0.00947880744934082
1765400715.5863323,1932.818040258,0.0015499591827392578
1765400715.5883863,1932.818040258,0.0036039352416992188
1765400715.590439,1932.818040258,0.005656719207763672
1765400715.5924613,1932.818040258,0.007678985595703125
1765400715.594516,1932.818040258,0.00973367691040039
1765400715.596551,1932.828040595,0.001768350601196289
1765400715.5986044,1932.828040595,0.003821849822998047
1765400715.6006582,1932.828040595,0.005875587463378906
1765400715.6027112,1932.828040595,0.007928609848022461
1765400715.6047642,1932.828040595,0.009981632232666016
1765400715.6068182,1932.838043794,0.0020325183868408203
1765400715.6088715,1932.838043794,0.0040857791900634766
1765400715.6109242,1932.838043794,0.00613856315612793
1765400715.612979,1932.838043794,0.008193254470825195
1765400715.6150331,1932.848040807,0.0002503395080566406
1765400715.6170862,1932.848040807,0.0023033618927001953
1765400715.619139,1932.848040807,0.0043561458587646484
1765400715.6211922,1932.848040807,0.006409406661987305
1765400715.6232448,1932.848040807,0.008461952209472656
1765400715.625298,1932.858041273,0.0005147457122802734
1765400715.6273506,1932.858041273,0.002567291259765625
1765400715.6294053,1932.858041273,0.004621982574462891
1765400715.6314592,1932.858041273,0.0066759586334228516
1765400715.6335132,1932.858041273,0.008729934692382812
1765400715.6355505,1932.868041602,0.0007669925689697266
1765400715.6376038,1932.868041602,0.002820253372192383
1765400715.6396565,1932.868041602,0.004873037338256836
1765400715.6417115,1932.868041602,0.006927967071533203
1765400715.6437643,1932.868041602,0.008980751037597656
1765400715.645819,1932.878040934,0.001035928726196289
1765400715.647876,1932.878040934,0.0030930042266845703
1765400715.64993,1932.878040934,0.005146980285644531
1765400715.6519833,1932.878040934,0.0072002410888671875
1765400715.654036,1932.878040934,0.00925302505493164
1765400715.656091,1932.888042004,0.0013070106506347656
1765400715.6581638,1932.888042004,0.00337982177734375
1765400715.6602194,1932.888042004,0.005435466766357422
1765400715.6622875,1932.888042004,0.007503509521484375
1765400715.6643429,1932.888042004,0.009558916091918945
1765400715.666419,1932.898041069,0.0016360282897949219
1765400715.6684566,1932.898041069,0.003673553466796875
1765400715.6705098,1932.898041069,0.005726814270019531
1765400715.6725497,1932.898041069,0.0077667236328125
1765400715.6746025,1932.898041069,0.009819507598876953
1765400715.6766558,1932.908042303,0.0018715858459472656
1765400715.6787088,1932.908042303,0.00392460823059082
1765400715.6807635,1932.908042303,0.005979299545288086
1765400715.6828172,1932.908042303,0.008033037185668945
1765400715.6848722,1932.908042303,0.010087966918945312
1765400715.6869254,1932.918040218,0.0021431446075439453
1765400715.6889784,1932.918040218,0.0041961669921875
1765400715.6910312,1932.918040218,0.006248950958251953
1765400715.693084,1932.918040218,0.008301734924316406
1765400715.6951368,1932.928041794,0.00035309791564941406
1765400715.6971915,1932.928041794,0.0024077892303466797
1765400715.699246,1932.928041794,0.004462242126464844
1765400715.7012997,1932.928041794,0.006515979766845703
1765400715.7033532,1932.928041794,0.008569478988647461
1765400715.7054062,1932.938042835,0.0006213188171386719
1765400715.7074604,1932.938042835,0.0026755332946777344
1765400715.7095141,1932.938042835,0.004729270935058594
1765400715.7115502,1932.938042835,0.0067653656005859375
1765400715.7136047,1932.938042835,0.008819818496704102
1765400715.71566,1932.948041229,0.0008769035339355469
1765400715.717714,1932.948041229,0.002930879592895508
1765400715.7197711,1932.948041229,0.004987955093383789
1765400715.7218256,1932.948041229,0.007042407989501953
1765400715.7238784,1932.948041229,0.009095191955566406
1765400715.7259314,1932.958041695,0.0011477470397949219
1765400715.7279842,1932.958041695,0.003200531005859375
1765400715.730037,1932.958041695,0.005253314971923828
1765400715.732092,1932.958041695,0.007308244705200195
1765400715.734146,1932.958041695,0.009362459182739258
1765400715.7362165,1932.968041284,0.0014333724975585938
1765400715.7382705,1932.968041284,0.0034873485565185547
1765400715.7403233,1932.968041284,0.005540132522583008
1765400715.7423759,1932.968041284,0.007592678070068359
1765400715.7444534,1932.968041284,0.009670257568359375
1765400715.746476,1932.978041012,0.0016930103302001953
1765400715.7485318,1932.978041012,0.0037488937377929688
1765400715.7505517,1932.978041012,0.005768775939941406
1765400715.752606,1932.978041012,0.007822990417480469
1765400715.75466,1932.978041012,0.00987696647644043
1765400715.7567148,1932.988042783,0.0019299983978271484
1765400715.7587705,1932.988042783,0.00398564338684082
1765400715.7608242,1932.988042783,0.00603938102722168
1765400715.762877,1932.988042783,0.008092164993286133
1765400715.7649322,1932.998042516,0.0001475811004638672
1765400715.7669861,1932.998042516,0.002201557159423828
1765400715.76904,1932.998042516,0.004255533218383789
1765400715.7710931,1932.998042516,0.006308555603027344
1765400715.7731462,1932.998042516,0.008361577987670898
1765400715.7751992,1933.00804118,0.00041604042053222656
1765400715.7772524,1933.00804118,0.002469301223754883
1765400715.7793076,1933.00804118,0.0045244693756103516
1765400715.7813604,1933.00804118,0.006577253341674805
1765400715.783415,1933.00804118,0.00863194465637207
1765400715.7854693,1933.018040296,0.0006871223449707031
1765400715.7875237,1933.018040296,0.002741575241088867
1765400715.7896476,1933.018040296,0.004865407943725586
1765400715.7917113,1933.018040296,0.006929159164428711
1765400715.7937746,1933.018040296,0.008992433547973633
1765400715.7958858,1933.028041124,0.0011026859283447266
1765400715.7979496,1933.028041124,0.0031664371490478516
1765400715.8000124,1933.028041124,0.00522923469543457
1765400715.8020675,1933.028041124,0.007284402847290039
1765400715.8041208,1933.028041124,0.009337663650512695
1765400715.8061903,1933.038040969,0.0014073848724365234
1765400715.8082445,1933.038040969,0.003461599349975586
1765400715.8102973,1933.038040969,0.005514383316040039
1765400715.8123505,1933.038040969,0.007567644119262695
1765400715.8144033,1933.038040969,0.009620428085327148
1765400715.8165114,1933.048040632,0.0017287731170654297
1765400715.8185494,1933.048040632,0.003766775131225586
1765400715.8206177,1933.048040632,0.005835056304931641
1765400715.8226862,1933.048040632,0.007903575897216797
1765400715.8247554,1933.048040632,0.009972810745239258
1765400715.8268094,1933.058041065,0.0020263195037841797
1765400715.8288767,1933.058041065,0.004093647003173828
1765400715.8309307,1933.058041065,0.006147623062133789
1765400715.8329835,1933.058041065,0.008200407028198242
1765400715.8350513,1933.068041296,0.00026798248291015625
1765400715.8371196,1933.068041296,0.002336263656616211
1765400715.8391879,1933.068041296,0.004404544830322266
1765400715.841256,1933.068041296,0.006472587585449219
1765400715.84331,1933.068041296,0.008526802062988281
1765400715.845363,1933.07804187,0.0005791187286376953
1765400715.8474283,1933.07804187,0.0026445388793945312
1765400715.8494823,1933.07804187,0.004698514938354492
1765400715.8515708,1933.07804187,0.00678706169128418
1765400715.8536246,1933.07804187,0.008840799331665039
1765400715.8556776,1933.088041738,0.0008938312530517578
1765400715.8577456,1933.088041738,0.002961874008178711
1765400715.8597996,1933.088041738,0.005015850067138672
1765400715.861867,1933.088041738,0.00708317756652832
1765400715.8639207,1933.088041738,0.00913691520690918
1765400715.8659737,1933.098039357,0.001192331314086914
1765400715.8680415,1933.098039357,0.0032601356506347656
1765400715.8700976,1933.098039357,0.005316257476806641
1765400715.8721652,1933.098039357,0.007383823394775391
1765400715.8742187,1933.098039357,0.009437322616577148
1765400715.8762891,1933.10804162,0.0015056133270263672
1765400715.8783429,1933.10804162,0.0035593509674072266
1765400715.8804102,1933.10804162,0.005626678466796875
1765400715.882464,1933.10804162,0.007680416107177734
1765400715.8845315,1933.10804162,0.009747982025146484
1765400715.8865645,1933.118041536,0.0017809867858886719
1765400715.8886185,1933.118041536,0.003834962844848633
1765400715.8906717,1933.118041536,0.005888223648071289
1765400715.8927245,1933.118041536,0.007941007614135742
1765400715.8948069,1933.118041536,0.010023355484008789
1765400715.8968608,1933.128041156,0.0020775794982910156
1765400715.8989136,1933.128041156,0.004130363464355469
1765400715.9009664,1933.128041156,0.006183147430419922
1765400715.903034,1933.128041156,0.008250713348388672
1765400715.905088,1933.138042369,0.00030350685119628906
1765400715.9071555,1933.138042369,0.002371072769165039
1765400715.90921,1933.138042369,0.004425525665283203
1765400715.9112935,1933.138042369,0.006509065628051758
1765400715.9133472,1933.138042369,0.008562803268432617
1765400715.9154007,1933.148041483,0.0006172657012939453
1765400715.9174688,1933.148041483,0.0026853084564208984
1765400715.9195423,1933.148041483,0.0047588348388671875
1765400715.9215684,1933.148041483,0.006784915924072266
1765400715.9236224,1933.148041483,0.008838891983032227
1765400715.9256756,1933.158041745,0.0008919239044189453
1765400715.9277284,1933.158041745,0.0029447078704833984
1765400715.9297955,1933.158041745,0.005011796951293945
1765400715.9318495,1933.158041745,0.007065773010253906
1765400715.9339023,1933.158041745,0.00911855697631836
1765400715.9359705,1933.168040276,0.0011882781982421875
1765400715.938025,1933.168040276,0.0032427310943603516
1765400715.940078,1933.168040276,0.005295753479003906
1765400715.9421453,1933.168040276,0.007363080978393555
1765400715.944199,1933.168040276,0.009416818618774414
1765400715.946269,1933.178040841,0.0014863014221191406
1765400715.9483373,1933.178040841,0.0035545825958251953
1765400715.9503913,1933.178040841,0.005608558654785156
1765400715.952444,1933.178040841,0.007661342620849609
1765400715.954512,1933.178040841,0.009729146957397461
1765400715.956565,1933.188041721,0.0017812252044677734
1765400715.9586225,1933.188041721,0.003838777542114258
1765400715.9606824,1933.188041721,0.005898714065551758
1765400715.9627364,1933.188041721,0.007952690124511719
1765400715.9647892,1933.188041721,0.010005474090576172
1765400715.9668424,1933.198040539,0.0020599365234375
1765400715.9688952,1933.198040539,0.004112720489501953
1765400715.970963,1933.198040539,0.006180524826049805
1765400715.9730165,1933.198040539,0.008234024047851562
1765400715.9750705,1933.208042253,0.00028634071350097656
1765400715.9771383,1933.208042253,0.002354145050048828
1765400715.9792068,1933.208042253,0.004422664642333984
1765400715.981275,1933.208042253,0.006490945816040039
1765400715.9833436,1933.208042253,0.008559465408325195
1765400715.9854126,1933.218039386,0.0006313323974609375
1765400715.9874663,1933.218039386,0.002685070037841797
1765400715.989534,1933.218039386,0.004752635955810547
1765400715.9915652,1933.218039386,0.006783962249755859
1765400715.9936287,1933.218039386,0.008847475051879883
1765400715.9956825,1933.228041835,0.0008985996246337891
1765400715.9977505,1933.228041835,0.002966642379760742
1765400715.9998043,1933.228041835,0.0050203800201416016
1765400716.0018573,1933.228041835,0.007073402404785156
1765400716.0039248,1933.228041835,0.009140968322753906
1765400716.0059946,1933.238041043,0.0012116432189941406
1765400716.0080638,1933.238041043,0.0032808780670166016
1765400716.0101182,1933.238041043,0.005335330963134766
1765400716.0121713,1933.238041043,0.00738835334777832
1765400716.0142243,1933.238041043,0.009441375732421875
1765400716.0162947,1933.24804212,0.0015106201171875
1765400716.0183485,1933.24804212,0.0035643577575683594
1765400716.0204015,1933.24804212,0.005617380142211914
1765400716.0224688,1933.24804212,0.0076847076416015625
1765400716.0245397,1933.24804212,0.009755611419677734
1765400716.0265691,1933.258040556,0.0017864704132080078
1765400716.028638,1933.258040556,0.0038552284240722656
1765400716.0307062,1933.258040556,0.00592350959777832
1765400716.0327601,1933.258040556,0.007977485656738281
1765400716.034817,1933.268040305,3.457069396972656e-05
1765400716.03687,1933.268040305,0.0020875930786132812
1765400716.0389373,1933.268040305,0.00415492057800293
1765400716.0409937,1933.268040305,0.006211280822753906
1765400716.0430467,1933.268040305,0.008264303207397461
1765400716.0450997,1933.278041621,0.0003161430358886719
1765400716.047153,1933.278041621,0.002369403839111328
1765400716.0492282,1933.278041621,0.004444599151611328
1765400716.0512822,1933.278041621,0.006498575210571289
1765400716.0533497,1933.278041621,0.008566141128540039
1765400716.0554042,1933.288041156,0.0006210803985595703
1765400716.0574577,1933.288041156,0.002674579620361328
1765400716.0595117,1933.288041156,0.004728555679321289
1765400716.0615656,1933.288041156,0.00678253173828125
1765400716.0636342,1933.288041156,0.008851051330566406
1765400716.0656884,1933.298040952,0.0009055137634277344
1765400716.0677414,1933.298040952,0.002958536148071289
1765400716.0698092,1933.298040952,0.005026340484619141
1765400716.071863,1933.298040952,0.007080078125
1765400716.0739162,1933.298040952,0.009133338928222656
1765400716.0759847,1933.308041968,0.0012006759643554688
1765400716.0780385,1933.308041968,0.003254413604736328
1765400716.080106,1933.308041968,0.005321979522705078
1765400716.0821602,1933.308041968,0.007376194000244141
1765400716.0842276,1933.308041968,0.009443521499633789
1765400716.0862987,1933.318041788,0.0015149116516113281
1765400716.0883522,1933.318041788,0.003568410873413086
1765400716.09042,1933.318041788,0.0056362152099609375
1765400716.0924885,1933.318041788,0.007704734802246094
1765400716.0945704,1933.318041788,0.009786605834960938
1765400716.096652,1933.328041991,0.0018680095672607422
1765400716.0987086,1933.328041991,0.00392460823059082
1765400716.1007624,1933.328041991,0.00597834587097168
1765400716.1028328,1933.328041991,0.008048772811889648
1765400716.104888,1933.338041726,0.00010418891906738281
1765400716.106957,1933.338041726,0.002173185348510742
1765400716.1090121,1933.338041726,0.004228353500366211
1765400716.1110651,1933.338041726,0.006281375885009766
1765400716.1131287,1933.338041726,0.008344888687133789
1765400716.1151817,1933.348041755,0.0003979206085205078
1765400716.1172345,1933.348041755,0.002450704574584961
1765400716.119302,1933.348041755,0.004518270492553711
1765400716.1213708,1933.348041755,0.006587028503417969
1765400716.1234396,1933.348041755,0.008655786514282227
1765400716.1254935,1933.358040617,0.0007109642028808594
1765400716.1275659,1933.358040617,0.0027832984924316406
1765400716.1296196,1933.358040617,0.0048370361328125
1765400716.1316726,1933.358040617,0.006890058517456055
1765400716.13374,1933.358040617,0.008957386016845703
1765400716.1358106,1933.368040206,0.001028299331665039
1765400716.137864,1933.368040206,0.003081798553466797
1765400716.1399171,1933.368040206,0.0051348209381103516
1765400716.141985,1933.368040206,0.007202625274658203
1765400716.1440532,1933.368040206,0.009270906448364258
1765400716.1461225,1933.378041396,0.001338958740234375
1765400716.1481764,1933.378041396,0.003392934799194336
1765400716.1502295,1933.378041396,0.005445957183837891
1765400716.1522832,1933.378041396,0.00749969482421875
1765400716.1543365,1933.378041396,0.009552955627441406
1765400716.1563902,1933.388041479,0.0016067028045654297
1765400716.158445,1933.388041479,0.0036613941192626953
1765400716.1605008,1933.388041479,0.005717277526855469
1765400716.1625667,1933.388041479,0.007783174514770508
1765400716.164622,1933.388041479,0.009838581085205078
1765400716.1666768,1933.398040278,0.0018944740295410156
1765400716.1687312,1933.398040278,0.00394892692565918
1765400716.1707869,1933.398040278,0.0060045719146728516
1765400716.1728468,1933.398040278,0.008064508438110352
1765400716.1749022,1933.408041539,0.00011873245239257812
1765400716.1769593,1933.408041539,0.0021758079528808594
1765400716.1790156,1933.408041539,0.004232168197631836
1765400716.1810873,1933.408041539,0.0063037872314453125
1765400716.183143,1933.408041539,0.008359432220458984
1765400716.1851964,1933.418039359,0.0004150867462158203
1765400716.1872494,1933.418039359,0.002468109130859375
1765400716.1893177,1933.418039359,0.00453639030456543
1765400716.191387,1933.418039359,0.006605625152587891
1765400716.1934423,1933.418039359,0.008661031723022461
1765400716.1954973,1933.428041792,0.0007135868072509766
1765400716.1975744,1933.428041792,0.002790689468383789
1765400716.1996288,1933.428041792,0.004845142364501953
1765400716.2016973,1933.428041792,0.006913661956787109
1765400716.203751,1933.428041792,0.008967399597167969
1765400716.205804,1933.438041069,0.0010211467742919922
1765400716.2078571,1933.438041069,0.003074169158935547
1765400716.2099109,1933.438041069,0.005127906799316406
1765400716.2119637,1933.438041069,0.007180690765380859
1765400716.2140315,1933.438041069,0.009248495101928711
1765400716.2161007,1933.448041173,0.0013175010681152344
1765400716.21817,1933.448041173,0.0033867359161376953
1765400716.220239,1933.448041173,0.005455732345581055
1765400716.222307,1933.448041173,0.007523775100708008
1765400716.2243755,1933.448041173,0.009592294692993164
1765400716.2264493,1933.45804021,0.001667022705078125
1765400716.2285187,1933.45804021,0.0037364959716796875
1765400716.2305663,1933.45804021,0.005784034729003906
1765400716.23262,1933.45804021,0.007837772369384766
1765400716.2346728,1933.45804021,0.009890556335449219
1765400716.2367263,1933.468040335,0.0019440650939941406
1765400716.238779,1933.468040335,0.003996849060058594
1765400716.2408323,1933.468040335,0.00605010986328125
1765400716.2428858,1933.468040335,0.008103609085083008
1765400716.2449427,1933.478041112,0.0001595020294189453
1765400716.2469962,1933.478041112,0.002213001251220703
1765400716.2490494,1933.478041112,0.004266262054443359
1765400716.2511022,1933.478041112,0.0063190460205078125
1765400716.253155,1933.478041112,0.008371829986572266
1765400716.2552083,1933.488041692,0.0004246234893798828
1765400716.2572634,1933.488041692,0.0024797916412353516
1765400716.259318,1933.488041692,0.004534482955932617
1765400716.2613716,1933.488041692,0.006587982177734375
1765400716.2634244,1933.488041692,0.008640766143798828
1765400716.265478,1933.498041653,0.00069427490234375
1765400716.2675462,1933.498041653,0.0027625560760498047
1765400716.269625,1933.498041653,0.004841327667236328
1765400716.2716784,1933.498041653,0.006894826889038086
1765400716.2737312,1933.498041653,0.008947610855102539
1765400716.275802,1933.508042092,0.0010178089141845703
1765400716.2778707,1933.508042092,0.003086566925048828
1765400716.2799244,1933.508042092,0.0051403045654296875
1765400716.2819777,1933.508042092,0.007193565368652344
1765400716.2840307,1933.508042092,0.009246587753295898
1765400716.2860842,1933.518040131,0.0013020038604736328
1765400716.288137,1933.518040131,0.003354787826538086
1765400716.29019,1933.518040131,0.005407810211181641
1765400716.2922435,1933.518040131,0.0074613094329833984
1765400716.2942965,1933.518040131,0.009514331817626953
1765400716.2963514,1933.528041969,0.0015673637390136719
1765400716.298406,1933.528041969,0.003621816635131836
1765400716.3004792,1933.528041969,0.0056951045989990234
1765400716.3025348,1933.528041969,0.007750749588012695
1765400716.3045783,1933.528041969,0.009794235229492188
1765400716.3066332,1933.538041256,0.0018498897552490234
1765400716.308688,1933.538041256,0.003904581069946289
1765400716.310741,1933.538041256,0.005957603454589844
1765400716.312795,1933.538041256,0.008011579513549805
1765400716.3148482,1933.548041395,6.4849853515625e-05
1765400716.3169012,1933.548041395,0.0021178722381591797
1765400716.318954,1933.548041395,0.004170656204223633
1765400716.3210068,1933.548041395,0.006223440170288086
1765400716.3230598,1933.548041395,0.00827646255493164
1765400716.3251128,1933.55804176,0.00032901763916015625
1765400716.3271656,1933.55804176,0.0023818016052246094
1765400716.3292189,1933.55804176,0.004435062408447266
1765400716.3312716,1933.55804176,0.006487846374511719
1765400716.3333244,1933.55804176,0.008540630340576172
1765400716.3353777,1933.568040677,0.0005950927734375
1765400716.3374453,1933.568040677,0.00266265869140625
1765400716.3395135,1933.568040677,0.004730939865112305
1765400716.3415692,1933.568040677,0.0067865848541259766
1765400716.343623,1933.568040677,0.008840322494506836
1765400716.3456762,1933.578041561,0.00089263916015625
1765400716.347746,1933.578041561,0.002962350845336914
1765400716.3498144,1933.578041561,0.00503087043762207
1765400716.3518684,1933.578041561,0.007084846496582031
1765400716.3539364,1933.578041561,0.009152889251708984
1765400716.3560069,1933.588042735,0.0012221336364746094
1765400716.3580618,1933.588042735,0.0032770633697509766
1765400716.3601158,1933.588042735,0.0053310394287109375
1765400716.362184,1933.588042735,0.007399320602416992
1765400716.3642523,1933.588042735,0.009467601776123047
1765400716.3663063,1933.598041657,0.0015225410461425781
1765400716.3683593,1933.598041657,0.003575563430786133
1765400716.3704271,1933.598041657,0.005643367767333984
1765400716.3724957,1933.598041657,0.007711887359619141
1765400716.3745499,1933.598041657,0.009766101837158203
1765400716.3766036,1933.608041751,0.0018198490142822266
1765400716.3786566,1933.608041751,0.0038728713989257812
1765400716.3807094,1933.608041751,0.005925655364990234
1765400716.3827622,1933.608041751,0.007978439331054688
1765400716.3848157,1933.618040265,3.337860107421875e-05
1765400716.3868685,1933.618040265,0.002086162567138672
1765400716.388936,1933.618040265,0.004153728485107422
1765400716.3910046,1933.618040265,0.006222248077392578
1765400716.3930588,1933.618040265,0.00827646255493164
1765400716.395113,1933.628041481,0.0003294944763183594
1765400716.3971658,1933.628041481,0.0023822784423828125
1765400716.399219,1933.628041481,0.004435539245605469
1765400716.4012718,1933.628041481,0.006488323211669922
1765400716.4033246,1933.628041481,0.008541107177734375
1765400716.4053779,1933.638041363,0.0005946159362792969
1765400716.407447,1933.638041363,0.002663850784301758
1765400716.4095163,1933.638041363,0.004733085632324219
1765400716.4115667,1933.638041363,0.006783485412597656
1765400716.4136207,1933.638041363,0.008837461471557617
1765400716.4156735,1933.648041271,0.0008902549743652344
1765400716.4177268,1933.648041271,0.0029435157775878906
1765400716.4197795,1933.648041271,0.004996299743652344
1765400716.4218473,1933.648041271,0.007064104080200195
1765400716.4239008,1933.648041271,0.009117603302001953
1765400716.425954,1933.658041556,0.0011706352233886719
1765400716.4280224,1933.658041556,0.0032389163970947266
1765400716.4300907,1933.658041556,0.005307197570800781
1765400716.4321446,1933.658041556,0.007361173629760742
1765400716.4341974,1933.658041556,0.009413957595825195
1765400716.4362752,1933.668040716,0.0014925003051757812
1765400716.4383295,1933.668040716,0.0035467147827148438
1765400716.4403825,1933.668040716,0.0055997371673583984
1765400716.4424517,1933.668040716,0.007668972015380859
1765400716.4445257,1933.668040716,0.009742975234985352
1765400716.4465663,1933.678042947,0.001781463623046875
1765400716.4486206,1933.678042947,0.0038356781005859375
1765400716.4506884,1933.678042947,0.005903482437133789
1765400716.4527419,1933.678042947,0.007956981658935547
1765400716.4547951,1933.688042515,1.0728836059570312e-05
1765400716.4568493,1933.688042515,0.002064943313598633
1765400716.4589043,1933.688042515,0.004119873046875
1765400716.4609575,1933.688042515,0.006173133850097656
1765400716.4630103,1933.688042515,0.00822591781616211
1765400716.4650633,1933.698041311,0.00028014183044433594
1765400716.4671166,1933.698041311,0.002333402633666992
1765400716.4691694,1933.698041311,0.004386186599731445
1765400716.4712367,1933.698041311,0.006453514099121094
1765400716.4732904,1933.698041311,0.008507251739501953
1765400716.475344,1933.708040742,0.0005612373352050781
1765400716.4774113,1933.708040742,0.0026285648345947266
1765400716.4794796,1933.708040742,0.004696846008300781
1765400716.4815633,1933.708040742,0.0067806243896484375
1765400716.4836318,1933.708040742,0.008849143981933594
1765400716.4856858,1933.718040571,0.0009033679962158203
1765400716.4877386,1933.718040571,0.0029561519622802734
1765400716.4897914,1933.718040571,0.0050089359283447266
1765400716.4918444,1933.718040571,0.007061958312988281
1765400716.4938972,1933.718040571,0.009114742279052734
1765400716.4959512,1933.728040615,0.0011684894561767578
1765400716.4980042,1933.728040615,0.0032215118408203125
1765400716.5000575,1933.728040615,0.005274772644042969
1765400716.5021102,1933.728040615,0.007327556610107422
1765400716.504163,1933.728040615,0.009380340576171875
1765400716.5062163,1933.738042585,0.0014317035675048828
1765400716.50827,1933.738042585,0.003485441207885742
1765400716.5103235,1933.738042585,0.0055389404296875
1765400716.5123763,1933.738042585,0.007591724395751953
1765400716.514444,1933.738042585,0.009659528732299805
1765400716.516515,1933.748041507,0.0017316341400146484
1765400716.5185685,1933.748041507,0.0037851333618164062
1765400716.5206223,1933.748041507,0.005838871002197266
1765400716.5226753,1933.748041507,0.00789189338684082
1765400716.524728,1933.748041507,0.009944677352905273
1765400716.526781,1933.758041021,0.0019981861114501953
1765400716.5288339,1933.758041021,0.0040509700775146484
1765400716.5308867,1933.758041021,0.0061037540435791016
1765400716.5329397,1933.758041021,0.008156776428222656
1765400716.534993,1933.768041648,0.00020933151245117188
1765400716.537046,1933.768041648,0.0022623538970947266
1765400716.5391152,1933.768041648,0.0043315887451171875
1765400716.5411837,1933.768041648,0.006400108337402344
1765400716.5432522,1933.768041648,0.0084686279296875
1765400716.5453062,1933.778041328,0.0005228519439697266
1765400716.547359,1933.778041328,0.0025756359100341797
1765400716.549428,1933.778041328,0.004644632339477539
1765400716.551482,1933.778041328,0.0066986083984375
1765400716.5535564,1933.778041328,0.008773088455200195
1765400716.5556107,1933.788042912,0.0008256435394287109
1765400716.5576637,1933.788042912,0.0028786659240722656
1765400716.559718,1933.788042912,0.004932880401611328
1765400716.5617752,1933.788042912,0.006990194320678711
1765400716.5638285,1933.788042912,0.009043455123901367
1765400716.5659049,1933.798041578,0.0011212825775146484
1765400716.5679593,1933.798041578,0.0031757354736328125
1765400716.570012,1933.798041578,0.005228519439697266
1765400716.57208,1933.798041578,0.007296323776245117
1765400716.5741348,1933.798041578,0.009351253509521484
1765400716.5761883,1933.808042001,0.0014042854309082031
1765400716.5782416,1933.808042001,0.0034575462341308594
1765400716.5802944,1933.808042001,0.0055103302001953125
1765400716.5823472,1933.808042001,0.007563114166259766
1765400716.5844152,1933.808042001,0.009631156921386719
1765400716.5864713,1933.81803992,0.0016894340515136719
1765400716.5885243,1933.81803992,0.0037424564361572266
1765400716.5905676,1933.81803992,0.005785703659057617
1765400716.592636,1933.81803992,0.007854223251342773
1765400716.59469,1933.81803992,0.009908199310302734
1765400716.5967433,1933.828040367,0.0019609928131103516
1765400716.5987964,1933.828040367,0.004014015197753906
1765400716.6008494,1933.828040367,0.006067037582397461
1765400716.602902,1933.828040367,0.008119583129882812
1765400716.6049552,1933.838041256,0.00017189979553222656
1765400716.6070085,1933.838041256,0.002225160598754883
1765400716.6090624,1933.838041256,0.004279136657714844
1765400716.6111152,1933.838041256,0.006331920623779297
1765400716.6131682,1933.838041256,0.008384943008422852
1765400716.6152213,1933.848040914,0.00043845176696777344
1765400716.617274,1933.848040914,0.0024912357330322266
1765400716.6193416,1933.848040914,0.0045588016510009766
1765400716.6213963,1933.848040914,0.006613492965698242
1765400716.6234493,1933.848040914,0.008666515350341797
1765400716.6255176,1933.858041258,0.0007343292236328125
1765400716.6275659,1933.858041258,0.002782583236694336
1765400716.6296346,1933.858041258,0.004851341247558594
1765400716.6316886,1933.858041258,0.006905317306518555
1765400716.6337416,1933.858041258,0.00895833969116211
1765400716.6357944,1933.868041437,0.001010894775390625
1765400716.6378622,1933.868041437,0.0030786991119384766
1765400716.639916,1933.868041437,0.005132436752319336
1765400716.641969,1933.868041437,0.007185459136962891
1765400716.644036,1933.868041437,0.009252548217773438
1765400716.6461072,1933.878041289,0.0013239383697509766
1765400716.6481612,1933.878041289,0.0033779144287109375
1765400716.6502142,1933.878041289,0.005430936813354492
1765400716.652267,1933.878041289,0.007483720779418945
1765400716.6543345,1933.878041289,0.009551286697387695
1765400716.6563888,1933.888041838,0.0016050338745117188
1765400716.6584432,1933.888041838,0.003659486770629883
1765400716.6605108,1933.888041838,0.005727052688598633
1765400716.6625683,1933.888041838,0.007784605026245117
1765400716.6646223,1933.888041838,0.009838581085205078
1765400716.6666756,1933.89804112,0.0018925666809082031
1765400716.6687284,1933.89804112,0.003945350646972656
1765400716.6707811,1933.89804112,0.005998134613037109
1765400716.6728342,1933.89804112,0.008051156997680664
1765400716.674887,1933.89804112,0.010103940963745117
1765400716.6769543,1933.908040442,0.002171754837036133
1765400716.6790082,1933.908040442,0.004225730895996094
1765400716.681061,1933.908040442,0.006278514862060547
1765400716.683114,1933.908040442,0.008331537246704102
1765400716.6851673,1933.918040714,0.0003845691680908203
1765400716.6872203,1933.918040714,0.002437591552734375
1765400716.689273,1933.918040714,0.004490375518798828
1765400716.691326,1933.918040714,0.006543159484863281
1765400716.693379,1933.918040714,0.008596181869506836
1765400716.695434,1933.928041405,0.0006506443023681641
1765400716.6975138,1933.928041405,0.0027303695678710938
1765400716.6995676,1933.928041405,0.004784107208251953
1765400716.7016218,1933.928041405,0.006838321685791016
1765400716.7036746,1933.928041405,0.008891105651855469
1765400716.7057285,1933.938042013,0.0009446144104003906
1765400716.7077818,1933.938042013,0.002997875213623047
1765400716.7098355,1933.938042013,0.005051612854003906
1765400716.7118883,1933.938042013,0.007104396820068359
1765400716.7139418,1933.938042013,0.009157896041870117
1765400716.715995,1933.94804217,0.001210927963256836
1765400716.7180486,1933.94804217,0.0032644271850585938
1765400716.7201016,1933.94804217,0.0053174495697021484
1765400716.7221544,1933.94804217,0.0073702335357666016
1765400716.7242234,1933.94804217,0.009439229965209961
1765400716.7262774,1933.958043065,0.0014922618865966797
1765400716.728345,1933.958043065,0.0035598278045654297
1765400716.730413,1933.958043065,0.005627870559692383
1765400716.7324817,1933.958043065,0.007696628570556641
1765400716.7345653,1933.958043065,0.009780168533325195
1765400716.7366197,1933.968041095,0.001836538314819336
1765400716.7386727,1933.968041095,0.0038895606994628906
1765400716.7407255,1933.968041095,0.005942344665527344
1765400716.742778,1933.968041095,0.007994890213012695
1765400716.744832,1933.978041295,4.863739013671875e-05
1765400716.7468994,1933.978041295,0.002115964889526367
1765400716.7489533,1933.978041295,0.004169940948486328
1765400716.7510061,1933.978041295,0.006222724914550781
1765400716.7530594,1933.978041295,0.008275985717773438
1765400716.7551124,1933.988040861,0.0003294944763183594
1765400716.7571661,1933.988040861,0.0023832321166992188
1765400716.7592204,1933.988040861,0.004437446594238281
1765400716.7612734,1933.988040861,0.006490468978881836
1765400716.7633262,1933.988040861,0.008543252944946289
1765400716.7653794,1933.998040903,0.0005965232849121094
1765400716.7674468,1933.998040903,0.002663850784301758
1765400716.7695153,1933.998040903,0.004732370376586914
1765400716.7715678,1933.998040903,0.006784915924072266
1765400716.7736218,1933.998040903,0.008838891983032227
1765400716.7756748,1934.00804147,0.0008914470672607422
1765400716.777728,1934.00804147,0.0029447078704833984
1765400716.7797952,1934.00804147,0.005011796951293945
1765400716.7818491,1934.00804147,0.007065773010253906
1765400716.7839022,1934.00804147,0.009118795394897461
1765400716.7859561,1934.018041284,0.001172780990600586
1765400716.788009,1934.018041284,0.003225564956665039
1765400716.7900617,1934.018041284,0.005278348922729492
1765400716.792115,1934.018041284,0.0073316097259521484
1765400716.794184,1934.018041284,0.009400606155395508
1765400716.7962399,1934.028041371,0.0014564990997314453
1765400716.798294,1934.028041371,0.003510713577270508
1765400716.800347,1934.028041371,0.0055637359619140625
1765400716.8024025,1934.028041371,0.007619142532348633
1765400716.804471,1934.028041371,0.009687662124633789
1765400716.8065438,1934.038043417,0.0017583370208740234
1765400716.8085506,1934.038043417,0.003765106201171875
1765400716.8106039,1934.038043417,0.005818367004394531
1765400716.8126566,1934.038043417,0.007871150970458984
1765400716.8147094,1934.038043417,0.009923934936523438
1765400716.8167777,1934.048042082,0.0019936561584472656
1765400716.8188317,1934.048042082,0.0040476322174072266
1765400716.8208845,1934.048042082,0.00610041618347168
1765400716.822952,1934.048042082,0.00816798210144043
1765400716.8250062,1934.058040301,0.0002238750457763672
1765400716.8270593,1934.058040301,0.002276897430419922
1765400716.8291135,1934.058040301,0.004331111907958984
1765400716.8311665,1934.058040301,0.006384134292602539
1765400716.833234,1934.058040301,0.008451700210571289
1765400716.835288,1934.06804106,0.0005049705505371094
1765400716.837342,1934.06804106,0.0025589466094970703
1765400716.8393948,1934.06804106,0.0046117305755615234
1765400716.841462,1934.06804106,0.00667881965637207
1765400716.8435307,1934.06804106,0.008747577667236328
1765400716.8455498,1934.078040973,0.000766754150390625
1765400716.8476124,1934.078040973,0.002829313278198242
1765400716.8496804,1934.078040973,0.004897356033325195
1765400716.8517342,1934.078040973,0.006951093673706055
1765400716.8537872,1934.078040973,0.00900411605834961
1765400716.8558404,1934.088040117,0.001058340072631836
1765400716.857909,1934.088040117,0.003126859664916992
1765400716.8599713,1934.088040117,0.005189180374145508
1765400716.8620389,1934.088040117,0.007256746292114258
1765400716.8641076,1934.088040117,0.009325504302978516
1765400716.8661768,1934.098041202,0.0013935565948486328
1765400716.8682306,1934.098041202,0.003447294235229492
1765400716.8702836,1934.098041202,0.005500316619873047
1765400716.8723366,1934.098041202,0.0075533390045166016
1765400716.8743894,1934.098041202,0.009606122970581055
1765400716.876463,1934.108042234,0.0016787052154541016
1765400716.8785222,1934.108042234,0.003737926483154297
1765400716.880554,1934.108042234,0.0057697296142578125
1765400716.8826153,1934.108042234,0.007831096649169922
1765400716.884671,1934.108042234,0.009886741638183594
1765400716.8867264,1934.118041805,0.0019426345825195312
1765400716.8887966,1934.118041805,0.0040128231048583984
1765400716.8908515,1934.118041805,0.006067752838134766
1765400716.892905,1934.118041805,0.008121252059936523
1765400716.894958,1934.128042311,0.00017380714416503906
1765400716.8970616,1934.128042311,0.002277374267578125
1765400716.8991182,1934.128042311,0.004333972930908203
1765400716.9011874,1934.128042311,0.006403207778930664
1765400716.9032412,1934.128042311,0.008456945419311523
1765400716.9052944,1934.13804151,0.0005109310150146484
1765400716.9073474,1934.13804151,0.002563953399658203
1765400716.9094002,1934.13804151,0.004616737365722656
1765400716.911468,1934.13804151,0.006684541702270508
1765400716.913537,1934.13804151,0.008753538131713867
1765400716.915551,1934.148042885,0.0007660388946533203
1765400716.9176195,1934.148042885,0.0028345584869384766
1765400716.9196734,1934.148042885,0.0048885345458984375
1765400716.9217262,1934.148042885,0.006941318511962891
1765400716.923779,1934.148042885,0.008994102478027344
1765400716.9258478,1934.158040048,0.0010657310485839844
1765400716.9279163,1934.158040048,0.0031342506408691406
1765400716.9299705,1934.158040048,0.005188465118408203
1765400716.9320233,1934.158040048,0.007241249084472656
1765400716.9340913,1934.158040048,0.00930929183959961
1765400716.9361453,1934.168041041,0.0013623237609863281
1765400716.9382133,1934.168041041,0.0034303665161132812
1765400716.940282,1934.168041041,0.005499124526977539
1765400716.9423506,1934.168041041,0.007567644119262695
1765400716.9444048,1934.168041041,0.009621858596801758
1765400716.9464731,1934.17804011,0.0016911029815673828
1765400716.9485419,1934.17804011,0.0037598609924316406
1765400716.9505675,1934.17804011,0.005785465240478516
1765400716.952636,1934.17804011,0.007853984832763672
1765400716.9546897,1934.17804011,0.009907722473144531
1765400716.956743,1934.188041595,0.0019593238830566406
1765400716.9587965,1934.188041595,0.0040128231048583984
1765400716.960852,1934.188041595,0.006068229675292969
1765400716.962905,1934.188041595,0.008121252059936523
1765400716.9649582,1934.198041775,0.00017452239990234375
1765400716.9670112,1934.198041775,0.0022275447845458984
1765400716.969065,1934.198041775,0.004281282424926758
1765400716.971118,1934.198041775,0.0063343048095703125
1765400716.973171,1934.198041775,0.008387327194213867
1765400716.975224,1934.208041741,0.00044035911560058594
1765400716.977277,1934.208041741,0.0024933815002441406
1765400716.9793298,1934.208041741,0.004546165466308594
1765400716.9813826,1934.208041741,0.006598949432373047
1765400716.9834504,1934.208041741,0.008666753768920898
1765400716.9855046,1934.218041167,0.0007214546203613281
1765400716.9875696,1934.218041167,0.002786397933959961
1765400716.9896383,1934.218041167,0.004855155944824219
1765400716.9916923,1934.218041167,0.00690913200378418
1765400716.993745,1934.218041167,0.008961915969848633
1765400716.9958003,1934.228041765,0.0010166168212890625
1765400716.997854,1934.228041765,0.003070354461669922
1765400716.9999223,1934.228041765,0.0051386356353759766
1765400717.0019763,1934.228041765,0.0071926116943359375
1765400717.004029,1934.228041765,0.00924539566040039
1765400717.0060976,1934.238042018,0.0013134479522705078
1765400717.0081525,1934.238042018,0.003368377685546875
1765400717.010206,1934.238042018,0.005421876907348633
1765400717.0122588,1934.238042018,0.007474660873413086
1765400717.0143266,1934.238042018,0.009542465209960938
1765400717.0163987,1934.248041115,0.0016155242919921875
1765400717.0184674,1934.248041115,0.0036842823028564453
1765400717.0205364,1934.248041115,0.005753278732299805
1765400717.0225656,1934.248041115,0.007782459259033203
1765400717.0246196,1934.248041115,0.009836435317993164
1765400717.0266726,1934.258040535,0.0018901824951171875
1765400717.0287259,1934.258040535,0.003943443298339844
1765400717.0307786,1934.258040535,0.005996227264404297
1765400717.0328317,1934.258040535,0.008049249649047852
1765400717.0348852,1934.268040963,0.00010228157043457031
1765400717.036938,1934.268040963,0.0021550655364990234
1765400717.0389912,1934.268040963,0.00420832633972168
1765400717.041044,1934.268040963,0.006261110305786133
1765400717.0430968,1934.268040963,0.008313894271850586
1765400717.0451498,1934.278042758,0.0003650188446044922
1765400717.0472026,1934.278042758,0.0024178028106689453
1765400717.0492702,1934.278042758,0.004485368728637695
1765400717.0513408,1934.278042758,0.006556034088134766
1765400717.0533948,1934.278042758,0.008610010147094727
1765400717.0554478,1934.288042453,0.0006632804870605469
1765400717.057501,1934.288042453,0.002716541290283203
1765400717.059551,1934.288042453,0.0047664642333984375
1765400717.0616038,1934.288042453,0.006819248199462891
1765400717.0636718,1934.288042453,0.008887290954589844
1765400717.0657265,1934.298041407,0.0009431838989257812
1765400717.0677943,1934.298041407,0.003010988235473633
1765400717.069848,1934.298041407,0.005064725875854492
1765400717.0719008,1934.298041407,0.007117509841918945
1765400717.0739539,1934.298041407,0.0091705322265625
1765400717.076007,1934.308043242,0.0012216567993164062
1765400717.0780747,1934.308043242,0.003289461135864258
1765400717.0801284,1934.308043242,0.005343198776245117
1765400717.0821962,1934.308043242,0.007411003112792969
1765400717.0842502,1934.308043242,0.00946497917175293
1765400717.086303,1934.318041456,0.0015194416046142578
1765400717.0883708,1934.318041456,0.0035872459411621094
1765400717.0904467,1934.318041456,0.005663156509399414
1765400717.0925152,1934.318041456,0.00773167610168457
1765400717.094566,1934.318041456,0.009782552719116211
1765400717.0966218,1934.328042075,0.0018377304077148438
1765400717.0986762,1934.328042075,0.003892183303833008
1765400717.100729,1934.328042075,0.005944967269897461
1765400717.102782,1934.328042075,0.007997989654541016
1765400717.1048348,1934.338041594,5.125999450683594e-05
1765400717.1068878,1934.338041594,0.0021042823791503906
1765400717.108942,1934.338041594,0.004158496856689453
1765400717.1109953,1934.338041594,0.006211757659912109
1765400717.1130478,1934.338041594,0.008264303207397461
1765400717.1151009,1934.34804134,0.00031757354736328125
1765400717.117154,1934.34804134,0.002370595932006836
1765400717.1192212,1934.34804134,0.004437923431396484
1765400717.1212897,1934.34804134,0.006506443023681641
1765400717.1233435,1934.34804134,0.0085601806640625
1765400717.1253967,1934.358040447,0.0006144046783447266
1765400717.127465,1934.358040447,0.0026826858520507812
1765400717.1295335,1934.358040447,0.0047512054443359375
1765400717.1315682,1934.358040447,0.006785869598388672
1765400717.133622,1934.358040447,0.008839607238769531
1765400717.1356752,1934.36803994,0.0008933544158935547
1765400717.137728,1934.36803994,0.002946138381958008
1765400717.1397808,1934.36803994,0.004998922348022461
1765400717.1418338,1934.36803994,0.007051944732666016
1765400717.1438866,1934.36803994,0.009104728698730469
1765400717.1459398,1934.378041885,0.001155853271484375
1765400717.1479928,1934.378041885,0.0032088756561279297
1765400717.1500456,1934.378041885,0.005261659622192383
1765400717.1520987,1934.378041885,0.0073146820068359375
1765400717.1541514,1934.378041885,0.00936746597290039
1765400717.1562042,1934.388041477,0.001420736312866211
1765400717.158259,1934.388041477,0.0034754276275634766
1765400717.1603143,1934.388041477,0.005530834197998047
1765400717.162369,1934.388041477,0.0075855255126953125
1765400717.164422,1934.388041477,0.009638547897338867
1765400717.1664903,1934.398041905,0.0017063617706298828
1765400717.168568,1934.398041905,0.0037839412689208984
1765400717.1706362,1934.398041905,0.005852222442626953
1765400717.1726902,1934.398041905,0.007906198501586914
1765400717.1747475,1934.398041905,0.009963512420654297
1765400717.176801,1934.408042163,0.002016782760620117
1765400717.178854,1934.408042163,0.004069805145263672
1765400717.1809068,1934.408042163,0.006122589111328125
1765400717.1829596,1934.408042163,0.008175373077392578
1765400717.1850128,1934.418041925,0.0002288818359375
1765400717.1870656,1934.418041925,0.002281665802001953
1765400717.1891184,1934.418041925,0.004334449768066406
1765400717.1911714,1934.418041925,0.006387472152709961
1765400717.1932242,1934.418041925,0.008440256118774414
1765400717.1952772,1934.428042014,0.0004932880401611328
1765400717.197332,1934.428042014,0.0025479793548583984
1765400717.1993868,1934.428042014,0.004602909088134766
1765400717.2014592,1934.428042014,0.006675243377685547
1765400717.2035286,1934.428042014,0.00874471664428711
1765400717.2055497,1934.438041469,0.0007662773132324219
1765400717.2076037,1934.438041469,0.002820253372192383
1765400717.2096722,1934.438041469,0.004888772964477539
1765400717.2117262,1934.438041469,0.0069427490234375
1765400717.213794,1934.438041469,0.009010553359985352
1765400717.2158484,1934.448041865,0.0010645389556884766
1765400717.2179015,1934.448041865,0.0031175613403320312
1765400717.2199545,1934.448041865,0.005170583724975586
1765400717.222028,1934.448041865,0.007244110107421875
1765400717.2240822,1934.448041865,0.009298324584960938
1765400717.2261353,1934.458040271,0.0013530254364013672
1765400717.2281885,1934.458040271,0.0034062862396240234
1765400717.230261,1934.458040271,0.005478858947753906
1765400717.2323148,1934.458040271,0.007532596588134766
1765400717.234368,1934.458040271,0.009585857391357422
1765400717.2364376,1934.46804203,0.001653432846069336
1765400717.2385063,1934.46804203,0.0037221908569335938
1765400717.240566,1934.46804203,0.005781888961791992
1765400717.24262,1934.46804203,0.007835865020751953
1765400717.244673,1934.46804203,0.009888887405395508
1765400717.246727,1934.478041551,0.001943349838256836
1765400717.2487955,1934.478041551,0.004011869430541992
1765400717.2508492,1934.478041551,0.0060656070709228516
1765400717.2529175,1934.478041551,0.008133888244628906
1765400717.254972,1934.488042055,0.00018787384033203125
1765400717.257036,1934.488042055,0.002251863479614258
1765400717.2590919,1934.488042055,0.004307746887207031
1765400717.2611449,1934.488042055,0.006360769271850586
1765400717.2632124,1934.488042055,0.008428335189819336
1765400717.2652812,1934.498041998,0.0004971027374267578
1765400717.26735,1934.498041998,0.0025658607482910156
1765400717.269404,1934.498041998,0.0046198368072509766
1765400717.271472,1934.498041998,0.00668787956237793
1765400717.2735403,1934.498041998,0.008756160736083984
1765400717.2755806,1934.508041031,0.0007975101470947266
1765400717.277637,1934.508041031,0.002853870391845703
1765400717.2796907,1934.508041031,0.0049076080322265625
1765400717.2817593,1934.508041031,0.006976127624511719
1765400717.2838128,1934.508041031,0.009029626846313477
1765400717.285866,1934.518041685,0.0010824203491210938
1765400717.2879188,1934.518041685,0.003135204315185547
1765400717.2899718,1934.518041685,0.0051882266998291016
1765400717.2920244,1934.518041685,0.007240772247314453
1765400717.2940927,1934.518041685,0.009309053421020508
1765400717.2961483,1934.528041888,0.0013644695281982422
1765400717.2982023,1934.528041888,0.003418445587158203
1765400717.300275,1934.528041888,0.0054912567138671875
1765400717.3023312,1934.528041888,0.0075473785400390625
1765400717.304385,1934.528041888,0.009601116180419922
1765400717.3064349,1934.538041575,0.0016512870788574219
1765400717.3084881,1934.538041575,0.003704547882080078
1765400717.3105414,1934.538041575,0.005757808685302734
1765400717.3125522,1934.538041575,0.0077686309814453125
1765400717.3146062,1934.538041575,0.009822607040405273
1765400717.3166592,1934.548041273,0.0018758773803710938
1765400717.3187118,1934.548041273,0.003928422927856445
1765400717.3207648,1934.548041273,0.0059814453125
1765400717.3228173,1934.548041273,0.008033990859985352
1765400717.32487,1934.548041273,0.010086774826049805
1765400717.326923,1934.558041509,0.0021393299102783203
1765400717.3289776,1934.558041509,0.004194021224975586
1765400717.3310316,1934.558041509,0.006247997283935547
1765400717.3330855,1934.558041509,0.008301973342895508
1765400717.335139,1934.568042007,0.00035500526428222656
1765400717.3371923,1934.568042007,0.002408266067504883
1765400717.339245,1934.568042007,0.004461050033569336
1765400717.341298,1934.568042007,0.006514072418212891
1765400717.343351,1934.568042007,0.008566856384277344
1765400717.3454041,1934.578041053,0.0006210803985595703
1765400717.347457,1934.578041053,0.0026738643646240234
1765400717.3495286,1934.578041053,0.0047454833984375
1765400717.3515701,1934.578041053,0.00678706169128418
1765400717.3536274,1934.578041053,0.008844375610351562
1765400717.35568,1934.588042124,0.0008959770202636719
1765400717.357734,1934.588042124,0.002949953079223633
1765400717.3597872,1934.588042124,0.005003213882446289
1765400717.3618672,1934.588042124,0.00708317756652832
1765400717.3639212,1934.588042124,0.009137153625488281
1765400717.365974,1934.598042439,0.0011894702911376953
1765400717.368027,1934.598042439,0.00324249267578125
1765400717.3700798,1934.598042439,0.005295276641845703
1765400717.3721323,1934.598042439,0.007347822189331055
1765400717.3741856,1934.598042439,0.009401082992553711
1765400717.3762383,1934.608041278,0.001455068588256836
1765400717.3783062,1934.608041278,0.0035228729248046875
1765400717.3803601,1934.608041278,0.0055768489837646484
1765400717.3824344,1934.608041278,0.007651090621948242
1765400717.384488,1934.608041278,0.009704828262329102
1765400717.3865416,1934.618040422,0.0017592906951904297
1765400717.3885496,1934.618040422,0.003767251968383789
1765400717.3906026,1934.618040422,0.005820274353027344
1765400717.3926551,1934.618040422,0.007872819900512695
1765400717.394708,1934.618040422,0.009925603866577148
1765400717.3967626,1934.628039346,0.0019812583923339844
1765400717.3988395,1934.628039346,0.004058122634887695
1765400717.400895,1934.628039346,0.006113767623901367
1765400717.4029486,1934.628039346,0.008167266845703125
1765400717.4050019,1934.638041833,0.0002181529998779297
1765400717.407056,1934.638041833,0.002272367477416992
1765400717.4091096,1934.638041833,0.00432586669921875
1765400717.4111624,1934.638041833,0.006378650665283203
1765400717.4132152,1934.638041833,0.008431434631347656
1765400717.4152682,1934.648041778,0.000484466552734375
1765400717.4173207,1934.648041778,0.0025370121002197266
1765400717.4193735,1934.648041778,0.00458979606628418
1765400717.421426,1934.648041778,0.006642341613769531
1765400717.423494,1934.648041778,0.008710384368896484
1765400717.4255517,1934.658042389,0.0007672309875488281
1765400717.4276202,1934.658042389,0.0028357505798339844
1765400717.429674,1934.658042389,0.004889488220214844
1765400717.4317267,1934.658042389,0.006942272186279297
1765400717.4337795,1934.658042389,0.00899505615234375
1765400717.435832,1934.668042298,0.0010478496551513672
1765400717.4379,1934.668042298,0.0031158924102783203
1765400717.4399538,1934.668042298,0.00516963005065918
1765400717.4420216,1934.668042298,0.007237434387207031
1765400717.4440753,1934.668042298,0.00929117202758789
1765400717.4461281,1934.678041428,0.0013446807861328125
1765400717.448181,1934.678041428,0.0033974647521972656
1765400717.4502342,1934.678041428,0.005450725555419922
1765400717.4522872,1934.678041428,0.0075037479400634766
1765400717.4543397,1934.678041428,0.009556293487548828
1765400717.4563935,1934.688041515,0.0016100406646728516
1765400717.4584272,1934.688041515,0.0036437511444091797
1765400717.4604802,1934.688041515,0.005696773529052734
1765400717.4625332,1934.688041515,0.007749795913696289
1765400717.4645498,1934.688041515,0.009766340255737305
1765400717.4666028,1934.698041457,0.0018193721771240234
1765400717.4686553,1934.698041457,0.003871917724609375
1765400717.470708,1934.698041457,0.0059244632720947266
1765400717.472761,1934.698041457,0.007977485656738281
1765400717.474784,1934.698041457,0.010000467300415039
1765400717.4768367,1934.708040861,0.0020537376403808594
1765400717.4788892,1934.708040861,0.004106283187866211
1765400717.4809422,1934.708040861,0.006159305572509766
1765400717.4829953,1934.708040861,0.00821232795715332
1765400717.4850507,1934.718040713,0.00026798248291015625
1765400717.4871037,1934.718040713,0.002321004867553711
1765400717.4891567,1934.718040713,0.004374027252197266
1765400717.4912095,1934.718040713,0.006426811218261719
1765400717.4932632,1934.718040713,0.008480548858642578
1765400717.4953165,1934.728040452,0.0005340576171875
1765400717.497371,1934.728040452,0.002588510513305664
1765400717.4994252,1934.728040452,0.0046427249908447266
1765400717.5015001,1934.728040452,0.006717681884765625
1765400717.5035734,1934.728040452,0.008790969848632812
1765400717.505628,1934.73804187,0.0008442401885986328
1765400717.507682,1934.73804187,0.0028982162475585938
1765400717.5097356,1934.73804187,0.0049517154693603516
1765400717.5117884,1934.73804187,0.007004499435424805
1765400717.5138412,1934.73804187,0.009057283401489258
1765400717.5159094,1934.748042255,0.0011250972747802734
1765400717.5179632,1934.748042255,0.003178834915161133
1765400717.5200324,1934.748042255,0.005248069763183594
1765400717.5220864,1934.748042255,0.007302045822143555
1765400717.5241392,1934.748042255,0.009354829788208008
1765400717.5261922,1934.758041327,0.0014088153839111328
1765400717.528245,1934.758041327,0.003461599349975586
1765400717.5303133,1934.758041327,0.005529880523681641
1765400717.5323668,1934.758041327,0.0075833797454833984
1765400717.5344198,1934.758041327,0.009636402130126953
1765400717.536456,1934.768042615,0.0016715526580810547
1765400717.5385103,1934.768042615,0.003725767135620117
1765400717.5405495,1934.768042615,0.005764961242675781
1765400717.5426023,1934.768042615,0.007817745208740234
1765400717.544655,1934.768042615,0.009870529174804688
1765400717.5467079,1934.778040514,0.0019254684448242188
1765400717.5487611,1934.778040514,0.003978729248046875
1765400717.550814,1934.778040514,0.006031513214111328
1765400717.5528665,1934.778040514,0.00808405876159668
1765400717.5549197,1934.78804196,0.00013566017150878906
1765400717.5569735,1934.78804196,0.0021893978118896484
1765400717.5590272,1934.78804196,0.004243135452270508
1765400717.56108,1934.78804196,0.006295919418334961
1765400717.563133,1934.78804196,0.008348941802978516
1765400717.5651855,1934.798040833,0.00040268898010253906
1765400717.5672388,1934.798040833,0.0024559497833251953
1765400717.569307,1934.798040833,0.00452423095703125
1765400717.5713608,1934.798040833,0.006577968597412109
1765400717.5734286,1934.798040833,0.008645772933959961
1765400717.5754826,1934.808040271,0.0007002353668212891
1765400717.5775354,1934.808040271,0.002753019332885742
1765400717.57955,1934.808040271,0.004767656326293945
1765400717.5816026,1934.808040271,0.006820201873779297
1765400717.5836556,1934.808040271,0.008873224258422852
1765400717.5857196,1934.818042195,0.0009353160858154297
1765400717.5877886,1934.818042195,0.003004312515258789
1765400717.5898423,1934.818042195,0.0050580501556396484
1765400717.591895,1934.818042195,0.0071108341217041016
1765400717.5939627,1934.818042195,0.009178400039672852
1765400717.5960183,1934.828041248,0.0012350082397460938
1765400717.5980725,1934.828041248,0.0032892227172851562
1765400717.6001265,1934.828041248,0.005343198776245117
1765400717.6021798,1934.828041248,0.0073964595794677734
1765400717.604233,1934.828041248,0.00944972038269043
1765400717.6062865,1934.838042272,0.0015022754669189453
1765400717.608344,1934.838042272,0.0035598278045654297
1765400717.610397,1934.838042272,0.005612850189208984
1765400717.6124227,1934.838042272,0.007638454437255859
1765400717.6144574,1934.838042272,0.009673118591308594
1765400717.6165113,1934.848041891,0.0017275810241699219
1765400717.6185498,1934.848041891,0.0037660598754882812
1765400717.6206026,1934.848041891,0.005818843841552734
1765400717.6226566,1934.848041891,0.007872819900512695
1765400717.6247096,1934.848041891,0.00992584228515625
1765400717.6267624,1934.858040508,0.001979827880859375
1765400717.6288152,1934.858040508,0.004032611846923828
1765400717.6308677,1934.858040508,0.00608515739440918
1765400717.6329205,1934.858040508,0.008137941360473633
1765400717.6349733,1934.868041911,0.00018930435180664062
1765400717.637026,1934.868041911,0.0022420883178710938
1765400717.6390786,1934.868041911,0.004294633865356445
1765400717.6411314,1934.868041911,0.0063474178314208984
1765400717.6431842,1934.868041911,0.008400201797485352
1765400717.645237,1934.878042234,0.0004527568817138672
1765400717.6472895,1934.878042234,0.0025053024291992188
1765400717.649343,1934.878042234,0.0045588016510009766
1765400717.6513958,1934.878042234,0.00661158561706543
1765400717.6534488,1934.878042234,0.008664608001708984
1765400717.6555016,1934.888042741,0.0007169246673583984
1765400717.657551,1934.888042741,0.0027663707733154297
1765400717.659605,1934.888042741,0.004820346832275391
1765400717.6616578,1934.888042741,0.006873130798339844
1765400717.6637108,1934.888042741,0.008926153182983398
1765400717.6657789,1934.898039981,0.0009968280792236328
1765400717.6678329,1934.898039981,0.0030508041381835938
1765400717.6698856,1934.898039981,0.005103588104248047
1765400717.6719384,1934.898039981,0.0071563720703125
1765400717.673991,1934.898039981,0.009208917617797852
1765400717.676044,1934.908040831,0.0012612342834472656
1765400717.6780965,1934.908040831,0.003313779830932617
1765400717.6801496,1934.908040831,0.005366802215576172
1765400717.6822023,1934.908040831,0.007419586181640625
1765400717.6842551,1934.908040831,0.009472370147705078
1765400717.6863241,1934.918042997,0.0015392303466796875
1765400717.6883779,1934.918042997,0.003592967987060547
1765400717.6904402,1934.918042997,0.0056552886962890625
1765400717.692494,1934.918042997,0.007709026336669922
1765400717.6945467,1934.918042997,0.009761810302734375
1765400717.696604,1934.928042098,0.0018198490142822266
1765400717.6986578,1934.928042098,0.003873586654663086
1765400717.700711,1934.928042098,0.005926847457885742
1765400717.702764,1934.928042098,0.007979869842529297
1765400717.7048166,1934.928042098,0.010032415390014648
1765400717.7068706,1934.938042508,0.002086162567138672
1765400717.708924,1934.938042508,0.00413966178894043
1765400717.710977,1934.938042508,0.006192684173583984
1765400717.7130299,1934.938042508,0.008245468139648438
1765400717.7150826,1934.948042394,0.0002982616424560547
1765400717.7171354,1934.948042394,0.002351045608520508
1765400717.7191904,1934.948042394,0.004405975341796875
1765400717.7212443,1934.948042394,0.006459951400756836
1765400717.723298,1934.948042394,0.008513689041137695
1765400717.7253516,1934.95804093,0.0005686283111572266
1765400717.7274213,1934.95804093,0.0026383399963378906
1765400717.7294908,1934.95804093,0.004707813262939453
1765400717.7315443,1934.95804093,0.006761312484741211
1765400717.7335498,1934.95804093,0.008766889572143555
1765400717.7356029,1934.968041936,0.0008189678192138672
1765400717.737656,1934.968041936,0.0028722286224365234
1765400717.739709,1934.968041936,0.0049250125885009766
1765400717.7417614,1934.968041936,0.006977558135986328
1765400717.7438145,1934.968041936,0.009030580520629883
1765400717.7458696,1934.978041238,0.0010864734649658203
1765400717.7479224,1934.978041238,0.0031392574310302734
1765400717.7499754,1934.978041238,0.005192279815673828
1765400717.7520285,1934.978041238,0.007245302200317383
1765400717.7540824,1934.978041238,0.009299278259277344
1765400717.7561362,1934.988042278,0.0013518333435058594
1765400717.7581909,1934.988042278,0.003406524658203125
1765400717.7602513,1934.988042278,0.005466938018798828
1765400717.7623084,1934.988042278,0.007524013519287109
1765400717.7643628,1934.988042278,0.009578466415405273
1765400717.7664177,1934.998041879,0.0016338825225830078
1765400717.7684517,1934.998041879,0.0036678314208984375
1765400717.7705064,1934.998041879,0.005722522735595703
1765400717.7725542,1934.998041879,0.0077702999114990234
1765400717.7746072,1934.998041879,0.009823322296142578
1765400717.77666,1935.008043735,0.0018742084503173828
1765400717.7787125,1935.008043735,0.003926753997802734
1765400717.7807655,1935.008043735,0.005979776382446289
1765400717.7828207,1935.008043735,0.008034944534301758
1765400717.7848747,1935.008043735,0.010088920593261719
1765400717.7869287,1935.018041503,0.002145051956176758
1765400717.7889829,1935.018041503,0.00419926643371582
1765400717.791036,1935.018041503,0.006252288818359375
1765400717.793089,1935.018041503,0.00830531120300293
1765400717.795142,1935.028040784,0.0003590583801269531
1765400717.7971964,1935.028040784,0.002413511276245117
1765400717.7992504,1935.028040784,0.004467487335205078
1765400717.8013039,1935.028040784,0.006520986557006836
1765400717.8033566,1935.028040784,0.008573770523071289
1765400717.80541,1935.0380423,0.0006256103515625
1765400717.807464,1935.0380423,0.002679586410522461
1765400717.8095176,1935.0380423,0.00473332405090332
1765400717.8115506,1935.0380423,0.006766319274902344
1765400717.8136039,1935.0380423,0.008819580078125
1765400717.8156567,1935.048041216,0.000873565673828125
1765400717.8177247,1935.048041216,0.002941608428955078
1765400717.8197784,1935.048041216,0.0049953460693359375
1765400717.8218315,1935.048041216,0.007048368453979492
1765400717.823884,1935.048041216,0.009100914001464844
1765400717.8259392,1935.058041497,0.0011556148529052734
1765400717.8279922,1935.058041497,0.003208637237548828
1765400717.8300602,1935.058041497,0.005276679992675781
1765400717.8321376,1935.058041497,0.007354021072387695
1765400717.8342066,1935.058041497,0.009423017501831055
1765400717.8362758,1935.068042373,0.001491546630859375
1765400717.8383448,1935.068042373,0.0035605430603027344
1765400717.8404005,1935.068042373,0.005616188049316406
1765400717.8424199,1935.068042373,0.007635593414306641
1765400717.844488,1935.068042373,0.009703636169433594
1765400717.8465424,1935.078040593,0.0017597675323486328
1765400717.8485641,1935.078040593,0.003781557083129883
1765400717.8506176,1935.078040593,0.005835056304931641
1765400717.8526707,1935.078040593,0.007888078689575195
1765400717.854709,1935.078040593,0.009926319122314453
1765400717.856763,1935.088043025,0.0019779205322265625
1765400717.8588176,1935.088043025,0.004032611846923828
1765400717.8608704,1935.088043025,0.006085395812988281
1765400717.8629231,1935.088043025,0.008138179779052734
1765400717.8649762,1935.0980417,0.00019240379333496094
1765400717.8670287,1935.0980417,0.0022449493408203125
1765400717.8690815,1935.0980417,0.004297733306884766
1765400717.8711343,1935.0980417,0.006350517272949219
1765400717.873187,1935.0980417,0.008403301239013672
1765400717.87524,1935.108041632,0.0004565715789794922
1765400717.8772948,1935.108041632,0.002511262893676758
1765400717.8793476,1935.108041632,0.004564046859741211
1765400717.8814137,1935.108041632,0.0066301822662353516
1765400717.8834674,1935.108041632,0.008683919906616211
1765400717.8855212,1935.118041198,0.0007379055023193359
1765400717.8875499,1935.118041198,0.0027666091918945312
1765400717.889603,1935.118041198,0.004819631576538086
1765400717.8916554,1935.118041198,0.0068721771240234375
1765400717.893708,1935.118041198,0.008924722671508789
1765400717.895762,1935.128041147,0.0009789466857910156
1765400717.8978179,1935.128041147,0.003034830093383789
1765400717.8998752,1935.128041147,0.005092144012451172
1765400717.901931,1935.128041147,0.007148027420043945
1765400717.9040008,1935.128041147,0.00921773910522461
1765400717.9060905,1935.13804232,0.001306295394897461
1765400717.908146,1935.13804232,0.0033617019653320312
1765400717.9102156,1935.13804232,0.005431413650512695
1765400717.9122698,1935.13804232,0.007485628128051758
1765400717.9143226,1935.13804232,0.009538412094116211
1765400717.9163756,1935.148041437,0.0015921592712402344
1765400717.9184196,1935.148041437,0.0036361217498779297
1765400717.920446,1935.148041437,0.005662441253662109
1765400717.9225,1935.148041437,0.00771641731262207
1765400717.9245498,1935.148041437,0.009766340255737305
1765400717.9266026,1935.158040656,0.0018198490142822266
1765400717.9286554,1935.158040656,0.0038726329803466797
1765400717.9307082,1935.158040656,0.005925416946411133
1765400717.9327607,1935.158040656,0.007977962493896484
1765400717.9348137,1935.158040656,0.010030984878540039
1765400717.9368665,1935.168040257,0.0020842552185058594
1765400717.938919,1935.168040257,0.004136800765991211
1765400717.940972,1935.168040257,0.006189823150634766
1765400717.9430246,1935.168040257,0.008242368698120117
1765400717.9450774,1935.178039857,0.0002956390380859375
1765400717.9471304,1935.178039857,0.002348661422729492
1765400717.9491835,1935.178039857,0.004401683807373047
1765400717.9512362,1935.178039857,0.0064544677734375
1765400717.9532893,1935.178039857,0.008507490158081055
1765400717.955342,1935.188042834,0.0005571842193603516
1765400717.9574122,1935.188042834,0.0026273727416992188
1765400717.9594831,1935.188042834,0.004698276519775391
1765400717.96157,1935.188042834,0.006785154342651367
1765400717.9636376,1935.188042834,0.008852720260620117
1765400717.9656906,1935.198041083,0.0009074211120605469
1765400717.9677432,1935.198041083,0.0029599666595458984
1765400717.9697962,1935.198041083,0.005012989044189453
1765400717.9718487,1935.198041083,0.007065534591674805
1765400717.9739175,1935.198041083,0.009134292602539062
1765400717.9759712,1935.208042261,0.0011870861053466797
1765400717.978024,1935.208042261,0.003239870071411133
1765400717.9800768,1935.208042261,0.005292654037475586
1765400717.9821448,1935.208042261,0.007360696792602539
1765400717.9841983,1935.208042261,0.009414196014404297
1765400717.9862666,1935.218041341,0.0014832019805908203
1765400717.9883204,1935.218041341,0.0035369396209716797
1765400717.9903734,1935.218041341,0.005589962005615234
1765400717.992419,1935.218041341,0.007635593414306641
1765400717.994472,1935.218041341,0.009688615798950195
1765400717.9965272,1935.228040162,0.001744985580444336
1765400717.998551,1935.228040162,0.0037686824798583984
1765400718.0006046,1935.228040162,0.005822420120239258
1765400718.0026581,1935.228040162,0.007875919342041016
1765400718.004711,1935.228040162,0.009928703308105469
1765400718.0067656,1935.238042764,0.0019807815551757812
1765400718.008824,1935.238042764,0.004039287567138672
1765400718.0108774,1935.238042764,0.006092548370361328
1765400718.0130258,1935.238042764,0.008240938186645508
1765400718.0150902,1935.24804185,0.0003063678741455078
1765400718.0172129,1935.24804185,0.0024290084838867188
1765400718.0193348,1935.24804185,0.004550933837890625
1765400718.0214093,1935.24804185,0.00662541389465332
1765400718.0234797,1935.24804185,0.008695840835571289
1765400718.0255363,1935.25804078,0.0007536411285400391
1765400718.0275679,1935.25804078,0.002785205841064453
1765400718.0296245,1935.25804078,0.004841804504394531
1765400718.0316777,1935.25804078,0.0068950653076171875
1765400718.0337305,1935.25804078,0.00894784927368164
1765400718.0357842,1935.268041991,0.0010001659393310547
1765400718.0378373,1935.268041991,0.0030531883239746094
1765400718.039905,1935.268041991,0.005120992660522461
1765400718.0419588,1935.268041991,0.00717473030090332
1765400718.0440137,1935.268041991,0.009229660034179688
1765400718.0460725,1935.278040671,0.0012898445129394531
1765400718.0481434,1935.278040671,0.003360748291015625
1765400718.0501995,1935.278040671,0.0054168701171875
1765400718.0522804,1935.278040671,0.0074977874755859375
1765400718.0543444,1935.278040671,0.009561777114868164
1765400718.0563996,1935.288042885,0.0016148090362548828
1765400718.058454,1935.288042885,0.003669261932373047
1765400718.060509,1935.288042885,0.005724191665649414
1765400718.062572,1935.288042885,0.007787227630615234
1765400718.0646267,1935.288042885,0.0098419189453125
1765400718.0666797,1935.29804153,0.0018961429595947266
1765400718.068733,1935.29804153,0.003949403762817383
1765400718.0707858,1935.29804153,0.006002187728881836
1765400718.0728385,1935.29804153,0.008054971694946289
1765400718.074892,1935.308041688,0.00010848045349121094
1765400718.0769467,1935.308041688,0.0021631717681884766
1765400718.0790012,1935.308041688,0.004217624664306641
1765400718.0810552,1935.308041688,0.0062716007232666016
1765400718.083109,1935.308041688,0.008325338363647461
1765400718.0851622,1935.3180418,0.0003783702850341797
1765400718.0872154,1935.3180418,0.002431631088256836
1765400718.0892828,1935.3180418,0.004498958587646484
1765400718.091337,1935.3180418,0.006553173065185547
1765400718.0934048,1935.3180418,0.008620977401733398
1765400718.0954604,1935.328041283,0.0006771087646484375
1765400718.0975153,1935.328041283,0.0027320384979248047
1765400718.0995736,1935.328041283,0.004790306091308594
1765400718.1016438,1935.328041283,0.006860494613647461
1765400718.1037126,1935.328041283,0.008929252624511719
1765400718.1057663,1935.338041905,0.0009822845458984375
1765400718.1078212,1935.338041905,0.0030372142791748047
1765400718.1098766,1935.338041905,0.005092620849609375
1765400718.1119316,1935.338041905,0.007147550582885742
1765400718.1140041,1935.338041905,0.009220123291015625
1765400718.1160748,1935.348041431,0.0012912750244140625
1765400718.118129,1935.348041431,0.003345489501953125
1765400718.120182,1935.348041431,0.00539851188659668
1765400718.1222348,1935.348041431,0.007451295852661133
1765400718.124288,1935.348041431,0.009504556655883789
1765400718.1263587,1935.358040591,0.0015761852264404297
1765400718.1284413,1935.358040591,0.003658771514892578
1765400718.1305196,1935.358040591,0.0057370662689208984
1765400718.1325686,1935.358040591,0.0077860355377197266
1765400718.134623,1935.358040591,0.00984048843383789
1765400718.1366765,1935.368042445,0.00189208984375
1765400718.1387322,1935.368042445,0.003947734832763672
1765400718.1407852,1935.368042445,0.0060007572174072266
1765400718.142838,1935.368042445,0.00805354118347168
1765400718.144893,1935.378042183,0.0001087188720703125
1765400718.1469507,1935.378042183,0.0021665096282958984
1765400718.1490057,1935.378042183,0.004221439361572266
1765400718.1510599,1935.378042183,0.006275653839111328
1765400718.1531131,1935.378042183,0.008328914642333984
1765400718.1551664,1935.388043401,0.0003809928894042969
1765400718.157221,1935.388043401,0.0024356842041015625
1765400718.1592758,1935.388043401,0.004490375518798828
1765400718.1613288,1935.388043401,0.006543397903442383
1765400718.163384,1935.388043401,0.008598566055297852
1765400718.1654387,1935.398041341,0.0006554126739501953
1765400718.1675098,1935.398041341,0.0027265548706054688
1765400718.1695654,1935.398041341,0.004782199859619141
1765400718.1716342,1935.398041341,0.0068509578704833984
1765400718.1736882,1935.398041341,0.00890493392944336
1765400718.1757414,1935.408042221,0.0009572505950927734
1765400718.1777945,1935.408042221,0.003010272979736328
1765400718.1798494,1935.408042221,0.005065202713012695
1765400718.1819036,1935.408042221,0.007119417190551758
1765400718.183957,1935.408042221,0.009172916412353516
1765400718.1860268,1935.418041838,0.0012428760528564453
1765400718.1880956,1935.418041838,0.003311634063720703
1765400718.1901493,1935.418041838,0.0053653717041015625
1765400718.1922023,1935.418041838,0.007418394088745117
1765400718.194255,1935.418041838,0.00947117805480957
1765400718.1963103,1935.428040455,0.0015277862548828125
1765400718.1983864,1935.428040455,0.0036039352416992188
1765400718.2004626,1935.428040455,0.005680084228515625
1765400718.202536,1935.428040455,0.007753610610961914
1765400718.2045667,1935.428040455,0.009784221649169922
1765400718.2066228,1935.438041606,0.0018391609191894531
1765400718.2086775,1935.438041606,0.0038938522338867188
1765400718.2107313,1935.438041606,0.005947589874267578
1765400718.2127862,1935.438041606,0.008002519607543945
1765400718.2148407,1935.44804008,5.8650970458984375e-05
1765400718.216894,1935.44804008,0.0021119117736816406
1765400718.2189474,1935.44804008,0.0041654109954833984
1765400718.2210002,1935.44804008,0.0062181949615478516
1765400718.2230673,1935.44804008,0.008285284042358398
1765400718.2251215,1935.458041585,0.00033783912658691406
1765400718.2271748,1935.458041585,0.0023910999298095703
1765400718.2292278,1935.458041585,0.004444122314453125
1765400718.2312827,1935.458041585,0.006499052047729492
1765400718.2333372,1935.458041585,0.008553504943847656
1765400718.2353907,1935.468041602,0.0006070137023925781
1765400718.2374604,1935.468041602,0.002676725387573242
1765400718.239529,1935.468041602,0.0047452449798583984
1765400718.2415655,1935.468041602,0.006781816482543945
1765400718.2436194,1935.468041602,0.008835792541503906
1765400718.2456732,1935.478039271,0.0008919239044189453
1765400718.2477283,1935.478039271,0.002947092056274414
1765400718.2497838,1935.478039271,0.005002498626708984
1765400718.251838,1935.478039271,0.007056713104248047
1765400718.2538724,1935.478039271,0.00909113883972168
1765400718.2559268,1935.48804294,0.0011420249938964844
1765400718.2579803,1935.48804294,0.003195524215698242
1765400718.2600336,1935.48804294,0.0052487850189208984
1765400718.2620862,1935.48804294,0.00730133056640625
1765400718.2641544,1935.48804294,0.009369611740112305
1765400718.2662082,1935.498040731,0.0014255046844482422
1765400718.2682612,1935.498040731,0.003478527069091797
1765400718.2703178,1935.498040731,0.005535125732421875
1765400718.2723858,1935.498040731,0.007603168487548828
1765400718.2744339,1935.498040731,0.00965118408203125
1765400718.2765033,1935.508042971,0.001718282699584961
1765400718.2785506,1935.508042971,0.003765583038330078
1765400718.2806034,1935.508042971,0.005818367004394531
1765400718.2826562,1935.508042971,0.007871150970458984
1765400718.284709,1935.508042971,0.009923934936523438
1765400718.2867618,1935.518041397,0.0019783973693847656
1765400718.2888145,1935.518041397,0.004031181335449219
1765400718.290867,1935.518041397,0.00608372688293457
1765400718.29292,1935.518041397,0.008136749267578125
1765400718.294973,1935.528039964,0.00019097328186035156
1765400718.2970273,1935.528039964,0.0022454261779785156
1765400718.2990813,1935.528039964,0.0042994022369384766
1765400718.3011346,1935.528039964,0.006352663040161133
1765400718.3031876,1935.528039964,0.008405685424804688
1765400718.3052409,1935.538042532,0.0004563331604003906
1765400718.3072941,1935.538042532,0.002509593963623047
1765400718.3093474,1935.538042532,0.004562854766845703
1765400718.3114002,1935.538042532,0.006615638732910156
1765400718.3134682,1935.538042532,0.00868368148803711
1765400718.3155222,1935.548041324,0.0007388591766357422
1765400718.3175495,1935.548041324,0.002766132354736328
1765400718.3196175,1935.548041324,0.004834175109863281
1765400718.3216717,1935.548041324,0.006888389587402344
1765400718.3237243,1935.548041324,0.008940935134887695
1765400718.3257778,1935.558042436,0.0009932518005371094
1765400718.3278453,1935.558042436,0.0030608177185058594
1765400718.3299143,1935.558042436,0.005129814147949219
1765400718.3319833,1935.558042436,0.007198810577392578
1765400718.3340518,1935.558042436,0.009267330169677734
1765400718.3361063,1935.568041261,0.0013229846954345703
1765400718.338159,1935.568041261,0.0033757686614990234
1765400718.3402116,1935.568041261,0.005428314208984375
1765400718.3422647,1935.568041261,0.00748133659362793
1765400718.3443322,1935.568041261,0.00954890251159668
1765400718.3463895,1935.57803945,0.001608133316040039
1765400718.3484383,1935.57803945,0.0036568641662597656
1765400718.3505087,1935.57803945,0.005727291107177734
1765400718.3525505,1935.57803945,0.007769107818603516
1765400718.354603,1935.57803945,0.009821653366088867
1765400718.3566566,1935.588043074,0.0018715858459472656
1765400718.35871,1935.588043074,0.0039250850677490234
1765400718.3607695,1935.588043074,0.00598454475402832
1765400718.3628235,1935.588043074,0.008038520812988281
1765400718.3648765,1935.588043074,0.010091543197631836
1765400718.3669312,1935.598040337,0.002148866653442383
1765400718.3689854,1935.598040337,0.004203081130981445
1765400718.3710387,1935.598040337,0.0062563419342041016
1765400718.373092,1935.598040337,0.008309602737426758
1765400718.3751452,1935.608040218,0.0003628730773925781
1765400718.377198,1935.608040218,0.0024156570434570312
1765400718.379251,1935.608040218,0.004468679428100586
1765400718.3813038,1935.608040218,0.006521463394165039
1765400718.383359,1935.608040218,0.008576631546020508
1765400718.3854132,1935.618041391,0.0006299018859863281
1765400718.387467,1935.618041391,0.0026836395263671875
1765400718.3895206,1935.618041391,0.004737377166748047
1765400718.3915675,1935.618041391,0.006784200668334961
1765400718.3936214,1935.618041391,0.008838176727294922
1765400718.3956747,1935.628040645,0.0008921623229980469
1765400718.3977547,1935.628040645,0.002972126007080078
1765400718.3998115,1935.628040645,0.005028963088989258
1765400718.4018676,1935.628040645,0.007085084915161133
1765400718.4039204,1935.628040645,0.009137868881225586
1765400718.4059734,1935.638043743,0.0011878013610839844
1765400718.4080272,1935.638043743,0.0032415390014648438
1765400718.410082,1935.638043743,0.005296468734741211
1765400718.4121504,1935.638043743,0.007364749908447266
1765400718.4142041,1935.638043743,0.009418487548828125
1765400718.4162571,1935.648042232,0.0014729499816894531
1765400718.41831,1935.648042232,0.0035257339477539062
1765400718.4203775,1935.648042232,0.005593299865722656
1765400718.42241,1935.648042232,0.0076258182525634766
1765400718.4244308,1935.648042232,0.00964665412902832
1765400718.426485,1935.658041263,0.0017018318176269531
1765400718.4285378,1935.658041263,0.0037546157836914062
1765400718.4305496,1935.658041263,0.005766391754150391
1765400718.4326022,1935.658041263,0.007818937301635742
1765400718.434655,1935.658041263,0.009871721267700195
1765400718.4367077,1935.668041134,0.0019245147705078125
1765400718.4387608,1935.668041134,0.003977537155151367
1765400718.4408135,1935.668041134,0.00603032112121582
1765400718.442866,1935.668041134,0.008082866668701172
1765400718.4449193,1935.678040787,0.0001366138458251953
1765400718.4469721,1935.678040787,0.0021893978118896484
1765400718.449025,1935.678040787,0.0042421817779541016
1765400718.451078,1935.678040787,0.006295204162597656
1765400718.4531307,1935.678040787,0.00834798812866211
1765400718.4551861,1935.688041391,0.00040268898010253906
1765400718.4572399,1935.688041391,0.0024564266204833984
1765400718.4592938,1935.688041391,0.004510402679443359
1765400718.4613469,1935.688041391,0.006563425064086914
1765400718.4634163,1935.688041391,0.008632898330688477
1765400718.4654698,1935.698040631,0.0006871223449707031
1765400718.4675229,1935.698040631,0.002740144729614258
1765400718.4695497,1935.698040631,0.004766941070556641
1765400718.4716022,1935.698040631,0.006819486618041992
1765400718.4736557,1935.698040631,0.00887298583984375
1765400718.4757087,1935.708040534,0.0009262561798095703
1765400718.4777615,1935.708040534,0.0029790401458740234
1765400718.479814,1935.708040534,0.005031585693359375
1765400718.481867,1935.708040534,0.00708460807800293
1765400718.4839196,1935.708040534,0.009137153625488281
1765400718.4859726,1935.718040856,0.0011897087097167969
1765400718.4880254,1935.718040856,0.00324249267578125
1765400718.4900782,1935.718040856,0.005295276641845703
1765400718.492131,1935.718040856,0.007348060607910156
1765400718.4941988,1935.718040856,0.009415864944458008
1765400718.4962556,1935.728041168,0.00147247314453125
1765400718.4983099,1935.728041168,0.0035266876220703125
1765400718.5003633,1935.728041168,0.00558018684387207
1765400718.5024333,1935.728041168,0.007650136947631836
1765400718.5044916,1935.728041168,0.009708404541015625
1765400718.506545,1935.738041517,0.0017616748809814453
1765400718.5085506,1935.738041517,0.003767251968383789
1765400718.5106034,1935.738041517,0.005820035934448242
1765400718.5126565,1935.738041517,0.007873058319091797
1765400718.5147007,1935.738041517,0.009917259216308594
1765400718.5167534,1935.748042012,0.0019693374633789062
1765400718.5188062,1935.748042012,0.004022121429443359
1765400718.5208592,1935.748042012,0.006075143814086914
1765400718.522912,1935.748042012,0.008127927780151367
1765400718.5249648,1935.758041638,0.0001811981201171875
1765400718.5270174,1935.758041638,0.002233743667602539
1765400718.5290704,1935.758041638,0.004286766052246094
1765400718.5311232,1935.758041638,0.006339550018310547
1765400718.533178,1935.758041638,0.008394479751586914
1765400718.535231,1935.768041904,0.00044727325439453125
1765400718.5372841,1935.768041904,0.002500295639038086
1765400718.539353,1935.768041904,0.004569053649902344
1765400718.5414085,1935.768041904,0.006624698638916016
1765400718.5434613,1935.768041904,0.008677482604980469
1765400718.5455139,1935.778041928,0.0007300376892089844
1765400718.5475655,1935.778041928,0.0027816295623779297
1765400718.5496194,1935.778041928,0.004835605621337891
1765400718.5516722,1935.778041928,0.006888389587402344
1765400718.5537255,1935.778041928,0.008941650390625
1765400718.5557783,1935.788041513,0.0009946823120117188
1765400718.5578318,1935.788041513,0.0030481815338134766
1765400718.5599012,1935.788041513,0.005117654800415039
1765400718.561955,1935.788041513,0.0071713924407958984
1765400718.564023,1935.788041513,0.009239435195922852
1765400718.566078,1935.798040268,0.0012958049774169922
1765400718.568131,1935.798040268,0.003348827362060547
1765400718.570184,1935.798040268,0.0054018497467041016
1765400718.5722365,1935.798040268,0.007454395294189453
1765400718.574305,1935.798040268,0.00952291488647461
1765400718.5763588,1935.808041506,0.0015752315521240234
1765400718.578427,1935.808041506,0.003643512725830078
1765400718.5804963,1935.808041506,0.005712747573852539
1765400718.5825496,1935.808041506,0.007766008377075195
1765400718.584602,1935.808041506,0.009818553924560547
1765400718.5866551,1935.818041272,0.0018718242645263672
1765400718.5887082,1935.818041272,0.003924846649169922
1765400718.590761,1935.818041272,0.005977630615234375
1765400718.5928137,1935.818041272,0.008030414581298828
1765400718.5948668,1935.818041272,0.010083436965942383
1765400718.5969214,1935.828041071,0.002138376235961914
1765400718.5989752,1935.828041071,0.0041921138763427734
1765400718.601029,1935.828041071,0.006245851516723633
1765400718.6030824,1935.828041071,0.00829935073852539
1765400718.605136,1935.838042279,0.0003516674041748047
1765400718.6071942,1935.838042279,0.0024099349975585938
1765400718.609248,1935.838042279,0.004463672637939453
1765400718.611301,1935.838042279,0.006516695022583008
1765400718.6133537,1935.838042279,0.008569478988647461
1765400718.6154063,1935.848040668,0.0006237030029296875
1765400718.6174593,1935.848040668,0.002676725387573242
1765400718.6195118,1935.848040668,0.004729270935058594
1765400718.621553,1935.848040668,0.00677037239074707
1765400718.6236072,1935.848040668,0.008824586868286133
1765400718.6256604,1935.85804026,0.0008780956268310547
1765400718.6277132,1935.85804026,0.002930879592895508
1765400718.6297662,1935.85804026,0.0049839019775390625
1765400718.6318188,1935.85804026,0.007036447525024414
1765400718.6338718,1935.85804026,0.009089469909667969
1765400718.635925,1935.868041447,0.0011415481567382812
1765400718.6379797,1935.868041447,0.003196239471435547
1765400718.6400337,1935.868041447,0.005250215530395508
1765400718.6421087,1935.868041447,0.007325172424316406
1765400718.6441643,1935.868041447,0.009380817413330078
1765400718.646218,1935.878042693,0.0014333724975585938
1765400718.6482713,1935.878042693,0.00348663330078125
1765400718.6503246,1935.878042693,0.005539894104003906
1765400718.6523776,1935.878042693,0.007592916488647461
1765400718.6544144,1935.878042693,0.00962972640991211
1765400718.6564677,1935.888041303,0.001684427261352539
1765400718.6585214,1935.888041303,0.0037381649017333984
1765400718.6605513,1935.888041303,0.0057680606842041016
1765400718.6626086,1935.888041303,0.007825374603271484
1765400718.6646612,1935.888041303,0.009877920150756836
1765400718.6667142,1935.898040481,0.0019316673278808594
1765400718.6687672,1935.898040481,0.003984689712524414
1765400718.670821,1935.898040481,0.0060384273529052734
1765400718.6728737,1935.898040481,0.008091211318969727
1765400718.6749265,1935.90804201,0.00014257431030273438
1765400718.6769795,1935.90804201,0.002195596694946289
1765400718.6790323,1935.90804201,0.004248380661010742
1765400718.6810849,1935.90804201,0.006300926208496094
1765400718.683138,1935.90804201,0.008353948593139648
1765400718.685191,1935.918041169,0.0004076957702636719
1765400718.6872437,1935.918041169,0.002460479736328125
1765400718.6892967,1935.918041169,0.00451350212097168
1765400718.6913493,1935.918041169,0.006566047668457031
1765400718.6934173,1935.918041169,0.008634090423583984
1765400718.6957595,1935.92804113,0.0009763240814208984
1765400718.6978166,1935.92804113,0.0030333995819091797
1765400718.6998708,1935.92804113,0.005087614059448242
1765400718.7019405,1935.92804113,0.007157325744628906
1765400718.7039943,1935.92804113,0.009211063385009766
1765400718.706063,1935.938042638,0.0012784004211425781
1765400718.7081177,1935.938042638,0.0033330917358398438
1765400718.710171,1935.938042638,0.0053863525390625
1765400718.7122393,1935.938042638,0.007454633712768555
1765400718.7142932,1935.938042638,0.009508609771728516
1765400718.716346,1935.94804187,0.0015621185302734375
1765400718.718399,1935.94804187,0.003615140914916992
1765400718.7204504,1935.94804187,0.005666494369506836
1765400718.7225068,1935.94804187,0.0077228546142578125
1765400718.7245502,1935.94804187,0.009766340255737305
1765400718.7266033,1935.95804093,0.0018203258514404297
1765400718.7286563,1935.95804093,0.0038733482360839844
1765400718.7307093,1935.95804093,0.005926370620727539
1765400718.732762,1935.95804093,0.007979154586791992
1765400718.734815,1935.95804093,0.010031938552856445
1765400718.736868,1935.968041925,0.002084016799926758
1765400718.7389205,1935.968041925,0.004136562347412109
1765400718.7409732,1935.968041925,0.0061893463134765625
1765400718.7430305,1935.968041925,0.008246660232543945
1765400718.745083,1935.978039538,0.00030159950256347656
1765400718.747136,1935.978039538,0.0023546218872070312
1765400718.7491891,1935.978039538,0.004407644271850586
1765400718.7512422,1935.978039538,0.006460666656494141
1765400718.753295,1935.978039538,0.008513450622558594
1765400718.7553477,1935.988042335,0.0005633831024169922
1765400718.7574034,1935.988042335,0.002619028091430664
1765400718.7594743,1935.988042335,0.004689931869506836
1765400718.7615435,1935.988042335,0.006759166717529297
1765400718.76355,1935.988042335,0.008765697479248047
1765400718.7656028,1935.998040568,0.000820159912109375
1765400718.7676556,1935.998040568,0.002872943878173828
1765400718.7697086,1935.998040568,0.004925966262817383
1765400718.7717614,1935.998040568,0.006978750228881836
1765400718.773814,1935.998040568,0.009031295776367188
1765400718.775883,1936.008041354,0.0010995864868164062
1765400718.777952,1936.008041354,0.0031685829162597656
1765400718.7800057,1936.008041354,0.005222320556640625
1765400718.7820587,1936.008041354,0.00727534294128418
1765400718.7841268,1936.008041354,0.009343385696411133
1765400718.7861805,1936.018041089,0.0013973712921142578
1765400718.7882485,1936.018041089,0.003465414047241211
1765400718.7903023,1936.018041089,0.00551915168762207
1765400718.7923703,1936.018041089,0.0075871944427490234
1765400718.7944412,1936.018041089,0.009658098220825195
1765400718.7964966,1936.028041372,0.0017132759094238281
1765400718.7985506,1936.028041372,0.003767251968383789
1765400718.8006046,1936.028041372,0.00582122802734375
1765400718.8026588,1936.028041372,0.007875442504882812
1765400718.8047118,1936.028041372,0.009928464889526367
1765400718.8067682,1936.038041967,0.001984119415283203
1765400718.8088222,1936.038041967,0.004038095474243164
1765400718.8108752,1936.038041967,0.006091117858886719
1765400718.812928,1936.038041967,0.008143901824951172
1765400718.8149807,1936.048040265,0.00019860267639160156
1765400718.8170338,1936.048040265,0.0022516250610351562
1765400718.8190863,1936.048040265,0.004304170608520508
1765400718.821139,1936.048040265,0.006356954574584961
1765400718.823192,1936.048040265,0.008409738540649414
1765400718.8252447,1936.05804034,0.0004622936248779297
1765400718.8272974,1936.05804034,0.002515077590942383
1765400718.8293502,1936.05804034,0.004567861557006836
1765400718.8314028,1936.05804034,0.0066204071044921875
1765400718.8334556,1936.05804034,0.00867319107055664
1765400718.8355086,1936.068041267,0.0007252693176269531
1765400718.83755,1936.068041267,0.0027666091918945312
1765400718.8396177,1936.068041267,0.004834413528442383
1765400718.8416715,1936.068041267,0.006888151168823242
1765400718.8437243,1936.068041267,0.008940935134887695
1765400718.8457778,1936.078040123,0.000995635986328125
1765400718.8478305,1936.078040123,0.003048419952392578
1765400718.8498995,1936.078040123,0.0051174163818359375
1765400718.8519535,1936.078040123,0.0071713924407958984
1765400718.8540063,1936.078040123,0.009224176406860352
1765400718.856087,1936.088042434,0.001302480697631836
1765400718.8581433,1936.088042434,0.0033588409423828125
1765400718.8601992,1936.088042434,0.005414724349975586
1765400718.862253,1936.088042434,0.007468461990356445
1765400718.8643074,1936.088042434,0.00952291488647461
1765400718.8663616,1936.098041643,0.0015780925750732422
1765400718.8684108,1936.098041643,0.003627300262451172
1765400718.8704805,1936.098041643,0.005697011947631836
1765400718.8725374,1936.098041643,0.007753849029541016
1765400718.874552,1936.098041643,0.009768486022949219
1765400718.8766124,1936.108042423,0.0018279552459716797
1765400718.8786693,1936.108042423,0.0038847923278808594
1765400718.8807387,1936.108042423,0.005954265594482422
1765400718.882795,1936.108042423,0.008010625839233398
1765400718.8848486,1936.118040746,6.580352783203125e-05
1765400718.8869016,1936.118040746,0.002118825912475586
1765400718.8889544,1936.118040746,0.004171609878540039
1765400718.8910072,1936.118040746,0.006224393844604492
1765400718.8930607,1936.118040746,0.00827789306640625
1765400718.8951137,1936.128042033,0.00032973289489746094
1765400718.8971682,1936.128042033,0.002384185791015625
1765400718.8992224,1936.128042033,0.0044384002685546875
1765400718.9012764,1936.128042033,0.0064923763275146484
1765400718.9033492,1936.128042033,0.008565187454223633
1765400718.9054039,1936.138042516,0.0006194114685058594
1765400718.9074593,1936.138042516,0.0026748180389404297
1765400718.9095297,1936.138042516,0.0047452449798583984
1765400718.911578,1936.138042516,0.006793498992919922
1765400718.913632,1936.138042516,0.008847475051879883
1765400718.915685,1936.148042023,0.0009009838104248047
1765400718.9177377,1936.148042023,0.002953767776489258
1765400718.9197905,1936.148042023,0.005006551742553711
1765400718.9218438,1936.148042023,0.007059812545776367
1765400718.9238966,1936.148042023,0.00911259651184082
1765400718.925952,1936.158040703,0.0011692047119140625
1765400718.928005,1936.158040703,0.003222227096557617
1765400718.9300578,1936.158040703,0.00527501106262207
1765400718.9321103,1936.158040703,0.007327556610107422
1765400718.9341643,1936.158040703,0.009381532669067383
1765400718.9362328,1936.168040118,0.0014507770538330078
1765400718.9383013,1936.168040118,0.003519296646118164
1765400718.9403703,1936.168040118,0.0055882930755615234
1765400718.9424052,1936.168040118,0.007623195648193359
1765400718.9444733,1936.168040118,0.009691238403320312
1765400718.9465272,1936.178041393,0.0017437934875488281
1765400718.9485507,1936.178041393,0.003767251968383789
1765400718.9506035,1936.178041393,0.005820035934448242
1765400718.9526563,1936.178041393,0.007872819900512695
1765400718.9546826,1936.178041393,0.009899139404296875
1765400718.9567373,1936.188041903,0.0019533634185791016
1765400718.958792,1936.188041903,0.004008054733276367
1765400718.9608593,1936.188041903,0.006075382232666016
1765400718.9629142,1936.188041903,0.008130311965942383
1765400718.9649687,1936.198041979,0.00018477439880371094
1765400718.967024,1936.198041979,0.0022401809692382812
1765400718.9690795,1936.198041979,0.0042955875396728516
1765400718.9711344,1936.198041979,0.006350517272949219
1765400718.9731874,1936.198041979,0.008403539657592773
1765400718.9752412,1936.20804187,0.0004572868347167969
1765400718.9772944,1936.20804187,0.002510547637939453
1765400718.979347,1936.20804187,0.004563093185424805
1765400718.9814086,1936.20804187,0.006624698638916016
1765400718.9834912,1936.20804187,0.008707284927368164
1765400718.9855518,1936.218041035,0.0007688999176025391
1765400718.9876218,1936.218041035,0.0028388500213623047
1765400718.989676,1936.218041035,0.004893064498901367
1765400718.9917288,1936.218041035,0.00694584846496582
1765400718.9937818,1936.218041035,0.008998870849609375
1765400718.9958363,1936.228040342,0.0010538101196289062
1765400718.9978907,1936.228040342,0.0031082630157470703
1765400718.9999452,1936.228040342,0.005162715911865234
1765400719.0019994,1936.228040342,0.007216930389404297
1765400719.004072,1936.228040342,0.00928950309753418
1765400719.0061283,1936.238043386,0.0013430118560791016
1765400719.0081837,1936.238043386,0.003398418426513672
1765400719.0102372,1936.238043386,0.00545191764831543
1765400719.01229,1936.238043386,0.007504701614379883
1765400719.0143433,1936.238043386,0.009557962417602539
1765400719.0163963,1936.248039145,0.0016150474548339844
1765400719.0184004,1936.248039145,0.0036191940307617188
1765400719.0204697,1936.248039145,0.00568842887878418
1765400719.0225234,1936.248039145,0.007742166519165039
1765400719.0245655,1936.248039145,0.009784221649169922
1765400719.02662,1936.258041772,0.0018360614776611328
1765400719.028673,1936.258041772,0.0038890838623046875
1765400719.0307257,1936.258041772,0.005941867828369141
1765400719.0327785,1936.258041772,0.007994651794433594
1765400719.0348313,1936.258041772,0.010047435760498047
1765400719.0368843,1936.268041225,0.0021011829376220703
1765400719.038937,1936.268041225,0.0041539669036865234
1765400719.0409899,1936.268041225,0.0062067508697509766
1765400719.043043,1936.268041225,0.008259773254394531
1765400719.0450957,1936.278041899,0.00031185150146484375
1765400719.0471485,1936.278041899,0.002364635467529297
1765400719.049206,1936.278041899,0.004422187805175781
1765400719.051259,1936.278041899,0.006475210189819336
1765400719.053327,1936.278041899,0.008543252944946289
1765400719.055381,1936.288042214,0.0005967617034912109
1765400719.0574687,1936.288042214,0.002684354782104492
1765400719.059524,1936.288042214,0.0047397613525390625
1765400719.0615726,1936.288042214,0.0067882537841796875
1765400719.063627,1936.288042214,0.008842706680297852
1765400719.0656831,1936.298040931,0.0009002685546875
1765400719.0677361,1936.298040931,0.0029532909393310547
1765400719.069789,1936.298040931,0.005006074905395508
1765400719.0718572,1936.298040931,0.0070743560791015625
1765400719.073911,1936.298040931,0.009128093719482422
1765400719.075964,1936.308042113,0.0011799335479736328
1765400719.0780165,1936.308042113,0.0032324790954589844
1765400719.0800693,1936.308042113,0.0052852630615234375
1765400719.082123,1936.308042113,0.007339000701904297
1765400719.0841913,1936.308042113,0.009407281875610352
1765400719.0862453,1936.318041963,0.0014612674713134766
1765400719.0883133,1936.318041963,0.0035293102264404297
1765400719.090393,1936.318041963,0.005609035491943359
1765400719.0924025,1936.318041963,0.007618427276611328
1765400719.094424,1936.318041963,0.009639978408813477
1765400719.096473,1936.328040541,0.0016903877258300781
1765400719.098538,1936.328040541,0.003755331039428711
1765400719.1005511,1936.328040541,0.005768537521362305
1765400719.102605,1936.328040541,0.007822513580322266
1765400719.1046584,1936.328040541,0.009875774383544922
1765400719.1067128,1936.33804195,0.0019288063049316406
1765400719.1087668,1936.33804195,0.0039827823638916016
1765400719.1108193,1936.33804195,0.006035327911376953
1765400719.1128721,1936.33804195,0.008088111877441406
1765400719.114927,1936.348041523,0.00014352798461914062
1765400719.1169813,1936.348041523,0.002197742462158203
1765400719.1190348,1936.348041523,0.004251241683959961
1765400719.121088,1936.348041523,0.006304502487182617
1765400719.1231406,1936.348041523,0.008357048034667969
1765400719.1251945,1936.358041652,0.0004107952117919922
1765400719.1272473,1936.358041652,0.0024635791778564453
1765400719.1293,1936.358041652,0.0045163631439208984
1765400719.1313548,1936.358041652,0.006571054458618164
1765400719.1334093,1936.358041652,0.008625507354736328
1765400719.1354632,1936.368040711,0.0006804466247558594
1765400719.1375165,1936.368040711,0.0027337074279785156
1765400719.1395674,1936.368040711,0.004784584045410156
1765400719.1416214,1936.368040711,0.006838560104370117
1765400719.1436741,1936.368040711,0.00889134407043457
1765400719.145727,1936.378041608,0.0009434223175048828
1765400719.1477816,1936.378041608,0.0029981136322021484
1765400719.149836,1936.378041608,0.0050525665283203125
1765400719.1518903,1936.378041608,0.007106781005859375
1765400719.1539438,1936.378041608,0.009160280227661133
1765400719.155997,1936.38804393,0.0012111663818359375
1765400719.1580522,1936.38804393,0.0032663345336914062
1765400719.1601224,1936.38804393,0.0053365230560302734
1765400719.1621773,1936.38804393,0.007391452789306641
1765400719.16423,1936.38804393,0.009444236755371094
1765400719.1662867,1936.398040848,0.0015039443969726562
1765400719.1683412,1936.398040848,0.0035583972930908203
1765400719.1704168,1936.398040848,0.0056340694427490234
1765400719.1724715,1936.398040848,0.007688760757446289
1765400719.1745398,1936.398040848,0.009757041931152344
1765400719.17655,1936.408041634,0.001766204833984375
1765400719.1786025,1936.408041634,0.0038187503814697266
1765400719.1806552,1936.408041634,0.00587153434753418
1765400719.1827102,1936.408041634,0.007926464080810547
1765400719.184734,1936.408041634,0.009950399398803711
1765400719.18679,1936.418039903,0.002008199691772461
1765400719.1888435,1936.418039903,0.004061698913574219
1765400719.1908967,1936.418039903,0.006114959716796875
1765400719.1929498,1936.418039903,0.00816798210144043
1765400719.195004,1936.428041038,0.00022101402282714844
1765400719.1970568,1936.428041038,0.0022737979888916016
1765400719.1991115,1936.428041038,0.004328489303588867
1765400719.2011676,1936.428041038,0.006384611129760742
1765400719.2032208,1936.428041038,0.008437871932983398
1765400719.2052739,1936.438042446,0.0004894733428955078
1765400719.2073276,1936.438042446,0.002543210983276367
1765400719.2093806,1936.438042446,0.004596233367919922
1765400719.2114332,1936.438042446,0.0066487789154052734
1765400719.2134862,1936.438042446,0.008701801300048828
1765400719.2155406,1936.448041645,0.0007569789886474609
1765400719.2175508,1936.448041645,0.0027670860290527344
1765400719.2196045,1936.448041645,0.004820823669433594
1765400719.2216575,1936.448041645,0.0068738460540771484
1765400719.2237105,1936.448041645,0.008926868438720703
1765400719.2257633,1936.458040358,0.0009808540344238281
1765400719.227816,1936.458040358,0.0030336380004882812
1765400719.229869,1936.458040358,0.005086421966552734
1765400719.2319217,1936.458040358,0.0071392059326171875
1765400719.2340024,1936.458040358,0.009219884872436523
1765400719.2360592,1936.468041737,0.0012755393981933594
1765400719.2381127,1936.468041737,0.003329038619995117
1765400719.2401814,1936.468041737,0.005397796630859375
1765400719.2422352,1936.468041737,0.007451534271240234
1765400719.2442877,1936.468041737,0.009504079818725586
1765400719.2463408,1936.478040757,0.001558065414428711
1765400719.2483938,1936.478040757,0.0036110877990722656
1765400719.250403,1936.478040757,0.005620241165161133
1765400719.252481,1936.478040757,0.0076982975006103516
1765400719.2545764,1936.478040757,0.009793758392333984
1765400719.2566328,1936.488042079,0.0018486976623535156
1765400719.2586868,1936.488042079,0.0039026737213134766
1765400719.26074,1936.488042079,0.005955934524536133
1765400719.2627926,1936.488042079,0.008008480072021484
1765400719.2648458,1936.498041089,6.270408630371094e-05
1765400719.2669005,1936.498041089,0.0021173954010009766
1765400719.2689564,1936.498041089,0.00417327880859375
1765400719.2710104,1936.498041089,0.006227254867553711
1765400719.2730637,1936.498041089,0.008280515670776367
1765400719.2751172,1936.508042014,0.0003330707550048828
1765400719.27717,1936.508042014,0.002385854721069336
1765400719.2792225,1936.508042014,0.0044384002685546875
1765400719.2812755,1936.508042014,0.006491422653198242
1765400719.283328,1936.508042014,0.008543968200683594
1765400719.2853832,1936.518041211,0.0006000995635986328
1765400719.2874365,1936.518041211,0.002653360366821289
1765400719.2894895,1936.518041211,0.004706382751464844
1765400719.29157,1936.518041211,0.006786823272705078
1765400719.2936363,1936.518041211,0.00885319709777832
1765400719.295689,1936.528041358,0.0009057521820068359
1765400719.2977421,1936.528041358,0.0029587745666503906
1765400719.2998104,1936.528041358,0.005027055740356445
1765400719.3018665,1936.528041358,0.00708317756652832
1765400719.3039427,1936.528041358,0.009159326553344727
1765400719.3060005,1936.538042072,0.0012164115905761719
1765400719.3080544,1936.538042072,0.003270387649536133
1765400719.310125,1936.538042072,0.005341053009033203
1765400719.312179,1936.538042072,0.007395029067993164
1765400719.3142319,1936.538042072,0.009447813034057617
1765400719.3163016,1936.548041352,0.00151824951171875
1765400719.3183596,1936.548041352,0.0035762786865234375
1765400719.3203993,1936.548041352,0.005615949630737305
1765400719.322426,1936.548041352,0.0076427459716796875
1765400719.3244812,1936.548041352,0.009697914123535156
1765400719.3265364,1936.558041671,0.0017528533935546875
1765400719.3285503,1936.558041671,0.003766775131225586
1765400719.3306034,1936.558041671,0.005819797515869141
1765400719.3326561,1936.558041671,0.007872581481933594
1765400719.3347075,1936.558041671,0.009923934936523438
1765400719.3367617,1936.568040881,0.0019788742065429688
1765400719.3388152,1936.568040881,0.0040323734283447266
1765400719.3408682,1936.568040881,0.006085395812988281
1765400719.342921,1936.568040881,0.008138179779052734
1765400719.3449738,1936.57804063,0.00019121170043945312
1765400719.3470266,1936.57804063,0.0022439956665039062
1765400719.3490798,1936.57804063,0.0042972564697265625
1765400719.3511324,1936.57804063,0.006349802017211914
1765400719.353187,1936.57804063,0.00840449333190918
1765400719.3552415,1936.58804417,0.0004553794860839844
1765400719.3572962,1936.58804417,0.00251007080078125
1765400719.3593502,1936.58804417,0.004564046859741211
1765400719.3614032,1936.58804417,0.006617069244384766
1765400719.3634565,1936.58804417,0.008670330047607422
1765400719.3655093,1936.598039841,0.0007274150848388672
1765400719.3675666,1936.598039841,0.00278472900390625
1765400719.3696384,1936.598039841,0.004856586456298828
1765400719.3716927,1936.598039841,0.006910800933837891
1765400719.3737454,1936.598039841,0.008963584899902344
1765400719.3757987,1936.608041692,0.0010149478912353516
1765400719.3778517,1936.608041692,0.0030679702758789062
1765400719.3799198,1936.608041692,0.005136013031005859
1765400719.3819885,1936.608041692,0.007204771041870117
1765400719.3840575,1936.608041692,0.009273767471313477
1765400719.3861132,1936.618041175,0.0013298988342285156
1765400719.3881905,1936.618041175,0.0034072399139404297
1765400719.3902464,1936.618041175,0.005463123321533203
1765400719.3922994,1936.618041175,0.007516145706176758
1765400719.3943524,1936.618041175,0.009569168090820312
1765400719.3964167,1936.628041987,0.0016326904296875
1765400719.3984706,1936.628041987,0.003686666488647461
1765400719.4005234,1936.628041987,0.005739450454711914
1765400719.4025514,1936.628041987,0.007767438888549805
1765400719.4046052,1936.628041987,0.009821176528930664
1765400719.4066591,1936.638041666,0.0018754005432128906
1765400719.4087155,1936.638041666,0.003931760787963867
1765400719.4107687,1936.638041666,0.0059850215911865234
1765400719.4128213,1936.638041666,0.008037567138671875
1765400719.4148743,1936.648040268,9.202957153320312e-05
1765400719.4169269,1936.648040268,0.0021445751190185547
1765400719.41898,1936.648040268,0.004197597503662109
1765400719.4210346,1936.648040268,0.006252288818359375
1765400719.4230886,1936.648040268,0.008306264877319336
1765400719.4251423,1936.658041041,0.0003592967987060547
1765400719.4271958,1936.658041041,0.0024127960205078125
1765400719.4292488,1936.658041041,0.004465818405151367
1765400719.4313035,1936.658041041,0.006520509719848633
1765400719.4333577,1936.658041041,0.008574724197387695
1765400719.435411,1936.668042091,0.0006268024444580078
1765400719.4375002,1936.668042091,0.002716064453125
1765400719.4395506,1936.668042091,0.0047664642333984375
1765400719.4416044,1936.668042091,0.006820201873779297
1765400719.4436576,1936.668042091,0.008873462677001953
1765400719.4457111,1936.678041499,0.0009276866912841797
1765400719.447764,1936.678041499,0.002980470657348633
1765400719.449819,1936.678041499,0.0050356388092041016
1765400719.451872,1936.678041499,0.007088661193847656
1765400719.4539266,1936.678041499,0.00914311408996582
1765400719.4559808,1936.688041157,0.0011975765228271484
1765400719.458036,1936.688041157,0.003252744674682617
1765400719.4600894,1936.688041157,0.005306243896484375
1765400719.4621422,1936.688041157,0.007359027862548828
1765400719.4641955,1936.688041157,0.009412288665771484
1765400719.4662483,1936.698040088,0.0014662742614746094
1765400719.468301,1936.698040088,0.0035190582275390625
1765400719.4703538,1936.698040088,0.005571842193603516
1765400719.4723957,1936.698040088,0.007613658905029297
1765400719.47445,1936.698040088,0.009668111801147461
1765400719.4765038,1936.708041949,0.0017199516296386719
1765400719.4785695,1936.708041949,0.0037856101989746094
1765400719.4806237,1936.708041949,0.005839824676513672
1765400719.4826765,1936.708041949,0.007892608642578125
1765400719.4847093,1936.708041949,0.009925365447998047
1765400719.4867628,1936.718041856,0.0019788742065429688
1765400719.4888175,1936.718041856,0.004033565521240234
1765400719.4908717,1936.718041856,0.006087779998779297
1765400719.4929247,1936.718041856,0.008140802383422852
1765400719.4949775,1936.728041268,0.00019431114196777344
1765400719.4970305,1936.728041268,0.002247333526611328
1765400719.4990833,1936.728041268,0.004300117492675781
1765400719.5011363,1936.728041268,0.006353139877319336
1765400719.5031893,1936.728041268,0.00840616226196289
1765400719.5052435,1936.738042401,0.0004591941833496094
1765400719.5072987,1936.738042401,0.002514362335205078
1765400719.5093524,1936.738042401,0.0045680999755859375
1765400719.5114238,1936.738042401,0.0066394805908203125
1765400719.5134778,1936.738042401,0.008693456649780273
1765400719.5155308,1936.748041192,0.0007476806640625
1765400719.5175498,1936.748041192,0.0027666091918945312
1765400719.5196028,1936.748041192,0.004819631576538086
1765400719.5216582,1936.748041192,0.006875038146972656
1765400719.5237122,1936.748041192,0.008929014205932617
1765400719.5257654,1936.758041653,0.0009818077087402344
1765400719.5278182,1936.758041653,0.0030345916748046875
1765400719.529871,1936.758041653,0.005087375640869141
1765400719.531939,1936.758041653,0.007155418395996094
1765400719.5339928,1936.758041653,0.009209156036376953
1765400719.5360456,1936.768042147,0.0012614727020263672
1765400719.5380983,1936.768042147,0.0033142566680908203
1765400719.5401528,1936.768042147,0.005368709564208984
1765400719.5422072,1936.768042147,0.0074231624603271484
1765400719.544261,1936.768042147,0.009476900100708008
1765400719.546314,1936.77804028,0.001531839370727539
1765400719.548367,1936.77804028,0.0035848617553710938
1765400719.5504165,1936.77804028,0.005634307861328125
1765400719.5524879,1936.77804028,0.0077056884765625
1765400719.5545418,1936.77804028,0.009759664535522461
1765400719.5565534,1936.788043179,0.0017681121826171875
1765400719.5586083,1936.788043179,0.0038230419158935547
1765400719.5606716,1936.788043179,0.0058863162994384766
1765400719.5627258,1936.788043179,0.007940530776977539
1765400719.564739,1936.788043179,0.009953737258911133
1765400719.5667925,1936.798040496,0.0020101070404052734
1765400719.5688472,1936.798040496,0.004064798355102539
1765400719.570901,1936.798040496,0.0061185359954833984
1765400719.5729558,1936.798040496,0.008173465728759766
1765400719.57501,1936.808041748,0.0002262592315673828
1765400719.577063,1936.808041748,0.0022792816162109375
1765400719.579116,1936.808041748,0.004332304000854492
1765400719.5811715,1936.808041748,0.0063877105712890625
1765400719.5832264,1936.808041748,0.00844264030456543
1765400719.5852807,1936.81804059,0.0004980564117431641
1765400719.5873342,1936.81804059,0.002551555633544922
1765400719.5893884,1936.81804059,0.004605770111083984
1765400719.59147,1936.81804059,0.0066874027252197266
1765400719.593562,1936.81804059,0.008779287338256836
1765400719.5956173,1936.828042092,0.0008332729339599609
1765400719.5976877,1936.828042092,0.0029036998748779297
1765400719.5997417,1936.828042092,0.004957675933837891
1765400719.6017947,1936.828042092,0.007010698318481445
1765400719.6038475,1936.828042092,0.009063482284545898
1765400719.605901,1936.838044684,0.0011143684387207031
1765400719.607958,1936.838044684,0.0031714439392089844
1765400719.6100125,1936.838044684,0.0052258968353271484
1765400719.6120653,1936.838044684,0.0072786808013916016
1765400719.6141183,1936.838044684,0.009331703186035156
1765400719.6161866,1936.848041253,0.0014033317565917969
1765400719.6182406,1936.848041253,0.003457307815551758
1765400719.6202931,1936.848041253,0.005509853363037109
1765400719.6223462,1936.848041253,0.007562875747680664
1765400719.624395,1936.848041253,0.00961160659790039
1765400719.626449,1936.858041381,0.0016658306121826172
1765400719.6285071,1936.858041381,0.0037238597869873047
1765400719.6305497,1936.858041381,0.005766391754150391
1765400719.6326027,1936.858041381,0.007819414138793945
1765400719.634658,1936.858041381,0.009874820709228516
1765400719.636711,1936.868041089,0.0019278526306152344
1765400719.6387634,1936.868041089,0.003980398178100586
1765400719.640818,1936.868041089,0.0060350894927978516
1765400719.642872,1936.868041089,0.008089065551757812
1765400719.644926,1936.878040595,0.00014352798461914062
1765400719.646979,1936.878040595,0.0021965503692626953
1765400719.649032,1936.878040595,0.00424957275390625
1765400719.6510851,1936.878040595,0.006302595138549805
1765400719.6531377,1936.878040595,0.008355140686035156
1765400719.6551907,1936.888042526,0.0004062652587890625
1765400719.6572442,1936.888042526,0.0024597644805908203
1765400719.659299,1936.888042526,0.004514455795288086
1765400719.6613526,1936.888042526,0.006568193435668945
1765400719.663422,1936.888042526,0.008637666702270508
1765400719.665476,1936.898041093,0.0006930828094482422
1765400719.6675289,1936.898041093,0.0027458667755126953
1765400719.6695495,1936.898041093,0.0047664642333984375
1765400719.6716177,1936.898041093,0.006834745407104492
1765400719.6736717,1936.898041093,0.008888721466064453
1765400719.6757264,1936.908041821,0.0009427070617675781
1765400719.6777804,1936.908041821,0.002996683120727539
1765400719.6798344,1936.908041821,0.0050506591796875
1765400719.6819067,1936.908041821,0.007122993469238281
1765400719.6839786,1936.908041821,0.00919485092163086
1765400719.6860325,1936.918041485,0.001249074935913086
1765400719.6881015,1936.918041485,0.0033180713653564453
1765400719.6901553,1936.918041485,0.005371809005737305
1765400719.69221,1936.918041485,0.00742650032043457
1765400719.6942644,1936.918041485,0.009480953216552734
1765400719.696318,1936.928042034,0.0015339851379394531
1765400719.6983728,1936.928042034,0.0035889148712158203
1765400719.700414,1936.928042034,0.005630016326904297
1765400719.7024682,1936.928042034,0.007684230804443359
1765400719.704521,1936.928042034,0.009737014770507812
1765400719.7065513,1936.938043524,0.0017657279968261719
1765400719.7086074,1936.938043524,0.003821849822998047
1765400719.710665,1936.938043524,0.005879402160644531
1765400719.7127192,1936.938043524,0.007933616638183594
1765400719.7147727,1936.938043524,0.009987115859985352
1765400719.7168255,1936.948042321,0.0020411014556884766
1765400719.7188797,1936.948042321,0.004095315933227539
1765400719.7209346,1936.948042321,0.006150245666503906
1765400719.7229888,1936.948042321,0.008204460144042969
1765400719.7250426,1936.958040672,0.0002598762512207031
1765400719.7270973,1936.958040672,0.0023145675659179688
1765400719.7291512,1936.958040672,0.00436854362487793
1765400719.731204,1936.958040672,0.006421327590942383
1765400719.7332573,1936.958040672,0.008474588394165039
1765400719.73531,1936.96804059,0.0005273818969726562
1765400719.7373629,1936.96804059,0.0025801658630371094
1765400719.739416,1936.96804059,0.004633188247680664
1765400719.7414837,1936.96804059,0.006700992584228516
1765400719.7435398,1936.96804059,0.00875711441040039
1765400719.7455509,1936.978041437,0.0007674694061279297
1765400719.7476048,1936.978041437,0.0028214454650878906
1765400719.7496586,1936.978041437,0.00487518310546875
1765400719.7517118,1936.978041437,0.006928443908691406
1765400719.7537649,1936.978041437,0.008981466293334961
1765400719.755818,1936.988042348,0.0010335445404052734
1765400719.7578723,1936.988042348,0.0030879974365234375
1765400719.7599292,1936.988042348,0.005144834518432617
1765400719.7619834,1936.988042348,0.00719904899597168
1765400719.7640371,1936.988042348,0.009252786636352539
1765400719.7661114,1936.998041369,0.0013279914855957031
1765400719.768166,1936.998041369,0.0033826828002929688
1765400719.7702348,1936.998041369,0.0054514408111572266
1765400719.7722888,1936.998041369,0.0075054168701171875
1765400719.7743413,1936.998041369,0.009557962417602539
1765400719.7763925,1937.008041643,0.0016088485717773438
1765400719.7784655,1937.008041643,0.0036818981170654297
1765400719.7805195,1937.008041643,0.005735874176025391
1765400719.7825499,1937.008041643,0.007766246795654297
1765400719.7846024,1937.008041643,0.009818792343139648
1765400719.7866552,1937.018039823,0.0018732547760009766
1765400719.7887082,1937.018039823,0.003926277160644531
1765400719.7907608,1937.018039823,0.005978822708129883
1765400719.7928135,1937.018039823,0.008031606674194336
1765400719.7948668,1937.028041221,8.368492126464844e-05
1765400719.7969193,1937.028041221,0.00213623046875
1765400719.7989721,1937.028041221,0.004189014434814453
1765400719.801025,1937.028041221,0.006241798400878906
1765400719.8030806,1937.028041221,0.008297443389892578
1765400719.805135,1937.038041638,0.0003514289855957031
1765400719.807189,1937.038041638,0.002405405044555664
1765400719.8092425,1937.038041638,0.004458904266357422
1765400719.811295,1937.038041638,0.0065114498138427734
1765400719.8133476,1937.038041638,0.008563995361328125
1765400719.815401,1937.048040916,0.0006182193756103516
1765400719.8174539,1937.048040916,0.0026710033416748047
1765400719.8195064,1937.048040916,0.004723548889160156
1765400719.8215497,1937.048040916,0.006766796112060547
1765400719.8236022,1937.048040916,0.008819341659545898
1765400719.8256547,1937.058041873,0.0008709430694580078
1765400719.827708,1937.058041873,0.002924203872680664
1765400719.8297606,1937.058041873,0.004976749420166016
1765400719.831813,1937.058041873,0.007029294967651367
1765400719.833866,1937.058041873,0.00908207893371582
1765400719.835919,1937.068040801,0.0011360645294189453
1765400719.8379717,1937.068040801,0.0031888484954833984
1765400719.8400245,1937.068040801,0.0052416324615478516
1765400719.842105,1937.068040801,0.007322072982788086
1765400719.844159,1937.068040801,0.009376049041748047
1765400719.846212,1937.0780408,0.0014290809631347656
1765400719.84828,1937.0780408,0.0034971237182617188
1765400719.8503375,1937.0780408,0.005554676055908203
1765400719.852391,1937.0780408,0.007608175277709961
1765400719.8544462,1937.0780408,0.00966334342956543
1765400719.8564992,1937.088042244,0.001714944839477539
1765400719.8585508,1937.088042244,0.0037665367126464844
1765400719.8606036,1937.088042244,0.0058193206787109375
1765400719.8626566,1937.088042244,0.007872343063354492
1765400719.8647256,1937.088042244,0.009941339492797852
1765400719.8667793,1937.098041475,0.0019958019256591797
1765400719.868832,1937.098041475,0.004048585891723633
1765400719.870885,1937.098041475,0.006101369857788086
1765400719.8729386,1937.098041475,0.008155107498168945
1765400719.8749917,1937.108041585,0.00020813941955566406
1765400719.8770459,1937.108041585,0.0022623538970947266
1765400719.8790987,1937.108041585,0.00431513786315918
1765400719.8811512,1937.108041585,0.006367683410644531
1765400719.8832037,1937.108041585,0.008420228958129883
1765400719.8852568,1937.118041591,0.00047326087951660156
1765400719.8873093,1937.118041591,0.002525806427001953
1765400719.889362,1937.118041591,0.004578590393066406
1765400719.8914149,1937.118041591,0.006631374359130859
1765400719.8934677,1937.118041591,0.008684158325195312
1765400719.8955204,1937.128042142,0.000736236572265625
1765400719.8975496,1937.128042142,0.0027654170989990234
1765400719.8996022,1937.128042142,0.004817962646484375
1765400719.9016552,1937.128042142,0.00687098503112793
1765400719.903708,1937.128042142,0.008923768997192383
1765400719.9057844,1937.138040539,0.0010018348693847656
1765400719.9078393,1937.138040539,0.003056764602661133
1765400719.9098926,1937.138040539,0.005110025405883789
1765400719.911961,1937.138040539,0.007178544998168945
1765400719.914015,1937.138040539,0.009232521057128906
1765400719.9160678,1937.148041526,0.0012843608856201172
1765400719.918136,1937.148041526,0.0033524036407470703
1765400719.9202046,1937.148041526,0.005421161651611328
1765400719.9222581,1937.148041526,0.007474660873413086
1765400719.924311,1937.148041526,0.009527444839477539
1765400719.926393,1937.158043283,0.001607656478881836
1765400719.928464,1937.158043283,0.003678560256958008
1765400719.9305325,1937.158043283,0.005747079849243164
1765400719.9325502,1937.158043283,0.0077648162841796875
1765400719.934603,1937.158043283,0.00981760025024414
1765400719.9366555,1937.168041758,0.0018718242645263672
1765400719.9387085,1937.168041758,0.003924846649169922
1765400719.940761,1937.168041758,0.0059773921966552734
1765400719.9428139,1937.168041758,0.008030176162719727
1765400719.944867,1937.178041408,8.344650268554688e-05
1765400719.9469197,1937.178041408,0.00213623046875
1765400719.9489725,1937.178041408,0.004189014434814453
1765400719.9510257,1937.178041408,0.006242275238037109
1765400719.9530783,1937.178041408,0.008294820785522461
1765400719.955131,1937.188041858,0.000347137451171875
1765400719.9571848,1937.188041858,0.0024008750915527344
1765400719.9592388,1937.188041858,0.004454851150512695
1765400719.9612918,1937.188041858,0.00650787353515625
1765400719.9633443,1937.188041858,0.008560419082641602
1765400719.965398,1937.198041009,0.0006151199340820312
1765400719.9674509,1937.198041009,0.0026679039001464844
1765400719.9695036,1937.198041009,0.0047206878662109375
1765400719.9715497,1937.198041009,0.006766796112060547
1765400719.973628,1937.198041009,0.008845090866088867
1765400719.9756827,1937.208041496,0.0008993148803710938
1765400719.9777358,1937.208041496,0.0029523372650146484
1765400719.9797883,1937.208041496,0.0050048828125
1765400719.9818609,1937.208041496,0.007077455520629883
1765400719.9839299,1937.208041496,0.009146451950073242
1765400719.985999,1937.218041218,0.0012159347534179688
1765400719.988053,1937.218041218,0.0032699108123779297
1765400719.9901056,1937.218041218,0.005322456359863281
1765400719.9921584,1937.218041218,0.007375240325927734
1765400719.994211,1937.218041218,0.009427785873413086
1765400719.9962814,1937.228040459,0.0014989376068115234
1765400719.9983351,1937.228040459,0.003552675247192383
1765400720.0004063,1937.228040459,0.005623817443847656
1765400720.0024612,1937.228040459,0.0076787471771240234
1765400720.004514,1937.228040459,0.009731531143188477
1765400720.006551,1937.238041966,0.0017671585083007812
1765400720.008609,1937.238041966,0.0038251876831054688
1765400720.010662,1937.238041966,0.0058782100677490234
1765400720.0127149,1937.238041966,0.007930994033813477
1765400720.0147204,1937.238041966,0.00993657112121582
1765400720.016774,1937.248041637,0.0019903182983398438
1765400720.0188265,1937.248041637,0.004042863845825195
1765400720.020879,1937.248041637,0.006095409393310547
1765400720.022932,1937.248041637,0.008148431777954102
1765400720.0249848,1937.258043981,0.00019884109497070312
1765400720.0270374,1937.258043981,0.0022513866424560547
1765400720.0290904,1937.258043981,0.004304409027099609
1765400720.031143,1937.258043981,0.006356954574584961
1765400720.0331955,1937.258043981,0.008409500122070312
1765400720.0352483,1937.268041494,0.0004646778106689453
1765400720.037301,1937.268041494,0.0025174617767333984
1765400720.0393536,1937.268041494,0.00457000732421875
1765400720.0414064,1937.268041494,0.006622791290283203
1765400720.043475,1937.268041494,0.00869131088256836
1765400720.0455291,1937.278041994,0.0007450580596923828
1765400720.0475664,1937.278041994,0.0027823448181152344
1765400720.0496202,1937.278041994,0.004836082458496094
1765400720.0516732,1937.278041994,0.0068891048431396484
1765400720.053726,1937.278041994,0.008941888809204102
1765400720.0557787,1937.288042736,0.000993967056274414
1765400720.0578322,1937.288042736,0.003047466278076172
1765400720.0598853,1937.288042736,0.0051004886627197266
1765400720.0619383,1937.288042736,0.007153511047363281
1765400720.0639908,1937.288042736,0.009206056594848633
1765400720.0660436,1937.298040382,0.0012612342834472656
1765400720.0680964,1937.298040382,0.0033140182495117188
1765400720.07015,1937.298040382,0.0053675174713134766
1765400720.0722024,1937.298040382,0.007420063018798828
1765400720.0742555,1937.298040382,0.009473085403442383
1765400720.0763083,1937.308042022,0.001524209976196289
1765400720.0783641,1937.308042022,0.0035800933837890625
1765400720.0804074,1937.308042022,0.005623340606689453
1765400720.082461,1937.308042022,0.0076770782470703125
1765400720.084514,1937.308042022,0.009729862213134766
1765400720.08655,1937.318040054,0.001767873764038086
1765400720.0886028,1937.318040054,0.003820657730102539
1765400720.0906556,1937.318040054,0.005873441696166992
1765400720.0927083,1937.318040054,0.007926225662231445
1765400720.0947325,1937.318040054,0.009950399398803711
1765400720.096785,1937.328041918,0.002001047134399414
1765400720.098838,1937.328041918,0.004054069519042969
1765400720.1010025,1937.328041918,0.006218433380126953
1765400720.1031203,1937.328041918,0.008336305618286133
1765400720.1051855,1937.33804398,0.00039958953857421875
1765400720.10724,1937.33804398,0.002454042434692383
1765400720.1092932,1937.33804398,0.004507303237915039
1765400720.1113462,1937.33804398,0.006560325622558594
1765400720.1134,1937.33804398,0.008614063262939453
1765400720.1154683,1937.348041228,0.0006849765777587891
1765400720.117524,1937.348041228,0.002740621566772461
1765400720.1195734,1937.348041228,0.004790067672729492
1765400720.1216273,1937.348041228,0.006844043731689453
1765400720.1236804,1937.348041228,0.008897066116333008
1765400720.1257334,1937.358041643,0.000949859619140625
1765400720.1277864,1937.358041643,0.0030028820037841797
1765400720.1298394,1937.358041643,0.005055904388427734
1765400720.1318922,1937.358041643,0.0071086883544921875
1765400720.133958,1937.358041643,0.009174585342407227
1765400720.1360128,1937.368041497,0.0012292861938476562
1765400720.1380665,1937.368041497,0.0032830238342285156
1765400720.1401198,1937.368041497,0.005336284637451172
1765400720.1421733,1937.368041497,0.00738978385925293
1765400720.144226,1937.368041497,0.009442567825317383
1765400720.1462793,1937.378040882,0.0014965534210205078
1765400720.1483326,1937.378040882,0.003549814224243164
1765400720.1503854,1937.378040882,0.005602598190307617
1765400720.1524668,1937.378040882,0.007683992385864258
1765400720.1545236,1937.378040882,0.009740829467773438
1765400720.156572,1937.388042101,0.0017879009246826172
1765400720.1586275,1937.388042101,0.0038433074951171875
1765400720.1606824,1937.388042101,0.005898237228393555
1765400720.1627357,1937.388042101,0.007951498031616211
1765400720.164789,1937.398041097,5.9604644775390625e-06
1765400720.1668422,1937.398041097,0.0020592212677001953
1765400720.168897,1937.398041097,0.004113912582397461
1765400720.1709514,1937.398041097,0.006168365478515625
1765400720.1730053,1937.398041097,0.008222341537475586
1765400720.1750593,1937.408042176,0.0002751350402832031
1765400720.1771126,1937.408042176,0.0023283958435058594
1765400720.1791804,1937.408042176,0.004396200180053711
1765400720.1812491,1937.408042176,0.006464958190917969
1765400720.1833174,1937.408042176,0.008533239364624023
1765400720.185373,1937.418039881,0.000591278076171875
1765400720.1874275,1937.418039881,0.002645730972290039
1765400720.1895,1937.418039881,0.004718303680419922
1765400720.1915698,1937.418039881,0.006788015365600586
1765400720.1936238,1937.418039881,0.008841991424560547
1765400720.195677,1937.428041458,0.0008935928344726562
1765400720.1977317,1937.428041458,0.002948284149169922
1765400720.1997867,1937.428041458,0.005003213882446289
1765400720.2018416,1937.428041458,0.007058143615722656
1765400720.2038956,1937.428041458,0.009112119674682617
1765400720.2059677,1937.438042348,0.0011832714080810547
1765400720.2080228,1937.438042348,0.0032384395599365234
1765400720.2100766,1937.438042348,0.005292177200317383
1765400720.2121298,1937.438042348,0.007345438003540039
1765400720.2141829,1937.438042348,0.009398460388183594
1765400720.2162359,1937.448040857,0.0014529228210449219
1765400720.218292,1937.448040857,0.003509044647216797
1765400720.2203455,1937.448040857,0.005562543869018555
1765400720.222413,1937.448040857,0.007630109786987305
1765400720.224482,1937.448040857,0.009699106216430664
1765400720.2265687,1937.458041694,0.0017850399017333984
1765400720.2286227,1937.458041694,0.0038390159606933594
1765400720.2306757,1937.458041694,0.005892038345336914
1765400720.2327285,1937.458041694,0.007944822311401367
1765400720.2347836,1937.458041694,0.009999990463256836
1765400720.2368522,1937.468041277,0.0020689964294433594
1765400720.2389061,1937.468041277,0.00412297248840332
1765400720.2409592,1937.468041277,0.006175994873046875
1765400720.2430315,1937.468041277,0.008248329162597656
1765400720.245086,1937.478042255,0.00030159950256347656
1765400720.2471397,1937.478042255,0.002355337142944336
1765400720.2491927,1937.478042255,0.004408359527587891
1765400720.2512457,1937.478042255,0.006461381912231445
1765400720.2532988,1937.478042255,0.008514404296875
1765400720.2553515,1937.488041637,0.0005679130554199219
1765400720.2574055,1937.488041637,0.002621889114379883
1765400720.2594743,1937.488041637,0.004690647125244141
1765400720.261528,1937.488041637,0.006744384765625
1765400720.263569,1937.488041637,0.008785486221313477
1765400720.2656405,1937.498040323,0.0008580684661865234
1765400720.2677097,1937.498040323,0.0029273033142089844
1765400720.2697632,1937.498040323,0.004980802536010742
1765400720.2718163,1937.498040323,0.007033824920654297
1765400720.273884,1937.498040323,0.009101629257202148
1765400720.2759528,1937.508041947,0.001168966293334961
1765400720.2780068,1937.508041947,0.003222942352294922
1765400720.2800744,1937.508041947,0.005290508270263672
1765400720.282128,1937.508041947,0.007344245910644531
1765400720.2841809,1937.508041947,0.009397029876708984
1765400720.2862496,1937.51804078,0.0014667510986328125
1765400720.2883036,1937.51804078,0.0035207271575927734
1765400720.2903712,1937.51804078,0.0055882930755615234
1765400720.2924402,1937.51804078,0.007657289505004883
1765400720.2945082,1937.51804078,0.009725332260131836
1765400720.2965662,1937.528040887,0.0017833709716796875
1765400720.2986217,1937.528040887,0.003838777542114258
1765400720.3006759,1937.528040887,0.00589299201965332
1765400720.3027298,1937.528040887,0.007946968078613281
1765400720.3047838,1937.538041863,0.0
1765400720.3068383,1937.538041863,0.002054452896118164
1765400720.308893,1937.538041863,0.00410914421081543
1765400720.3109472,1937.538041863,0.006163358688354492
1765400720.3130002,1937.538041863,0.008216381072998047
1765400720.3150532,1937.548041926,0.0002694129943847656
1765400720.3171062,1937.548041926,0.0023224353790283203
1765400720.319159,1937.548041926,0.0043752193450927734
1765400720.3212118,1937.548041926,0.0064280033111572266
1765400720.3232648,1937.548041926,0.008481025695800781
1765400720.325318,1937.55804144,0.0005347728729248047
1765400720.3273857,1937.55804144,0.0026023387908935547
1765400720.3294544,1937.55804144,0.0046710968017578125
1765400720.3315232,1937.55804144,0.00673985481262207
1765400720.333566,1937.55804144,0.008782625198364258
1765400720.33562,1937.568042472,0.000835418701171875
1765400720.3376727,1937.568042472,0.002888202667236328
1765400720.3397255,1937.568042472,0.004940986633300781
1765400720.3417945,1937.568042472,0.007009983062744141
1765400720.3438485,1937.568042472,0.009063959121704102
1765400720.3459015,1937.578041041,0.0011184215545654297
1765400720.3479545,1937.578041041,0.0031714439392089844
1765400720.3500075,1937.578041041,0.005224466323852539
1765400720.3520603,1937.578041041,0.007277250289916992
1765400720.3541133,1937.578041041,0.009330272674560547
1765400720.3561664,1937.588040958,0.0013833045959472656
1765400720.3582206,1937.588040958,0.003437519073486328
1765400720.3602753,1937.588040958,0.005492210388183594
1765400720.3623283,1937.588040958,0.0075452327728271484
1765400720.364381,1937.588040958,0.009598016738891602
1765400720.366462,1937.598040812,0.0016791820526123047
1765400720.3685308,1937.598040812,0.0037479400634765625
1765400720.3705657,1937.598040812,0.0057828426361083984
1765400720.3726196,1937.598040812,0.00783681869506836
1765400720.3746736,1937.598040812,0.00989079475402832
1765400720.3767269,1937.608042286,0.0019426345825195312
1765400720.3787796,1937.608042286,0.003995418548583984
1765400720.3808467,1937.608042286,0.006062507629394531
1765400720.3829007,1937.608042286,0.008116483688354492
1765400720.3849537,1937.618040706,0.0001709461212158203
1765400720.387007,1937.618040706,0.0022242069244384766
1765400720.3890598,1937.618040706,0.00427699089050293
1765400720.3911276,1937.618040706,0.006344795227050781
1765400720.393181,1937.618040706,0.008398294448852539
1765400720.3952343,1937.628041205,0.00045108795166015625
1765400720.3972871,1937.628041205,0.0025038719177246094
1765400720.3993418,1937.628041205,0.004558563232421875
1765400720.4013948,1937.628041205,0.00661158561706543
1765400720.4034479,1937.628041205,0.008664608001708984
1765400720.4055154,1937.638041835,0.0007317066192626953
1765400720.407552,1937.638041835,0.002768278121948242
1765400720.4096203,1937.638041835,0.004836559295654297
1765400720.411674,1937.638041835,0.006890296936035156
1765400720.413727,1937.638041835,0.008943319320678711
1765400720.41578,1937.648041828,0.0009963512420654297
1765400720.4178329,1937.648041828,0.003049135208129883
1765400720.4199002,1937.648041828,0.005116462707519531
1765400720.4219687,1937.648041828,0.0071849822998046875
1765400720.4240222,1937.648041828,0.009238481521606445
1765400720.4260757,1937.658041603,0.0012919902801513672
1765400720.4281433,1937.658041603,0.003359556198120117
1765400720.4301977,1937.658041603,0.005414009094238281
1765400720.432251,1937.658041603,0.0074672698974609375
1765400720.4343035,1937.658041603,0.009519815444946289
1765400720.4363563,1937.668041283,0.0015730857849121094
1765400720.4384096,1937.668041283,0.0036263465881347656
1765400720.440477,1937.668041283,0.005693674087524414
1765400720.4425454,1937.668041283,0.00776219367980957
1765400720.4445703,1937.668041283,0.00978708267211914
1765400720.4466243,1937.678040994,0.0018413066864013672
1765400720.448677,1937.678040994,0.0038940906524658203
1765400720.4507303,1937.678040994,0.0059473514556884766
1765400720.452783,1937.678040994,0.00800013542175293
1765400720.4548361,1937.688041522,5.269050598144531e-05
1765400720.4568894,1937.688041522,0.0021059513092041016
1765400720.4589446,1937.688041522,0.00416111946105957
1765400720.4609976,1937.688041522,0.006214141845703125
1765400720.4630508,1937.688041522,0.008267402648925781
1765400720.4651043,1937.698041641,0.00032067298889160156
1765400720.4671576,1937.698041641,0.002373933792114258
1765400720.4692104,1937.698041641,0.004426717758178711
1765400720.4712777,1937.698041641,0.006494045257568359
1765400720.4733317,1937.698041641,0.00854802131652832
1765400720.475385,1937.708041348,0.0006015300750732422
1765400720.4774396,1937.708041348,0.002656221389770508
1765400720.4795072,1937.708041348,0.004723787307739258
1765400720.481566,1937.708041348,0.00678253173828125
1765400720.4836197,1937.708041348,0.00883626937866211
1765400720.4856727,1937.718041225,0.0008895397186279297
1765400720.4877255,1937.718041225,0.002942323684692383
1765400720.4897785,1937.718041225,0.0049953460693359375
1765400720.4918313,1937.718041225,0.007048130035400391
1765400720.493899,1937.718041225,0.009115934371948242
1765400720.4959686,1937.728041838,0.001184701919555664
1765400720.498025,1937.728041838,0.0032410621643066406
1765400720.5000927,1937.728041838,0.005308866500854492
1765400720.5021613,1937.728041838,0.0073773860931396484
1765400720.504215,1937.728041838,0.009431123733520508
1765400720.5062904,1937.738041144,0.0015072822570800781
1765400720.5083458,1937.738041144,0.0035626888275146484
1765400720.5103989,1937.738041144,0.005615711212158203
1765400720.512452,1937.738041144,0.007668733596801758
1765400720.5145197,1937.738041144,0.00973653793334961
1765400720.5165668,1937.748042189,0.0017826557159423828
1765400720.5186355,1937.748042189,0.0038514137268066406
1765400720.5206897,1937.748042189,0.005905628204345703
1765400720.5227425,1937.748042189,0.007958412170410156
1765400720.524796,1937.758041261,1.2874603271484375e-05
1765400720.526849,1937.758041261,0.002065896987915039
1765400720.5289018,1937.758041261,0.004118680953979492
1765400720.5309548,1937.758041261,0.006171703338623047
1765400720.5330076,1937.758041261,0.0082244873046875
1765400720.535061,1937.768041219,0.0002777576446533203
1765400720.5371284,1937.768041219,0.0023453235626220703
1765400720.5391824,1937.768041219,0.004399299621582031
1765400720.5412352,1937.768041219,0.006452083587646484
1765400720.5433023,1937.768041219,0.008519172668457031
1765400720.5453568,1937.778041391,0.0005733966827392578
1765400720.54741,1937.778041391,0.002626657485961914
1765400720.5494776,1937.778041391,0.004694223403930664
1765400720.5515347,1937.778041391,0.006751298904418945
1765400720.553551,1937.778041391,0.00876760482788086
1765400720.5556185,1937.788042458,0.0008339881896972656
1765400720.5576742,1937.788042458,0.0028896331787109375
1765400720.5597293,1937.788042458,0.004944801330566406
1765400720.5617826,1937.788042458,0.0069980621337890625
1765400720.5638356,1937.788042458,0.009051084518432617
1765400720.5658894,1937.798043117,0.0011043548583984375
1765400720.5679424,1937.798043117,0.003157377243041992
1765400720.5699954,1937.798043117,0.005210399627685547
1765400720.5720565,1937.798043117,0.007271528244018555
1765400720.5741105,1937.798043117,0.009325504302978516
1765400720.5761635,1937.808041228,0.0013802051544189453
1765400720.5782166,1937.808041228,0.0034332275390625
1765400720.580269,1937.808041228,0.0054857730865478516
1765400720.582322,1937.808041228,0.007538557052612305
1765400720.5843747,1937.808041228,0.009591341018676758
1765400720.5864444,1937.818041683,0.0016605854034423828
1765400720.5885134,1937.818041683,0.003729581832885742
1765400720.5905654,1937.818041683,0.005781650543212891
1765400720.5926192,1937.818041683,0.00783538818359375
1765400720.5946722,1937.818041683,0.009888410568237305
1765400720.5967252,1937.828041555,0.001941680908203125
1765400720.598778,1937.828041555,0.003994464874267578
1765400720.600831,1937.828041555,0.006047487258911133
1765400720.602884,1937.828041555,0.008100509643554688
1765400720.6049376,1937.838042132,0.00015354156494140625
1765400720.6069908,1937.838042132,0.0022068023681640625
1765400720.6090453,1937.838042132,0.0042612552642822266
1765400720.6110985,1937.838042132,0.006314516067504883
1765400720.6131516,1937.838042132,0.008367538452148438
1765400720.6152048,1937.848041705,0.0004210472106933594
1765400720.6172578,1937.848041705,0.002474069595336914
1765400720.6193109,1937.848041705,0.004527091979980469
1765400720.6213799,1937.848041705,0.006596088409423828
1765400720.6234484,1937.848041705,0.008664608001708984
1765400720.6255023,1937.85804076,0.0007195472717285156
1765400720.6275694,1937.85804076,0.0027866363525390625
1765400720.6296253,1937.85804076,0.004842519760131836
1765400720.631694,1937.85804076,0.006911277770996094
1765400720.6337483,1937.85804076,0.008965492248535156
1765400720.6358013,1937.8680405,0.0010187625885009766
1765400720.6378553,1937.8680405,0.0030727386474609375
1765400720.639908,1937.8680405,0.005125522613525391
1765400720.6419606,1937.8680405,0.007178068161010742
1765400720.6440136,1937.8680405,0.009231090545654297
1765400720.646067,1937.878042059,0.0012829303741455078
1765400720.64812,1937.878042059,0.0033359527587890625
1765400720.6501877,1937.878042059,0.005403757095336914
1765400720.652242,1937.878042059,0.0074579715728759766
1765400720.6542947,1937.878042059,0.00951075553894043
1765400720.6563632,1937.888042794,0.0015785694122314453
1765400720.658418,1937.888042794,0.003633260726928711
1765400720.660471,1937.888042794,0.005686283111572266
1765400720.662524,1937.888042794,0.00773930549621582
1765400720.6645656,1937.888042794,0.0097808837890625
1765400720.6666195,1937.89804115,0.0018362998962402344
1765400720.6686726,1937.89804115,0.003889322280883789
1765400720.6707253,1937.89804115,0.005942106246948242
1765400720.6727781,1937.89804115,0.007994890213012695
1765400720.6748314,1937.89804115,0.010048151016235352
1765400720.6768842,1937.908042437,0.002099752426147461
1765400720.678952,1937.908042437,0.0041675567626953125
1765400720.6810064,1937.908042437,0.0062220096588134766
1765400720.6830592,1937.908042437,0.00827479362487793
1765400720.6851125,1937.918041083,0.0003294944763183594
1765400720.6871655,1937.918041083,0.002382516860961914
1765400720.6892328,1937.918041083,0.0044498443603515625
1765400720.6913018,1937.918041083,0.006518840789794922
1765400720.6933558,1937.918041083,0.008572816848754883
1765400720.6954086,1937.928041224,0.0006253719329833984
1765400720.6974766,1937.928041224,0.0026934146881103516
1765400720.6995451,1937.928041224,0.004761934280395508
1765400720.7015693,1937.928041224,0.0067861080169677734
1765400720.703623,1937.928041224,0.008839845657348633
1765400720.7056928,1937.938042925,0.00090789794921875
1765400720.707748,1937.938042925,0.0029630661010742188
1765400720.7098014,1937.938042925,0.0050165653228759766
1765400720.7118692,1937.938042925,0.007084369659423828
1765400720.713923,1937.938042925,0.009138107299804688
1765400720.7159762,1937.948042015,0.001192331314086914
1765400720.718029,1937.948042015,0.003245115280151367
1765400720.7200978,1937.948042015,0.005313873291015625
1765400720.7221673,1937.948042015,0.0073833465576171875
1765400720.7242215,1937.948042015,0.00943756103515625
1765400720.726289,1937.958040344,0.001506805419921875
1765400720.7283578,1937.958040344,0.003575563430786133
1765400720.7304118,1937.958040344,0.005629539489746094
1765400720.7324796,1937.958040344,0.007697343826293945
1765400720.7345576,1937.958040344,0.009775400161743164
1765400720.7366118,1937.968040903,0.001828908920288086
1765400720.7386646,1937.968040903,0.003881692886352539
1765400720.7407176,1937.968040903,0.005934715270996094
1765400720.7427704,1937.968040903,0.007987499237060547
1765400720.7448237,1937.978041077,4.0531158447265625e-05
1765400720.7468777,1937.978041077,0.0020945072174072266
1765400720.748931,1937.978041077,0.004147768020629883
1765400720.7509837,1937.978041077,0.006200551986694336
1765400720.7530365,1937.978041077,0.008253335952758789
1765400720.7550895,1937.988042565,0.00030493736267089844
1765400720.757143,1937.988042565,0.0023584365844726562
1765400720.7591991,1937.988042565,0.004414558410644531
1765400720.761257,1937.988042565,0.006472349166870117
1765400720.7633102,1937.988042565,0.008525609970092773
1765400720.7653632,1937.998041352,0.000579833984375
1765400720.7674267,1937.998041352,0.0026433467864990234
1765400720.7694807,1937.998041352,0.004697322845458984
1765400720.7715552,1937.998041352,0.00677180290222168
1765400720.7736087,1937.998041352,0.008825302124023438
1765400720.7756617,1938.008041888,0.0008778572082519531
1765400720.7777147,1938.008041888,0.002930879592895508
1765400720.7797675,1938.008041888,0.004983663558959961
1765400720.7818203,1938.008041888,0.007036447525024414
1765400720.7838738,1938.008041888,0.009089946746826172
1765400720.785927,1938.018040321,0.0011446475982666016
1765400720.78798,1938.018040321,0.0031976699829101562
1765400720.7900476,1938.018040321,0.005265235900878906
1765400720.7921016,1938.018040321,0.007319211959838867
1765400720.7941544,1938.018040321,0.00937199592590332
1765400720.796208,1938.028041969,0.0014238357543945312
1765400720.7982605,1938.028041969,0.003476381301879883
1765400720.8003132,1938.028041969,0.005529165267944336
1765400720.8023665,1938.028041969,0.007582426071166992
1765400720.8044336,1938.028041969,0.009649515151977539
1765400720.8065045,1938.038039978,0.001722574234008789
1765400720.8085513,1938.038039978,0.003769397735595703
1765400720.8106105,1938.038039978,0.0058286190032958984
1765400720.8126633,1938.038039978,0.007881402969360352
1765400720.814716,1938.038039978,0.009934186935424805
1765400720.8167694,1938.04804174,0.0019855499267578125
1765400720.818837,1938.04804174,0.0040531158447265625
1765400720.820891,1938.04804174,0.0061070919036865234
1765400720.8229437,1938.04804174,0.008159875869750977
1765400720.824997,1938.058040801,0.00021409988403320312
1765400720.8270497,1938.058040801,0.0022668838500976562
1765400720.8291025,1938.058040801,0.004319667816162109
1765400720.8311555,1938.058040801,0.006372690200805664
1765400720.8332083,1938.058040801,0.008425474166870117
1765400720.8352613,1938.068041804,0.0004775524139404297
1765400720.837329,1938.068041804,0.0025451183319091797
1765400720.839383,1938.068041804,0.004599094390869141
1765400720.8414502,1938.068041804,0.006666421890258789
1765400720.8435187,1938.068041804,0.008734941482543945
1765400720.84555,1938.078040787,0.0007672309875488281
1765400720.84761,1938.078040787,0.002827167510986328
1765400720.8496647,1938.078040787,0.004881858825683594
1765400720.8517187,1938.078040787,0.006935834884643555
1765400720.8537717,1938.078040787,0.00898885726928711
1765400720.8558252,1938.08804202,0.0010411739349365234
1765400720.8578804,1938.08804202,0.003096342086791992
1765400720.8599346,1938.08804202,0.005150556564331055
1765400720.8619874,1938.08804202,0.007203340530395508
1765400720.8640401,1938.08804202,0.009256124496459961
1765400720.866111,1938.098040898,0.0013282299041748047
1765400720.8681805,1938.098040898,0.003397703170776367
1765400720.8702493,1938.098040898,0.005466461181640625
1765400720.872318,1938.098040898,0.007535219192504883
1765400720.8743718,1938.098040898,0.009588956832885742
1765400720.8764398,1938.108040701,0.0016570091247558594
1765400720.8785086,1938.108040701,0.003725767135620117
1765400720.8805678,1938.108040701,0.0057849884033203125
1765400720.8826237,1938.108040701,0.007840871810913086
1765400720.8846784,1938.108040701,0.009895563125610352
1765400720.8867345,1938.118042464,0.0019500255584716797
1765400720.8888068,1938.118042464,0.004022359848022461
1765400720.8908648,1938.118042464,0.0060803890228271484
1765400720.8929186,1938.118042464,0.008134126663208008
1765400720.8949718,1938.12804151,0.00018835067749023438
1765400720.897025,1938.12804151,0.0022416114807128906
1765400720.8991153,1938.12804151,0.004331827163696289
1765400720.9011724,1938.12804151,0.00638890266418457
1765400720.9032264,1938.12804151,0.008442878723144531
1765400720.9052808,1938.13804077,0.0004980564117431641
1765400720.9073343,1938.13804077,0.002551555633544922
1765400720.9093888,1938.13804077,0.004606008529663086
1765400720.9114416,1938.13804077,0.006658792495727539
1765400720.9135094,1938.13804077,0.00872659683227539
