####
#
# OBJ File Generated by Meshlab
#
####
# Object one_piece_wide_grasp_finray_finger.obj
#
# Vertices: 2214
# Faces: 4400
#
####
mtllib ./one_piece_wide_grasp_finray_finger.obj.mtl

vn 0.7071069 0.0000002 -0.7071066
v -0.0005000 -0.0000000 -0.0188179
vn 0.3260353 -0.8956477 0.3025165
v -0.0005000 -0.0130000 -0.0207456
vn 0.7330520 0.0000004 0.6801726
v -0.0005000 -0.0000000 -0.0207456
vn 0.8619603 0.0037445 -0.5069621
v 0.0033335 -0.0120715 -0.1208861
vn 0.5907353 -0.6903218 -0.4177172
v -0.0001543 -0.0130000 -0.1267169
vn 0.8164938 0.0000001 -0.5773543
v -0.0001543 -0.0120715 -0.1267169
vn -0.6385918 0.0000001 0.7695457
v 0.0303513 -0.0000000 -0.0230576
vn -0.2968892 -0.9171945 -0.2657274
v 0.0308224 -0.0130000 -0.0188179
vn -0.7451297 0.0000000 -0.6669196
v 0.0308224 -0.0000000 -0.0188179
vn 0.7071069 -0.0000000 -0.7071066
v -0.0005000 -0.0000000 -0.0138178
vn 0.3015115 -0.9045339 0.3015115
v -0.0005000 -0.0130000 -0.0168179
vn 0.7071068 0.0000004 0.7071068
v -0.0005000 -0.0000000 -0.0168179
vn -0.5214375 0.0000001 0.8532895
v 0.0275459 -0.0000000 -0.0416357
vn -0.3671975 -0.8979800 -0.2424829
v 0.0282784 -0.0130000 -0.0374814
vn -0.8333030 -0.0000002 -0.5528166
v 0.0282852 -0.0000000 -0.0374424
vn 0.6522890 -0.0000001 -0.7579705
v -0.0005000 -0.0000000 -0.0267403
vn 0.3753480 -0.8772203 0.2993299
v -0.0005000 -0.0130000 -0.0287805
vn 0.7818314 0.0000004 0.6234899
v -0.0005000 -0.0000000 -0.0287805
vn 0.5938208 -0.0000001 -0.8045974
v -0.0005000 -0.0000000 -0.0350777
vn 0.4242156 -0.8581317 0.2892252
v -0.0005000 -0.0130000 -0.0373879
vn 0.8262389 0.0000002 0.5633199
v -0.0005000 -0.0000000 -0.0373879
vn 0.7579716 0.0000002 0.6522877
v -0.0005000 -0.0000000 -0.0247177
vn 0.2772398 -0.9131600 -0.2987926
v -0.0005000 -0.0130000 -0.0227512
vn 0.3506871 -0.8865329 0.3017915
v -0.0005000 -0.0130000 -0.0247177
vn -0.9044880 -0.0000001 -0.4264991
v 0.0244617 -0.0000000 -0.0562986
vn 0.1639155 -0.9513564 -0.2608694
v -0.0005000 -0.0130000 -0.0442777
vn 0.5320328 -0.0000004 -0.8467238
v -0.0005000 -0.0000000 -0.0442778
vn 0.8045976 0.0000002 0.5938205
v -0.0005000 -0.0000000 -0.0329847
vn 0.2294305 -0.9296800 -0.2881958
v -0.0005000 -0.0130000 -0.0308319
vn 0.3998951 -0.8677434 0.2951363
v -0.0005000 -0.0130000 -0.0329847
vn 0.5633199 -0.0000003 -0.8262390
v -0.0005000 -0.0000000 -0.0395364
vn 0.4481965 -0.8484163 0.2816198
v -0.0005000 -0.0130000 -0.0420578
vn 0.8467248 0.0000005 0.5320311
v -0.0005000 -0.0000000 -0.0420579
vn -0.4886727 -0.8600246 -0.1468223
v 0.0188677 -0.0130000 -0.0766179
vn 0.6665407 -0.7055942 -0.2405420
v 0.0234740 -0.0130000 -0.0780584
vn -0.0976679 -0.9454836 0.3106796
v 0.0195039 -0.0130000 -0.0745673
vn 0.4947097 0.8287942 0.2614625
v -0.0005000 0.0130000 -0.0525515
vn 0.1244911 0.9638564 -0.2355480
v -0.0005000 0.0130000 -0.0549721
vn -0.7071067 0.7071069 -0.0000001
v -0.0020000 0.0130000 -0.0546376
vn 0.7057018 -0.7051767 -0.0686347
v 0.0369434 -0.0130000 -0.0176861
vn 0.0000002 -1.0000000 -0.0000000
v 0.0310603 -0.0130000 -0.0178179
vn -0.7071049 -0.0000001 0.7071087
v -0.0011213 -0.0000000 -0.0046965
vn -0.7071067 0.0000000 0.7071068
v -0.0011213 -0.0120714 -0.0046965
vn -0.5000027 0.0000003 0.8660238
v -0.0005000 -0.0000000 -0.0042198
vn 0.4338844 -0.0000001 -0.9009686
v -0.0005000 -0.0000000 -0.0611728
vn 0.5386392 -0.8090981 0.2350068
v -0.0005000 -0.0130000 -0.0654486
vn 0.9165617 0.0000005 0.3998934
v -0.0005000 -0.0000000 -0.0654486
vn -0.9243224 -0.0000001 -0.3816124
v 0.0228274 -0.0000000 -0.0628552
vn -0.1176984 -0.9406424 0.3183379
v 0.0215486 -0.0130000 -0.0675839
vn -0.4511509 -0.8727943 -0.1862608
v 0.0228274 -0.0130000 -0.0628551
vn 0.4672697 -0.0000002 -0.8841149
v -0.0005000 -0.0000000 -0.0549721
vn 0.5170454 -0.8189416 0.2489956
v -0.0005000 -0.0130000 -0.0586146
vn 0.9009691 0.0000005 0.4338834
v -0.0005000 -0.0000000 -0.0586147
vn -0.6358829 -0.6788753 0.3671259
v -0.0015981 -0.0130000 -0.0053179
vn -0.8660261 -0.0000001 0.4999988
v -0.0015981 -0.0120714 -0.0053179
vn 0.6823075 -0.7288324 0.0570962
v 0.0344336 -0.0130000 -0.0374814
vn 0.6874862 -0.7239150 -0.0575301
v 0.0344425 -0.0130000 -0.0366271
vn 0.6874862 0.7239151 -0.0575300
v 0.0344425 0.0130000 -0.0366272
vn -0.3428163 0.9049532 -0.2520649
v 0.0292673 0.0130000 -0.0312269
vn 0.7026073 0.7042606 -0.1017851
v 0.0354824 0.0130000 -0.0300395
vn 0.2071601 0.9371750 -0.2806916
v -0.0005000 0.0130000 -0.0350777
vn -0.7071067 0.7071069 -0.0000001
v -0.0020000 0.0130000 -0.0337605
vn 0.3998950 0.8677434 0.2951362
v -0.0005000 0.0130000 -0.0329847
vn -0.0467774 -0.9571615 0.2857510
v 0.0117441 -0.0130000 -0.0967075
vn 0.6484594 -0.7026832 -0.2928083
v 0.0161040 -0.0130000 -0.0964410
vn -0.5193251 -0.8483658 -0.1028441
v 0.0142053 -0.0130000 -0.0902724
vn 0.9411058 0.0000002 0.3381122
v -0.0005000 -0.0000000 -0.0818667
vn 0.0758313 -0.9786802 -0.1908787
v -0.0005000 -0.0130000 -0.0746856
vn 0.5749417 -0.7916912 0.2065601
v -0.0005000 -0.0130000 -0.0818667
vn -0.0623495 -0.9537712 0.2939949
v 0.0145903 -0.0130000 -0.0892233
vn 0.6582866 -0.7042555 -0.2658627
v 0.0199110 -0.0130000 -0.0874540
vn -0.5058603 -0.8535126 -0.1249865
v 0.0168209 -0.0130000 -0.0828841
vn 0.6218773 -0.7045021 -0.3419730
v 0.0083576 -0.0130000 -0.1120039
vn 0.6607141 -0.6557787 -0.3652550
v 0.0051443 -0.0130000 -0.1178589
vn -0.5000005 0.0000000 0.8660251
v 0.0044434 -0.0000000 -0.0113179
vn -0.5447055 -0.8386275 0.0000007
v 0.0058867 -0.0130000 -0.0088179
vn -1.0000000 -0.0000000 -0.0000000
v 0.0058867 -0.0000000 -0.0088179
vn 0.6500947 -0.7340671 0.1962712
v 0.0345271 -0.0130000 -0.0380029
vn 0.4555407 -0.7067778 0.5412465
v 0.0357494 -0.0130000 -0.0396417
vn 0.4937220 -0.7340776 0.4662282
v 0.0352179 -0.0130000 -0.0391956
vn -0.1420238 -0.8386280 -0.5258635
v 0.0337527 -0.0130000 -0.0410309
vn 0.4726194 -0.0000000 -0.8812667
v -0.0005275 0.0123055 -0.1270639
vn 0.2331957 0.0000001 -0.9724298
v -0.0007679 -0.0000000 -0.1271559
vn 0.2331958 -0.0000000 -0.9724298
v -0.0007679 0.0123055 -0.1271559
vn 0.0896629 -0.9745392 -0.2055091
v -0.0005000 -0.0130000 -0.0668127
vn -0.0785745 -0.9500385 0.3020810
v 0.0171711 -0.0130000 -0.0818449
vn -0.1603292 -0.9301610 0.3302956
v 0.0249275 -0.0130000 -0.0543032
vn -0.4366836 0.0000004 0.8996152
v 0.0249275 -0.0000000 -0.0543032
vn -0.5618412 0.0000003 0.8272452
v 0.0286189 -0.0000000 -0.0354267
vn 0.3753467 0.8772212 0.2993292
v -0.0005000 0.0130000 -0.0287805
vn 0.2723530 -0.8386286 -0.4717266
v 0.0015566 -0.0130000 -0.0063179
vn -0.3671262 -0.6788753 0.6358827
v -0.0005000 -0.0130000 -0.0042198
vn -0.5191971 -0.6788734 0.5191969
v -0.0011213 -0.0130000 -0.0046965
vn -0.7092356 -0.6788738 0.1900400
v -0.0018978 -0.0130000 -0.0060414
vn 0.5447064 -0.8386268 0.0000007
v 0.0001132 -0.0130000 -0.0088179
vn -0.2723549 -0.8386307 -0.4717218
v 0.0344434 -0.0130000 -0.0063178
vn 0.4408975 -0.6910698 0.5727408
v 0.0366217 -0.0130000 -0.0044332
vn 0.3289877 -0.6818218 0.6533653
v 0.0361748 -0.0130000 -0.0041384
vn 0.2269444 0.0000003 0.9739077
v -0.0005000 -0.0000000 -0.1235969
vn -0.5505435 -0.8343613 -0.0272627
v 0.0046218 -0.0130000 -0.1132039
vn -0.9987761 -0.0000000 -0.0494597
v 0.0046218 -0.0000000 -0.1132039
vn 0.1064581 0.9694315 -0.2210638
v -0.0005000 0.0130000 -0.0611728
vn -0.8701302 0.0000000 -0.4928220
v -0.0018699 0.0123055 -0.1266759
vn -0.9260338 -0.0000004 -0.3774406
v -0.0019184 -0.0000000 -0.1265569
vn -0.9656034 -0.0007820 -0.2600184
v -0.0019634 0.0123055 -0.1264465
vn 0.0630826 -0.9824413 -0.1755840
v -0.0005000 -0.0130000 -0.0834382
vn 0.3015115 -0.9045340 -0.3015114
v -0.0005000 -0.0130000 -0.0188179
vn 0.6950868 -0.0000002 -0.7189258
v 0.0310603 -0.0000000 -0.0417466
vn 0.3827657 -0.8347210 -0.3958929
v 0.0310603 -0.0130000 -0.0417466
vn -0.9978590 -0.0000002 0.0654023
v -0.0020000 -0.0120714 -0.0068179
vn -0.9659258 -0.0000002 0.2588195
v -0.0018978 -0.0120714 -0.0060414
vn 0.2075857 -0.7070710 -0.6759872
v 0.0335440 -0.0130000 -0.0488462
vn 0.2950281 -0.0000004 -0.9554886
v 0.0339056 -0.0000000 -0.0487352
vn 0.2087147 -0.7067946 -0.6759287
v 0.0339056 -0.0130000 -0.0487351
vn 0.3506869 0.8865331 0.3017911
v -0.0005000 0.0130000 -0.0247177
vn 0.2533425 0.9214948 -0.2943890
v -0.0005000 0.0130000 -0.0267403
vn -0.7071069 0.7071067 -0.0000001
v -0.0020000 0.0130000 -0.0248989
vn 0.6229666 0.0000002 -0.7822484
v -0.0005000 -0.0000000 -0.0308319
vn 0.0514564 -0.9858212 -0.1597148
v -0.0005000 -0.0130000 -0.0933827
vn -0.0320310 -0.9603740 0.2768680
v 0.0086018 -0.0130000 -0.1043299
vn 0.5919819 -0.7830625 0.1907107
v -0.0005000 -0.0130000 -0.0916696
vn -0.7071068 -0.7071068 0.0000001
v -0.0020000 -0.0130000 -0.0913030
vn -0.0676042 0.0000001 0.9977123
v 0.0051261 -0.0000000 -0.1121219
vn 0.6082082 -0.7745064 0.1738469
v -0.0005000 -0.0130000 -0.1030845
vn -0.0181239 -0.9633946 0.2674739
v 0.0051261 -0.0130000 -0.1121219
vn 0.1420248 0.8386269 0.5258649
v 0.0322473 0.0130000 -0.0466048
vn -0.7056977 0.0000002 0.7085132
v 0.0350372 -0.0000000 -0.0458632
vn -0.3843973 0.8386275 0.3859309
v 0.0350372 0.0130000 -0.0458632
vn 0.4481964 0.8484165 0.2816195
v -0.0005000 0.0130000 -0.0420579
vn 0.5571452 -0.8003737 0.2213396
v -0.0005000 -0.0130000 -0.0732284
vn -0.2074626 0.0000001 0.9782430
v 0.0145903 -0.0000000 -0.0892233
vn 0.9293476 0.0000002 0.3692059
v -0.0005000 -0.0000000 -0.0732284
vn -0.2517349 0.0000002 0.9677963
v 0.0171711 -0.0000000 -0.0818449
vn 0.2772394 0.9131600 -0.2987929
v -0.0005000 0.0130000 -0.0227512
vn -0.7071068 0.7071069 -0.0000001
v -0.0020000 0.0130000 -0.0213584
vn 0.3260351 0.8956478 0.3025164
v -0.0005000 0.0130000 -0.0207456
vn -0.8588691 -0.0000001 -0.5121952
v 0.0271751 -0.0000000 -0.0436143
vn 0.2071600 -0.9371750 -0.2806915
v -0.0005000 -0.0130000 -0.0350777
vn -0.8826577 -0.0000001 -0.4700163
v 0.0259039 -0.0000000 -0.0498991
vn -0.4096712 -0.8857653 -0.2181501
v 0.0259039 -0.0130000 -0.0498991
vn -0.5424032 0.8383210 -0.0549259
v 0.0081401 0.0130000 -0.1053999
vn 0.6218467 0.7045006 -0.3420318
v 0.0083576 0.0130000 -0.1120039
vn -0.0181238 0.9633946 0.2674740
v 0.0051261 0.0130000 -0.1121219
vn 0.6099955 0.0000001 0.7924049
v 0.0366217 -0.0000000 -0.0044332
vn 0.4497328 0.0000001 0.8931631
v 0.0361748 -0.0000000 -0.0041384
vn 0.1690538 -0.6818385 0.7117002
v 0.0355189 -0.0130000 -0.0038991
vn 0.0419478 -0.6942214 0.7185382
v 0.0348256 -0.0130000 -0.0038179
vn -0.4511509 0.8727943 -0.1862607
v 0.0228274 0.0130000 -0.0628552
vn 0.6837795 0.7025492 -0.1971554
v 0.0283522 0.0130000 -0.0631179
vn 0.6753072 0.7063435 -0.2122244
v 0.0266581 0.0130000 -0.0685734
vn -0.1615496 0.0000001 0.9868646
v 0.0117441 -0.0000000 -0.0967075
vn 0.5002512 -0.6974146 0.5131876
v 0.0369434 -0.0130000 -0.0047204
vn 0.0409764 0.9888228 -0.1433539
v -0.0005000 0.0130000 -0.1049768
vn 0.6082079 0.7745067 0.1738468
v -0.0005000 0.0130000 -0.1030845
vn 0.9480513 -0.0000000 -0.3181177
v 0.0251543 -0.0000000 -0.0733023
vn 0.6665407 0.7055942 -0.2405422
v 0.0234740 0.0130000 -0.0780584
vn 0.6737238 0.7035550 -0.2260675
v 0.0251543 0.0130000 -0.0733023
vn -0.3878539 -0.8922272 -0.2313007
v 0.0271751 -0.0130000 -0.0436142
vn -0.1827866 -0.9245644 0.3343200
v 0.0263208 -0.0130000 -0.0479142
vn 0.5225740 -0.8425282 0.1306242
v 0.0302101 -0.0130000 -0.0445595
vn 0.7026071 -0.7042607 -0.1017849
v 0.0354824 -0.0130000 -0.0300394
vn -0.3198952 -0.9111469 -0.2597663
v 0.0301090 -0.0130000 -0.0250450
vn -0.2535817 -0.9065971 0.3373102
v 0.0295514 -0.0130000 -0.0292472
vn 0.5843716 0.6911962 -0.4251561
v 0.0370551 0.0130000 -0.0466981
vn 0.7140604 -0.0000002 -0.7000841
v 0.0365811 -0.0000000 -0.0472595
vn 0.5163025 0.6907940 -0.5061972
v 0.0365811 0.0130000 -0.0472595
vn 0.5876086 -0.7340932 0.3403281
v 0.0348030 -0.0130000 -0.0386394
vn 0.4555373 0.7067764 0.5412512
v 0.0357494 0.0130000 -0.0396417
vn -0.1420242 0.8386277 -0.5258638
v 0.0337527 0.0130000 -0.0410310
vn 0.4937162 0.7340800 0.4662305
v 0.0352179 0.0130000 -0.0391957
vn 0.4999999 -0.0000001 -0.8660254
v -0.0005000 -0.0000000 -0.0493871
vn 0.4947095 -0.8287941 0.2614627
v -0.0005000 -0.0130000 -0.0525515
vn 0.8841149 0.0000002 0.4672697
v -0.0005000 -0.0000000 -0.0525515
vn -0.7386758 -0.0000001 -0.6740609
v 0.0312981 -0.0000000 -0.0138178
vn -0.3025050 -0.8936422 0.3315031
v 0.0310231 -0.0130000 -0.0168178
vn -0.2979589 -0.9150374 -0.2718953
v 0.0312981 -0.0130000 -0.0138178
vn 0.4021396 -0.0000004 -0.9155784
v 0.0332423 -0.0000000 -0.0489389
vn 0.4086660 0.7340788 -0.5423288
v 0.0326436 0.0130000 -0.0492896
vn 0.2730576 0.7341197 -0.6216975
v 0.0332423 0.0130000 -0.0489389
vn 0.8867320 0.0000001 0.4622838
v 0.0374577 -0.0000000 -0.0416077
vn 0.7043569 0.6813672 0.1990483
v 0.0378116 0.0130000 -0.0424582
vn 0.6433333 0.6882112 0.3353918
v 0.0374577 0.0130000 -0.0416077
vn -0.0471713 -0.6926782 0.7197025
v 0.0010000 -0.0130000 -0.0038179
vn -0.1900396 -0.6788740 0.7092356
v 0.0002235 -0.0130000 -0.0039201
vn -0.6384652 0.6794125 -0.3616087
v -0.0018699 0.0130000 -0.1266759
vn -0.7195470 0.6928880 -0.0464592
v -0.0020000 0.0130000 -0.1261829
vn 0.3466465 0.6797346 -0.6463723
v -0.0005275 0.0130000 -0.1270639
vn 0.9192521 0.0000001 0.3936694
v 0.0375833 -0.0000000 -0.0056368
vn 0.7207743 -0.6818413 0.1248078
v 0.0377816 -0.0130000 -0.0063061
vn 0.9853371 -0.0000000 0.1706189
v 0.0377816 -0.0000000 -0.0063061
vn 0.5222880 -0.7340654 -0.4340086
v 0.0321415 -0.0130000 -0.0497683
vn 0.6018085 -0.0000002 -0.7986405
v 0.0326436 -0.0000000 -0.0492896
vn 0.4086688 -0.7340785 -0.5423269
v 0.0326436 -0.0130000 -0.0492896
vn 0.0409767 -0.9888229 -0.1433537
v -0.0005000 -0.0130000 -0.1049768
vn 0.7211942 0.6926916 -0.0075750
v 0.0378199 0.0130000 -0.0070032
vn 0.7207743 0.6818414 0.1248068
v 0.0377816 0.0130000 -0.0063061
vn -0.3878542 0.8922270 -0.2313010
v 0.0271751 0.0130000 -0.0436143
vn 0.5225743 0.8425282 0.1306236
v 0.0302101 0.0130000 -0.0445595
vn -0.1827868 0.9245644 0.3343198
v 0.0263208 0.0130000 -0.0479143
vn 0.2748365 0.0000001 -0.9614910
v -0.0005000 -0.0000000 -0.1049768
vn -0.2968895 0.9171943 -0.2657278
v 0.0308224 0.0130000 -0.0188179
vn -0.0000001 1.0000000 -0.0000005
v 0.0310603 0.0130000 -0.0178179
vn 0.7057018 0.7051768 -0.0686348
v 0.0369434 0.0130000 -0.0176861
vn 0.5876084 0.7340944 0.3403263
v 0.0348030 0.0130000 -0.0386395
vn 0.7270580 0.0000001 0.6865761
v 0.0352179 -0.0000000 -0.0391957
vn 0.3827657 0.8347208 -0.3958935
v 0.0310603 0.0130000 -0.0417467
vn -0.2607360 -0.0000003 -0.9654102
v 0.0337527 -0.0000000 -0.0410309
vn -0.2723549 0.8386303 -0.4717224
v 0.0344434 0.0130000 -0.0063179
vn 0.5002553 0.6974133 0.5131856
v 0.0369434 0.0130000 -0.0047204
vn 0.5876796 0.6818276 0.4355961
v 0.0372357 0.0130000 -0.0050314
vn -1.0000000 0.0000000 -0.0000001
v -0.0020000 0.0123055 -0.0337605
vn -0.7071069 0.7071066 -0.0000001
v -0.0020000 0.0130000 -0.0374815
vn -1.0000000 0.0000000 -0.0000001
v -0.0020000 0.0123055 -0.0374815
vn -0.5447053 0.8386276 -0.0000002
v 0.0058867 0.0130000 -0.0088179
vn 0.2723554 0.8386309 -0.4717212
v 0.0315566 0.0130000 -0.0063179
vn 0.5447142 0.8386218 0.0000001
v 0.0301133 0.0130000 -0.0088179
vn 0.7173418 0.6813667 -0.1454654
v 0.0379003 0.0130000 -0.0448115
vn 0.6629160 0.6813663 -0.3102940
v 0.0375285 0.0130000 -0.0459375
vn 0.9208819 -0.0000000 -0.3898418
v 0.0181397 -0.0000000 -0.0916841
vn 0.6484594 0.7026831 -0.2928086
v 0.0161040 0.0130000 -0.0964410
vn 0.6519687 0.7062295 -0.2760015
v 0.0181397 0.0130000 -0.0916841
vn -0.7071068 -0.7071068 -0.0000001
v -0.0020000 -0.0130000 -0.0592524
vn -1.0000000 -0.0000003 -0.0000001
v -0.0020000 -0.0120714 -0.0546375
vn -1.0000000 -0.0000003 -0.0000001
v -0.0020000 -0.0120714 -0.0592524
vn 0.6500954 0.7340666 0.1962707
v 0.0345271 0.0130000 -0.0380030
vn -0.3671981 0.8979798 -0.2424826
v 0.0282784 0.0130000 -0.0374815
vn 0.6823069 0.7288328 0.0570970
v 0.0344336 0.0130000 -0.0374815
vn -0.2723548 -0.8386303 0.4717225
v 0.0344434 -0.0130000 -0.0113179
vn 0.5000101 -0.0000000 0.8660196
v 0.0315566 -0.0000000 -0.0113179
vn 0.2723558 -0.8386309 0.4717208
v 0.0315566 -0.0130000 -0.0113179
vn -0.2723528 0.8386281 0.4717277
v 0.0044434 0.0130000 -0.0113179
vn -0.2979593 0.9150372 -0.2718955
v 0.0312981 0.0130000 -0.0138179
vn -0.6740608 0.0000003 0.7386759
v 0.0310231 -0.0000000 -0.0168179
vn 0.9992905 -0.0000000 0.0376629
v 0.0379965 -0.0000000 -0.0436296
vn 0.9800517 -0.0000002 -0.1987427
v 0.0379003 -0.0000000 -0.0448115
vn -0.7071068 0.7071069 -0.0000002
v -0.0020000 0.0130000 -0.0426852
vn -1.0000000 0.0000000 -0.0000001
v -0.0020000 0.0123055 -0.0426852
vn 0.8164547 0.0000001 0.5774096
v 0.0369662 -0.0000000 -0.0408355
vn 0.5859982 0.6963172 0.4144255
v 0.0369662 0.0130000 -0.0408355
vn 0.0896629 0.9745392 -0.2055091
v -0.0005000 0.0130000 -0.0668127
vn -0.0785752 0.9500383 0.3020813
v 0.0171711 0.0130000 -0.0818449
vn -0.5058604 0.8535125 -0.1249866
v 0.0168209 0.0130000 -0.0828841
vn 0.3015112 0.9045342 -0.3015113
v -0.0005000 0.0130000 -0.0138179
vn 0.2723525 0.8386283 0.4717274
v 0.0015566 0.0130000 -0.0113179
vn 0.1851123 0.9444656 -0.2715108
v -0.0005000 0.0130000 -0.0395364
vn 0.4242152 0.8581319 0.2892251
v -0.0005000 0.0130000 -0.0373879
vn 0.5890636 -0.0000004 -0.8080867
v 0.0358631 -0.0000000 -0.0478906
vn 0.4279487 0.6871768 -0.5870672
v 0.0358631 0.0130000 -0.0478906
vn -0.4886728 0.8600244 -0.1468228
v 0.0188677 0.0130000 -0.0766179
vn 0.6631444 0.7050812 -0.2511973
v 0.0218086 0.0130000 -0.0825777
vn -0.7071070 0.7071066 -0.0000003
v -0.0020000 0.0130000 -0.0300395
vn -1.0000000 0.0000000 -0.0000001
v -0.0020000 0.0123055 -0.0300395
vn -0.5000082 -0.0000002 -0.8660207
v 0.0344434 -0.0000000 -0.0063179
vn -0.5447124 0.8386230 -0.0000002
v 0.0358867 0.0130000 -0.0088179
vn -1.0000000 -0.0000000 -0.0000000
v 0.0358867 -0.0000000 -0.0088179
vn -0.7071068 0.7071068 -0.0000002
v -0.0020000 0.0130000 -0.0913030
vn -1.0000000 0.0000000 -0.0000001
v -0.0020000 0.0123055 -0.1046529
vn -1.0000000 0.0000000 -0.0000001
v -0.0020000 0.0123055 -0.0913030
vn 0.6980239 0.0000001 0.7160745
v 0.0369434 -0.0000000 -0.0047204
vn 0.3015110 0.9045342 0.3015114
v -0.0005000 0.0130000 -0.0168179
vn -0.7071068 0.7071067 -0.0000000
v -0.0020000 0.0130000 -0.0135977
vn 0.9965171 -0.0000000 0.0833896
v 0.0344336 -0.0000000 -0.0374815
vn -0.9659262 0.0000000 0.2588177
v -0.0018978 0.0123055 -0.0060414
vn -0.7197029 0.6926779 0.0471706
v -0.0020000 0.0130000 -0.0068179
vn -0.9978590 0.0000000 0.0654023
v -0.0020000 0.0123055 -0.0068179
vn -0.2779544 0.9003043 0.3349529
v 0.0303513 0.0130000 -0.0230576
vn -0.7071068 -0.7071068 -0.0000000
v -0.0020000 -0.0130000 -0.0546375
vn 0.1244910 -0.9638564 -0.2355480
v -0.0005000 -0.0130000 -0.0549720
vn -1.0000000 -0.0000003 -0.0000001
v -0.0020000 -0.0120714 -0.0426852
vn -0.7071069 -0.7071067 -0.0000001
v -0.0020000 -0.0130000 -0.0374814
vn -1.0000000 -0.0000003 -0.0000001
v -0.0020000 -0.0120714 -0.0374814
vn -0.5447128 -0.8386227 0.0000005
v 0.0358867 -0.0130000 -0.0088179
vn 0.7061167 -0.7057065 -0.0581178
v 0.0373968 -0.0130000 -0.0125679
vn 0.7211936 -0.6926923 -0.0075730
v 0.0378199 -0.0130000 -0.0070032
vn 0.9965169 -0.0000001 -0.0833903
v 0.0344425 -0.0000000 -0.0366271
vn 0.9113939 -0.0000000 -0.4115351
v 0.0161040 -0.0000000 -0.0964410
vn 0.6382667 0.7064325 -0.3058902
v 0.0136864 0.0130000 -0.1015245
vn 0.6808670 -0.0000000 -0.7324072
v -0.0003184 0.0123055 -0.1269149
vn 0.4726194 0.0000001 -0.8812667
v -0.0005275 -0.0000000 -0.1270639
vn 0.2075860 0.7070751 -0.6759828
v 0.0335440 0.0130000 -0.0488463
vn 0.2087183 0.7067891 -0.6759333
v 0.0339056 0.0130000 -0.0487352
vn 0.4076216 -0.0000004 -0.9131510
v 0.0350381 -0.0000000 -0.0483837
vn 0.2983554 0.6813611 -0.6683795
v 0.0350381 0.0130000 -0.0483837
vn -0.0320313 0.9603739 0.2768681
v 0.0086018 0.0130000 -0.1043299
vn 0.6343248 0.7024551 -0.3227832
v 0.0110950 0.0130000 -0.1068904
vn -0.4096712 0.8857652 -0.2181503
v 0.0259039 0.0130000 -0.0498992
vn -0.0976684 0.9454837 0.3106791
v 0.0195039 0.0130000 -0.0745673
vn -0.2783270 0.0000000 -0.9604864
v -0.0012778 0.0123055 -0.1271439
vn -0.5137691 -0.0000001 -0.8579286
v -0.0015136 -0.0000000 -0.1270408
vn -0.5137691 0.0000000 -0.8579285
v -0.0015136 0.0123055 -0.1270408
vn -0.7071068 0.7071068 -0.0000003
v -0.0020000 0.0130000 -0.0652181
vn -0.7071072 0.7071064 -0.0000002
v -0.0020000 0.0130000 -0.0592524
vn -0.7071068 -0.7071068 0.0000001
v -0.0020000 -0.0130000 -0.0734504
vn -0.7071069 -0.7071068 -0.0000000
v -0.0020000 -0.0130000 -0.0652181
vn 0.1690540 0.6818364 0.7117022
v 0.0355189 0.0130000 -0.0038991
vn 0.0419438 0.6942228 0.7185370
v 0.0348256 0.0130000 -0.0038179
vn 0.5170446 0.8189421 0.2489956
v -0.0005000 0.0130000 -0.0586147
vn -0.4308242 0.8792729 -0.2031494
v 0.0244617 0.0130000 -0.0562987
vn 0.6845530 0.7068307 -0.1782631
v 0.0301111 0.0130000 -0.0564705
vn 0.6841486 0.7066160 -0.1806504
v 0.0294425 0.0130000 -0.0590253
vn -0.8056579 -0.0000000 -0.5923812
v 0.0292673 -0.0000000 -0.0312269
vn -0.2295179 0.9127539 0.3379377
v 0.0286189 0.0130000 -0.0354267
vn -0.7071067 -0.7071069 0.0000002
v -0.0020000 -0.0130000 -0.0300395
vn -0.7071069 0.7071067 -0.0000002
v -0.0020000 0.0130000 -0.1046529
vn 0.0514563 0.9858211 -0.1597156
v -0.0005000 0.0130000 -0.0933827
vn -1.0000000 0.0000000 -0.0000001
v -0.0020000 0.0123055 -0.0248989
vn 0.5749415 0.7916915 0.2065599
v -0.0005000 0.0130000 -0.0818667
vn 0.3692062 0.0000001 -0.9293475
v -0.0005000 -0.0000000 -0.0746856
vn 0.6740602 0.6381757 -0.3719875
v 0.0051443 0.0130000 -0.1178589
vn 0.0275703 0.9925933 0.1183149
v -0.0005000 0.0130000 -0.1235969
vn -0.5505430 0.8343616 -0.0272633
v 0.0046218 0.0130000 -0.1132039
vn 0.9351567 -0.0000000 -0.3542345
v 0.0218086 -0.0000000 -0.0825777
vn 0.6582866 0.7042555 -0.2658629
v 0.0199110 0.0130000 -0.0874540
vn 0.2723526 0.8386284 -0.4717272
v 0.0015566 0.0130000 -0.0063179
vn -0.5191954 0.6788741 0.5191975
v -0.0011213 0.0130000 -0.0046965
vn -0.3671261 0.6788753 0.6358827
v -0.0005000 0.0130000 -0.0042198
vn -0.9420894 -0.0000000 -0.3353617
v 0.0209739 -0.0000000 -0.0696127
vn -0.4704884 0.8663660 -0.1674831
v 0.0209739 0.0130000 -0.0696127
vn 0.7200153 0.0000001 0.6939582
v 0.0365814 -0.0000000 -0.0403440
vn 0.5247427 0.6847360 0.5057488
v 0.0365814 0.0130000 -0.0403440
vn 0.4717277 0.8386281 0.2723525
v -0.0005000 0.0130000 -0.0470777
vn 0.1436733 0.9578264 -0.2488506
v -0.0005000 0.0130000 -0.0493871
vn -0.7071070 0.7071066 -0.0000001
v -0.0020000 0.0130000 -0.0478889
vn -0.5193250 0.8483658 -0.1028443
v 0.0142053 0.0130000 -0.0902724
vn -0.2779539 -0.9003041 0.3349539
v 0.0303513 -0.0130000 -0.0230576
vn 0.9925187 -0.0000001 -0.1220928
v 0.0361606 -0.0000000 -0.0248989
vn 0.7037736 0.7051321 -0.0865535
v 0.0361606 0.0130000 -0.0248989
vn 0.2607367 0.0000003 0.9654100
v 0.0322473 -0.0000000 -0.0466048
vn 0.9701511 0.0000001 0.2425014
v 0.0302101 -0.0000000 -0.0445595
vn 0.0000000 -1.0000000 -0.0000000
v -0.0005000 -0.0130000 -0.0178179
vn 0.5919817 0.7830629 0.1907100
v -0.0005000 0.0130000 -0.0916696
vn -0.0467773 0.9571616 0.2857508
v 0.0117441 0.0130000 -0.0967075
vn -0.1176990 0.9406425 0.3183372
v 0.0215486 0.0130000 -0.0675839
vn 0.6801733 -0.0000000 -0.7330514
v -0.0005000 -0.0000000 -0.0227512
vn -0.0654025 0.0000003 0.9978590
v 0.0010000 -0.0000000 -0.0038179
vn -0.2588239 0.0000003 0.9659246
v 0.0002235 -0.0000000 -0.0039201
vn -0.9890039 -0.0000000 -0.1478899
v 0.0113221 -0.0000000 -0.0977673
vn -0.1149246 0.0000001 0.9933742
v 0.0086018 -0.0000000 -0.1043299
vn 0.1064586 -0.9694315 -0.2210637
v -0.0005000 -0.0130000 -0.0611727
vn 0.9608568 -0.0000000 -0.2770456
v 0.0283522 -0.0000000 -0.0631179
vn 0.1420248 -0.8386263 0.5258659
v 0.0322473 -0.0130000 -0.0466047
vn -0.7071069 -0.7071067 -0.0000000
v -0.0020000 -0.0130000 -0.0826416
vn -1.0000000 0.0000000 -0.0000001
v -0.0020000 0.0123055 -0.0178179
vn -1.0000000 0.0000000 -0.0000001
v -0.0020000 0.0123055 -0.0135713
vn -0.3198955 0.9111465 -0.2597672
v 0.0301090 0.0130000 -0.0250450
vn -0.6009089 0.0000001 0.7993175
v 0.0295514 -0.0000000 -0.0292472
vn -0.7762898 -0.0000001 -0.6303763
v 0.0301090 -0.0000000 -0.0250450
vn -0.6358836 0.6788741 0.3671269
v -0.0015981 0.0130000 -0.0053179
vn 0.5000103 -0.0000003 -0.8660195
v 0.0315566 -0.0000000 -0.0063179
vn 0.2723559 -0.8386314 -0.4717200
v 0.0315566 -0.0130000 -0.0063178
vn -0.9976597 -0.0005978 -0.0683722
v -0.0020000 0.0123055 -0.1261829
vn -0.3467856 0.0000001 0.9379445
v 0.0215486 -0.0000000 -0.0675839
vn -0.3428163 -0.9049534 -0.2520643
v 0.0292673 -0.0130000 -0.0312269
vn 0.9495737 -0.0000001 -0.3135441
v 0.0377144 -0.0000000 -0.0453745
vn 0.9056957 -0.0000001 -0.4239285
v 0.0375285 -0.0000000 -0.0459375
vn 0.5571449 0.8003740 0.2213394
v -0.0005000 0.0130000 -0.0732284
vn 0.0758309 0.9786802 -0.1908789
v -0.0005000 0.0130000 -0.0746856
vn -0.7071069 0.7071067 -0.0000001
v -0.0020000 0.0130000 -0.0734504
vn -0.8660256 0.0000000 0.4999997
v -0.0015981 0.0123055 -0.0053179
vn -0.7092357 0.6788744 0.1900378
v -0.0018978 0.0130000 -0.0060414
vn -0.9809498 0.0000000 -0.1942618
v 0.0142053 -0.0000000 -0.0902724
vn 0.9554874 -0.0000001 -0.2950321
v 0.0315277 -0.0000000 -0.0510026
vn 0.6845096 0.7071071 -0.1773310
v 0.0310603 0.0130000 -0.0528068
vn 0.6654500 0.7176045 -0.2054755
v 0.0315277 0.0130000 -0.0510026
vn 0.5222882 0.7340650 -0.4340089
v 0.0321415 0.0130000 -0.0497684
vn 0.8953830 -0.0000002 -0.4452969
v 0.0317627 -0.0000000 -0.0503497
vn 0.6079869 0.7341149 -0.3023696
v 0.0317627 0.0130000 -0.0503497
vn -0.2723526 -0.8386284 -0.4717273
v 0.0044434 -0.0130000 -0.0063179
vn -0.1900397 0.6788741 0.7092355
v 0.0002235 0.0130000 -0.0039201
vn -0.9577071 -0.0000000 -0.2877450
v 0.0188677 -0.0000000 -0.0766179
vn -0.7154034 -0.0000002 -0.6987116
v -0.0017154 -0.0000000 -0.1268819
vn -0.7154035 0.0000000 -0.6987116
v -0.0017154 0.0123055 -0.1268819
vn 0.8033735 0.0000002 0.5954756
v 0.0372357 -0.0000000 -0.0050314
vn 0.6724362 -0.6818373 0.2879715
v 0.0375833 -0.0130000 -0.0056368
vn 0.9539998 -0.0000000 -0.2998072
v 0.0266581 -0.0000000 -0.0685734
vn -1.0000000 0.0000000 -0.0000001
v -0.0020000 0.0123055 -0.0478889
vn 0.9614934 0.0000002 0.2748280
v -0.0005000 -0.0000000 -0.1030845
vn -0.5000083 0.0000000 0.8660207
v 0.0344434 -0.0000000 -0.0113179
vn -1.0000000 -0.0000003 -0.0000001
v -0.0020000 -0.0120714 -0.0300395
vn -0.7071068 -0.7071069 0.0000002
v -0.0020000 -0.0130000 -0.0248989
vn -1.0000000 -0.0000003 -0.0000001
v -0.0020000 -0.0120714 -0.0248989
vn -1.0000000 -0.0000003 -0.0000001
v -0.0020000 -0.0120714 -0.0135718
vn -0.7197018 -0.6926789 0.0471722
v -0.0020000 -0.0130000 -0.0068179
vn -0.2723550 0.8386304 0.4717222
v 0.0344434 0.0130000 -0.0113179
vn 0.1639155 0.9513562 -0.2608697
v -0.0005000 0.0130000 -0.0442778
vn 0.4717283 -0.8386277 0.2723528
v -0.0005000 -0.0130000 -0.0470776
vn -0.7071068 -0.7071068 0.0000002
v -0.0020000 -0.0130000 -0.0478889
vn 0.1436740 -0.9578264 -0.2488502
v -0.0005000 -0.0130000 -0.0493870
vn 0.3015114 -0.9045340 -0.3015114
v -0.0005000 -0.0130000 -0.0138178
vn -1.0000000 -0.0000003 -0.0000001
v -0.0020000 -0.0120714 -0.0826416
vn -1.0000000 -0.0000003 -0.0000001
v -0.0020000 -0.0120714 -0.0734504
vn -1.0000000 -0.0000003 -0.0000001
v -0.0020000 -0.0120714 -0.0913030
vn -1.0000000 -0.0000003 -0.0000001
v -0.0020000 -0.0120715 -0.1046529
vn 0.3998930 0.0000001 -0.9165618
v -0.0005000 -0.0000000 -0.0668127
vn -0.9708065 -0.0000000 -0.2398642
v 0.0168209 -0.0000000 -0.0828841
vn 0.6845094 -0.7071072 -0.1773308
v 0.0310603 -0.0130000 -0.0528068
vn 0.6654511 -0.7176042 -0.2054729
v 0.0315277 -0.0130000 -0.0510026
vn -0.8701331 -0.0000002 -0.4928167
v -0.0018699 -0.0000000 -0.1266759
vn 0.6845109 0.7071030 -0.1773424
v 0.0305860 0.0130000 -0.0546376
vn -0.1603294 0.9301611 0.3302950
v 0.0249275 0.0130000 -0.0543032
vn 0.0630823 0.9824413 -0.1755840
v -0.0005000 0.0130000 -0.0834382
vn -0.2723525 -0.8386281 0.4717277
v 0.0044434 -0.0130000 -0.0113179
vn 0.2723528 -0.8386282 0.4717274
v 0.0015566 -0.0130000 -0.0113179
vn 0.3066533 0.0000001 -0.9518213
v -0.0005000 -0.0000000 -0.0933827
vn 1.0000000 -0.0000001 0.0000001
v 0.0301133 -0.0000000 -0.0088179
vn 0.5247382 -0.6847371 0.5057518
v 0.0365814 -0.0130000 -0.0403440
vn -0.5264226 -0.8386287 -0.1399328
v 0.0357899 -0.0130000 -0.0430763
vn -0.3843975 -0.8386272 0.3859314
v 0.0350372 -0.0130000 -0.0458631
vn -0.9664387 -0.0000000 -0.2568976
v 0.0357899 -0.0000000 -0.0430763
vn 0.2983577 -0.6813610 -0.6683786
v 0.0350381 -0.0130000 -0.0483836
vn 0.4279459 -0.6871793 -0.5870664
v 0.0358631 -0.0130000 -0.0478905
vn -0.1386079 -0.9355295 0.3249190
v 0.0233455 -0.0130000 -0.0608448
vn -0.4308241 -0.8792731 -0.2031491
v 0.0244617 -0.0130000 -0.0562986
vn 0.5000014 0.0000001 0.8660246
v 0.0015566 -0.0000000 -0.0113179
vn 1.0000000 0.0000002 0.0000000
v 0.0001132 -0.0000000 -0.0088179
vn 0.8660254 0.0000005 0.4999999
v -0.0005000 -0.0000000 -0.0470777
vn -0.3923808 0.0000004 0.9198029
v 0.0233455 -0.0000000 -0.0608449
vn 0.3289864 0.6818242 0.6533635
v 0.0361748 0.0130000 -0.0041384
vn 0.4408949 0.6910685 0.5727443
v 0.0366217 0.0130000 -0.0044332
vn 0.1851125 -0.9444656 -0.2715108
v -0.0005000 -0.0130000 -0.0395363
vn -0.5315464 -0.8432916 -0.0794840
v 0.0113221 -0.0130000 -0.0977673
vn -0.4797224 0.0000002 0.8774203
v 0.0263208 -0.0000000 -0.0479143
vn -0.7071069 -0.7071067 -0.0000001
v -0.0020000 -0.0130000 -0.0135977
vn -0.7071069 -0.7071067 -0.0000001
v -0.0020000 -0.0130000 -0.0178179
vn -0.2295176 -0.9127539 0.3379380
v 0.0286189 -0.0130000 -0.0354267
vn -1.0000000 0.0000000 -0.0000001
v -0.0020000 0.0123055 -0.0546376
vn -1.0000000 0.0000000 -0.0000001
v -0.0020000 0.0123055 -0.0592524
vn -0.7071068 -0.7071068 -0.0000001
v -0.0020000 -0.0130000 -0.0337605
vn -1.0000000 -0.0000003 -0.0000001
v -0.0020000 -0.0120714 -0.0337605
vn -0.2058824 -0.9187510 0.3369111
v 0.0275459 -0.0130000 -0.0416357
vn -0.5424032 -0.8383210 -0.0549258
v 0.0081401 -0.0130000 -0.1053999
vn -0.9949120 -0.0000000 -0.1007487
v 0.0081401 -0.0000000 -0.1053999
vn 0.9518269 0.0000002 0.3066362
v -0.0005000 -0.0000000 -0.0916696
vn -0.0234911 0.0000000 -0.9997240
v -0.0010236 0.0123055 -0.1271829
vn -0.2783270 -0.0000001 -0.9604864
v -0.0012778 -0.0000000 -0.1271439
vn -1.0000000 0.0000000 -0.0000001
v -0.0020000 0.0123055 -0.0213584
vn 0.2294301 0.9296799 -0.2881966
v -0.0005000 0.0130000 -0.0308319
vn 0.5000017 -0.0000001 -0.8660244
v 0.0015566 -0.0000000 -0.0063179
vn 0.5447061 0.8386271 -0.0000002
v 0.0001132 0.0130000 -0.0088179
vn 0.7314296 -0.6813595 0.0275677
v 0.0379965 -0.0130000 -0.0436295
vn 0.7173418 -0.6813670 -0.1454640
v 0.0379003 -0.0130000 -0.0448114
vn 0.6724355 0.6818375 0.2879724
v 0.0375833 0.0130000 -0.0056368
vn 0.0582799 0.0000003 0.9983003
v 0.0348256 -0.0000000 -0.0038179
vn -0.2058825 0.9187509 0.3369111
v 0.0275459 0.0130000 -0.0416357
vn 0.2311048 0.0000001 0.9729289
v 0.0355189 -0.0000000 -0.0038991
vn 0.7037737 -0.7051321 -0.0865527
v 0.0361606 -0.0130000 -0.0248989
vn 0.6382667 -0.7064327 -0.3058898
v 0.0136864 -0.0130000 -0.1015245
vn 0.6343251 -0.7024549 -0.3227831
v 0.0110950 -0.0130000 -0.1068904
vn -1.0000000 0.0000000 -0.0000001
v -0.0020000 0.0123055 -0.0734504
vn -0.7071071 0.7071065 -0.0000001
v -0.0020000 0.0130000 -0.0826416
vn -1.0000000 0.0000000 -0.0000001
v -0.0020000 0.0123055 -0.0826416
vn -0.9976544 0.0005059 -0.0684505
v -0.0020000 -0.0120715 -0.1261829
vn -0.7071066 -0.7071070 0.0000000
v -0.0020000 -0.0130000 -0.1046529
vn -0.5000004 -0.0000002 -0.8660252
v 0.0044434 -0.0000000 -0.0063179
vn 0.8760725 -0.0000000 -0.4821793
v 0.0083576 -0.0000000 -0.1120039
vn 0.2964023 -0.0000004 -0.9550632
v 0.0341779 -0.0000000 -0.0486507
vn 0.9623122 0.0000001 0.2719470
v 0.0378116 -0.0000000 -0.0424582
vn 0.7043571 -0.6813669 0.1990488
v 0.0378116 -0.0130000 -0.0424582
vn -1.0000000 -0.0000003 -0.0000001
v -0.0020000 -0.0120714 -0.0478889
vn -1.0000000 -0.0000003 -0.0000001
v -0.0020000 -0.0120714 -0.0178179
vn 0.2730522 -0.7341239 -0.6216949
v 0.0332423 -0.0130000 -0.0489388
vn 0.2935577 -0.0000004 -0.9559414
v 0.0335440 -0.0000000 -0.0488462
vn -0.2999002 0.0000002 0.9539706
v 0.0195039 -0.0000000 -0.0745673
vn -0.7071069 -0.7071068 0.0000000
v -0.0020000 -0.0130000 -0.0213584
vn -1.0000000 -0.0000003 -0.0000001
v -0.0020000 -0.0120714 -0.0213584
vn -0.1386079 0.9355295 0.3249191
v 0.0233455 0.0130000 -0.0608449
vn 0.5876780 -0.6818262 0.4356004
v 0.0372357 -0.0130000 -0.0050314
vn 0.9680431 -0.0000001 -0.2507837
v 0.0310603 -0.0000000 -0.0528068
vn 0.6737240 -0.7035550 -0.2260672
v 0.0251543 -0.0130000 -0.0733023
vn 0.9406229 -0.0000000 -0.3394533
v 0.0234740 -0.0000000 -0.0780584
vn 0.9966300 -0.0000001 -0.0820289
v 0.0373968 -0.0000000 -0.0125679
vn 0.7061167 0.7057064 -0.0581178
v 0.0373968 0.0130000 -0.0125679
vn 0.5859978 -0.6963149 0.4144301
v 0.0369662 -0.0130000 -0.0408355
vn 0.6841486 -0.7066161 -0.1806500
v 0.0294425 -0.0130000 -0.0590253
vn 0.9677264 -0.0000001 -0.2520033
v 0.0301111 -0.0000000 -0.0564705
vn 0.6845530 -0.7068308 -0.1782626
v 0.0301111 -0.0130000 -0.0564705
vn 0.9953039 -0.0000001 -0.0967992
v 0.0369434 -0.0000000 -0.0176861
vn 0.4726194 0.0000001 -0.8812667
v -0.0005275 -0.0120715 -0.1270639
vn 0.6808670 0.0000002 -0.7324072
v -0.0003184 -0.0000000 -0.1269149
vn 0.6808670 0.0000002 -0.7324072
v -0.0003184 -0.0120715 -0.1269149
vn -0.2535819 0.9065972 0.3373097
v 0.0295514 0.0130000 -0.0292472
vn 0.6519688 -0.7062294 -0.2760014
v 0.0181397 -0.0130000 -0.0916841
vn 0.3381142 0.0000001 -0.9411051
v -0.0005000 -0.0000000 -0.0834382
vn -0.4704884 -0.8663662 -0.1674823
v 0.0209739 -0.0130000 -0.0696127
vn 0.6629173 -0.6813651 -0.3102940
v 0.0375285 -0.0130000 -0.0459375
vn 0.8086327 -0.0000002 -0.5883140
v 0.0370551 -0.0000000 -0.0466981
vn -0.0623496 0.9537712 0.2939951
v 0.0145903 0.0130000 -0.0892233
vn -0.8701355 -0.0000003 -0.4928126
v -0.0018699 -0.0120715 -0.1266759
vn 0.9680393 -0.0000001 -0.2507986
v 0.0305860 -0.0000000 -0.0546376
vn 0.6845106 -0.7071031 -0.1773427
v 0.0305860 -0.0130000 -0.0546375
vn -0.0471713 0.6926785 0.7197024
v 0.0010000 0.0130000 -0.0038179
vn 0.9999449 -0.0000000 -0.0105016
v 0.0378199 -0.0000000 -0.0070032
vn 0.8653421 0.0000002 0.5011818
v 0.0348030 -0.0000000 -0.0386395
vn 0.9175056 0.0000001 0.3977230
v 0.0346650 -0.0000000 -0.0383212
vn 0.6433336 -0.6882116 0.3353907
v 0.0374577 -0.0130000 -0.0416077
vn 0.9272339 -0.0000000 -0.3744827
v 0.0199110 -0.0000000 -0.0874540
vn 0.2723555 0.8386310 0.4717207
v 0.0315566 0.0130000 -0.0113179
vn 0.9017864 -0.0000000 -0.4321821
v 0.0136864 -0.0000000 -0.1015245
vn 0.7037596 0.7062085 -0.0774084
v 0.0364229 0.0130000 -0.0225986
vn 0.5386390 0.8090983 0.2350066
v -0.0005000 0.0130000 -0.0654487
vn 0.7314295 0.6813598 0.0275673
v 0.0379965 0.0130000 -0.0436296
vn -0.3025051 0.8936422 0.3315029
v 0.0310231 0.0130000 -0.0168179
vn -1.0000000 0.0000000 -0.0000001
v -0.0020000 0.0123055 -0.0652181
vn -0.5315459 0.8432919 -0.0794845
v 0.0113221 0.0130000 -0.0977673
vn 0.6079876 -0.7341151 -0.3023678
v 0.0317627 -0.0130000 -0.0503496
vn 0.6631447 -0.7050809 -0.2511971
v 0.0218086 -0.0130000 -0.0825777
vn 0.2095983 0.7071006 -0.6753350
v 0.0341779 0.0130000 -0.0486507
vn 0.2331957 0.0000001 -0.9724299
v -0.0007679 -0.0120715 -0.1271559
vn 0.6753073 -0.7063434 -0.2122241
v 0.0266581 -0.0130000 -0.0685734
vn 0.5163022 -0.6907924 -0.5061995
v 0.0365811 -0.0130000 -0.0472595
vn 0.5843711 -0.6911982 -0.4251534
v 0.0370551 -0.0130000 -0.0466981
vn -0.2723526 0.8386279 -0.4717279
v 0.0044434 0.0130000 -0.0063179
vn 0.8164936 0.0000002 -0.5773546
v -0.0001543 -0.0000000 -0.1267169
vn -0.2783269 -0.0000001 -0.9604864
v -0.0012778 -0.0120715 -0.1271439
vn -0.5137691 -0.0000001 -0.8579285
v -0.0015136 -0.0120715 -0.1270408
vn 0.2095905 -0.7070982 -0.6753399
v 0.0341779 -0.0130000 -0.0486506
vn 0.5907351 0.6903218 -0.4177175
v -0.0001543 0.0130000 -0.1267169
vn 0.8617946 -0.0037977 -0.5072433
v 0.0033335 0.0123055 -0.1208861
vn 0.8164936 -0.0000000 -0.5773546
v -0.0001543 0.0123055 -0.1267169
vn 0.9940016 -0.0000001 -0.1093661
v 0.0364212 -0.0000000 -0.0226146
vn 0.7037597 -0.7062083 -0.0774078
v 0.0364229 -0.0130000 -0.0225986
vn 0.9896690 -0.0000001 -0.1433710
v 0.0354824 -0.0000000 -0.0300395
vn 0.6837794 -0.7025493 -0.1971554
v 0.0283522 -0.0130000 -0.0631179
vn -0.0234912 -0.0000000 -0.9997240
v -0.0010236 -0.0000000 -0.1271829
vn -0.0234912 -0.0000000 -0.9997240
v -0.0010236 -0.0120715 -0.1271829
vn 0.8912461 -0.0000000 -0.4535201
v 0.0110950 -0.0000000 -0.1068904
vn 0.9668617 -0.0000000 -0.2553009
v 0.0294425 -0.0000000 -0.0590253
vn 0.7691116 -0.0000002 -0.6391145
v 0.0321415 -0.0000000 -0.0497683
vn 0.2533431 -0.9214947 -0.2943887
v -0.0005000 -0.0130000 -0.0267403
vn -0.7154035 -0.0000002 -0.6987116
v -0.0017154 -0.0120715 -0.1268819
vn 0.0275701 -0.9925933 0.1183149
v -0.0005000 -0.0130000 -0.1235969
vn -0.7195471 -0.6928878 -0.0464592
v -0.0020000 -0.0130000 -0.1261829
vn 0.3466466 -0.6797346 -0.6463722
v -0.0005275 -0.0130000 -0.1270639
vn -0.6384670 -0.6794115 -0.3616074
v -0.0018699 -0.0130000 -0.1266759
vn -0.9669119 -0.0000487 -0.2551108
v -0.0019669 -0.0000000 -0.1264379
vn -0.9656710 0.0006100 -0.2597677
v -0.0019635 -0.0120715 -0.1264464
vn -1.0000000 -0.0000003 -0.0000001
v -0.0020000 -0.0120714 -0.0652181
vn -0.7071068 -0.7071068 -0.0000000
v -0.0020000 -0.0130000 -0.0426852
vn -0.0000003 1.0000000 -0.0000009
v -0.0005000 0.0130000 -0.0178179
vn -0.7071068 0.7071068 -0.0000004
v -0.0020000 0.0130000 -0.0178179
vn 0.3015113 0.9045338 -0.3015122
v -0.0005000 0.0130000 -0.0188179
vn -0.5264227 0.8386286 -0.1399329
v 0.0357899 0.0130000 -0.0430763
vn 0.5447144 -0.8386217 0.0000008
v 0.0301133 -0.0130000 -0.0088179
vn -0.7071049 0.0000000 0.7071088
v -0.0011213 0.0123055 -0.0046965
vn -0.6926746 0.7197052 -0.0471840
v 0.0002319 -0.0135000 0.0151840
vn -0.6788883 0.7092289 -0.1900131
v 0.0002319 -0.0134148 0.0158310
vn -0.7376758 0.1747152 -0.6521573
v 0.0002319 -0.0110823 0.0088573
vn -0.6788679 0.6359111 -0.3670906
v 0.0002319 -0.0131651 0.0164340
vn -0.7376963 0.4774024 -0.4773794
v 0.0002319 0.0089090 0.0082750
vn -0.7376962 -0.4774039 -0.4773781
v 0.0002319 -0.0089090 0.0082750
vn -0.6926761 0.0471817 -0.7197040
v 0.0002319 -0.0110000 0.0176840
vn -0.7377139 0.0000031 -0.6751134
v 0.0002319 -0.0105000 0.0089340
vn -0.6788694 0.5192005 -0.5191987
v 0.0002319 -0.0127678 0.0169518
vn -0.6788668 0.3670910 -0.6359121
v 0.0002319 -0.0122500 0.0173491
vn -0.7377219 0.3375194 -0.5846769
v 0.0002319 -0.0116250 0.0086326
vn -0.7376935 0.4773940 -0.4773923
v 0.0002319 -0.0120910 0.0082750
vn -0.7377217 0.5846777 -0.3375185
v 0.0002319 -0.0124486 0.0078090
vn -0.7376785 0.1747243 0.6521516
v 0.0002319 0.0099177 0.0045107
vn -0.7377166 -0.0000030 0.6751106
v 0.0002319 0.0105000 0.0044340
vn -0.6926754 -0.0471819 0.7197047
v 0.0002319 0.0110000 0.0006840
vn -0.5773506 -0.5773500 0.5773504
v -0.0005681 -0.0150000 0.0231840
vn 0.3015116 -0.3015119 0.9045338
v 0.0159319 -0.0107000 0.0231840
vn -0.9045340 -0.3015114 0.3015116
v -0.0005681 -0.0107000 0.0231840
vn -0.6788877 -0.1900096 0.7092305
v 0.0002319 0.0116470 0.0007692
vn -0.7376742 -0.1747198 0.6521578
v 0.0002319 0.0110823 0.0045107
vn -0.6788663 -0.3670910 0.6359126
v 0.0002319 0.0122500 0.0010189
vn -0.6926748 -0.7197051 0.0471835
v 0.0002319 0.0135000 0.0031840
vn -0.7376919 -0.4773929 0.4773958
v 0.0002319 0.0120910 0.0050930
vn -0.7377228 -0.5846756 0.3375200
v 0.0002319 0.0124486 0.0055590
vn -0.7377197 0.3375313 -0.5846729
v 0.0002319 0.0093750 0.0086326
vn -0.7376803 0.1747197 -0.6521510
v 0.0002319 0.0099177 0.0088573
vn -0.6926754 -0.0471822 -0.7197046
v 0.0002319 0.0110000 0.0176840
vn 0.7377070 0.1747286 0.6521184
v 0.0084320 -0.0112765 0.0037862
vn 0.6302629 -0.7172837 -0.2971072
v 0.0084320 -0.0150000 0.0001840
vn 0.6302605 -0.2971105 -0.7172845
v 0.0084320 -0.0140000 -0.0008160
vn -0.7376762 0.6521562 -0.1747175
v 0.0002319 -0.0126733 0.0072663
vn -0.7377171 0.6751100 0.0000003
v 0.0002319 -0.0127500 0.0066840
vn -0.6926745 0.7197054 0.0471838
v 0.0002319 -0.0135000 0.0031840
vn -0.7376749 0.6521577 0.1747175
v 0.0002319 -0.0126733 0.0061017
vn -0.7377220 0.5846762 0.3375204
v 0.0002319 -0.0124486 0.0055590
vn -0.7376920 0.4773939 0.4773947
v 0.0002319 -0.0120910 0.0050930
vn -0.6788881 0.7092295 0.1900117
v 0.0002319 -0.0134148 0.0025370
vn -0.7377218 0.3375201 0.5846766
v 0.0002319 -0.0116250 0.0047354
vn -0.6788668 0.6359125 0.3670902
v 0.0002319 -0.0131651 0.0019340
vn -0.7377033 -0.5846832 -0.3375493
v 0.0002319 -0.0085514 0.0078090
vn -0.7377041 0.5846822 -0.3375491
v 0.0002319 0.0085514 0.0078090
vn -0.7376940 0.6521325 -0.1747306
v 0.0002319 0.0083267 0.0072663
vn -0.7377201 -0.3375316 -0.5846722
v 0.0002319 -0.0093750 0.0086326
vn -0.6788878 0.1900099 -0.7092303
v 0.0002319 -0.0116470 0.0175988
vn -0.7377137 -0.0000030 -0.6751137
v 0.0002319 0.0105000 0.0089340
vn -0.7376803 -0.1747196 -0.6521510
v 0.0002319 -0.0099177 0.0088573
vn -0.7377064 -0.4773840 0.4773823
v -0.0005681 0.0127678 0.0014162
vn -0.6302625 0.2971090 -0.7172834
v -0.0005681 0.0140000 -0.0008160
vn -0.7377095 -0.3375223 0.5846910
v -0.0005681 0.0122500 0.0010189
vn -0.6788688 -0.5192012 0.5191988
v 0.0002319 0.0127678 0.0014162
vn -0.7377216 -0.3375196 0.5846772
v 0.0002319 0.0116250 0.0047354
vn -0.6788674 -0.6359120 0.3670900
v 0.0002319 0.0131651 0.0019340
vn -0.7376746 -0.6521582 0.1747166
v 0.0002319 0.0126733 0.0061017
vn -0.7377171 -0.6751100 0.0000003
v 0.0002319 0.0127500 0.0066840
vn -0.6926761 -0.7197039 -0.0471827
v 0.0002319 0.0135000 0.0151840
vn -0.7376758 -0.6521569 -0.1747165
v 0.0002319 0.0126733 0.0072663
vn -0.7377225 -0.5846771 -0.3375179
v 0.0002319 0.0124486 0.0078090
vn -0.7376931 -0.4773938 -0.4773929
v 0.0002319 0.0120910 0.0082750
vn -0.7377219 -0.3375196 -0.5846769
v 0.0002319 0.0116250 0.0086326
vn -0.6788884 -0.7092295 -0.1900107
v 0.0002319 0.0134148 0.0158310
vn -0.7376760 -0.1747151 -0.6521571
v 0.0002319 0.0110823 0.0088573
vn -0.6788692 0.5192003 0.5191990
v 0.0002319 -0.0127678 0.0014162
vn -0.6788878 -0.7092296 0.1900123
v 0.0002319 0.0134148 0.0025370
vn -0.6788880 -0.1900095 -0.7092302
v 0.0002319 0.0116470 0.0175988
vn -0.6788668 -0.3670906 -0.6359123
v 0.0002319 0.0122500 0.0173491
vn -0.9045336 0.3015119 0.3015120
v -0.0005681 -0.0067000 0.0231840
vn -0.7221324 -0.0452524 -0.6902731
v -0.0005681 0.0110000 0.0176840
vn -0.7221317 0.0452524 -0.6902739
v -0.0005681 -0.0110000 0.0176840
vn -0.6788697 -0.5192000 -0.5191989
v 0.0002319 0.0127678 0.0169518
vn -0.6788670 -0.6359123 -0.3670901
v 0.0002319 0.0131651 0.0164340
vn -0.6788666 0.3670908 0.6359124
v 0.0002319 -0.0122500 0.0010189
vn -0.7376742 0.1747198 0.6521578
v 0.0002319 -0.0110823 0.0045107
vn -0.6788878 0.1900095 0.7092304
v 0.0002319 -0.0116470 0.0007692
vn -0.7377167 0.0000030 0.6751105
v 0.0002319 -0.0105000 0.0044340
vn -0.7376785 -0.1747244 0.6521517
v 0.0002319 -0.0099177 0.0045107
vn -0.6926757 0.0471818 0.7197043
v 0.0002319 -0.0110000 0.0006840
vn -0.7377192 -0.3375311 0.5846736
v 0.0002319 -0.0093750 0.0047354
vn -0.7376956 -0.4774014 0.4773815
v 0.0002319 -0.0089090 0.0050930
vn -0.7377042 -0.5846811 0.3375509
v 0.0002319 -0.0085514 0.0055590
vn -0.7376959 0.4774034 0.4773791
v 0.0002319 0.0089090 0.0050930
vn -0.7377040 0.5846823 0.3375489
v 0.0002319 0.0085514 0.0055590
vn -0.7376939 -0.6521325 0.1747310
v 0.0002319 -0.0083267 0.0061017
vn -0.7376938 -0.6521326 -0.1747312
v 0.0002319 -0.0083267 0.0072663
vn -0.7377198 0.3375317 0.5846723
v 0.0002319 0.0093750 0.0047354
vn -0.6788967 0.1900080 0.7092223
v 0.0012319 -0.0110823 0.0045107
vn -0.7376851 -0.0000001 0.6751450
v 0.0012319 -0.0105000 0.0050630
vn -0.6788606 0.0000032 0.7342672
v 0.0012319 -0.0105000 0.0044340
vn -0.7377039 0.6751245 -0.0000001
v 0.0002319 0.0082500 0.0066840
vn -0.7376940 0.6521326 0.1747305
v 0.0002319 0.0083267 0.0061017
vn -0.6788798 0.7092327 0.1900298
v 0.0012319 0.0083267 0.0061017
vn -0.7377088 0.5846708 0.3375585
v 0.0012319 0.0090962 0.0058735
vn -0.6788714 0.6358937 0.3671144
v 0.0012319 0.0085514 0.0055590
vn -0.7376969 0.4773809 0.4774000
v 0.0012319 0.0093538 0.0055378
vn -0.6788782 0.5192070 0.5191807
v 0.0012319 0.0089090 0.0050930
vn -0.7376887 0.3375948 0.5846753
v 0.0012319 0.0096895 0.0052802
vn -0.6788579 0.3671113 0.6359098
v 0.0012319 0.0093750 0.0047354
vn -0.6788931 0.1900151 0.7092239
v 0.0012319 0.0099177 0.0045107
vn -0.7377187 0.1747396 0.6521021
v 0.0012319 0.0100805 0.0051182
vn -0.6788967 -0.1900079 0.7092223
v 0.0012319 0.0110823 0.0045107
vn -0.7376851 0.0000001 0.6751450
v 0.0012319 0.0105000 0.0050630
vn -0.7377185 -0.1747386 0.6521026
v 0.0012319 0.0109195 0.0051182
vn 0.6788703 0.3671544 -0.6358718
v 0.0054319 -0.0120000 0.0092821
vn 0.7377188 0.1747393 -0.6521022
v 0.0054319 -0.0109195 0.0082498
vn 0.6788688 0.1900344 -0.7092419
v 0.0054319 -0.0112765 0.0095818
vn -0.6788808 -0.5191926 -0.5191916
v 0.0012319 0.0120910 0.0082750
vn -0.7376910 -0.3375976 -0.5846707
v 0.0012319 0.0113105 0.0080878
vn -0.6788562 -0.3671000 -0.6359182
v 0.0012319 0.0116250 0.0086326
vn -0.6788818 -0.5191899 0.5191931
v 0.0012319 0.0120910 0.0050930
vn -0.7376927 -0.3376007 0.5846667
v 0.0012319 0.0113105 0.0052802
vn -0.7376955 -0.4773939 0.4773892
v 0.0012319 0.0116462 0.0055378
vn -0.6788954 0.1900038 -0.7092247
v 0.0012319 -0.0110823 0.0088573
vn -0.7376903 0.3375981 -0.5846714
v 0.0012319 -0.0113105 0.0080878
vn -0.6788563 0.3670998 -0.6359182
v 0.0012319 -0.0116250 0.0086326
vn -0.6788964 -0.7092236 0.1900047
v 0.0012319 0.0126733 0.0061017
vn -0.7376850 -0.6751451 0.0000008
v 0.0012319 0.0121210 0.0066840
vn -0.6788610 -0.7342668 -0.0000001
v 0.0012319 0.0127500 0.0066840
vn -0.6788964 -0.7092235 -0.1900046
v 0.0012319 0.0126733 0.0072663
vn -0.7377193 -0.6521013 -0.1747402
v 0.0012319 0.0120658 0.0071035
vn -0.7376908 -0.5846691 -0.3376010
v 0.0012319 0.0119038 0.0074945
vn -0.6788560 -0.6359193 -0.3670984
v 0.0012319 0.0124486 0.0078090
vn 0.6788814 0.7342480 0.0000001
v 0.0054319 -0.0135000 0.0066840
vn 0.7377189 0.6521022 -0.1747389
v 0.0054319 -0.0120658 0.0071035
vn 0.6788692 0.7092416 -0.1900344
v 0.0054319 -0.0133978 0.0074605
vn 0.6788766 -0.7342525 0.0000001
v 0.0054319 -0.0075000 0.0066840
vn 0.7376947 -0.6521330 -0.1747260
v 0.0054319 -0.0089342 0.0071035
vn 0.7377018 -0.6751268 0.0000008
v 0.0054319 -0.0088790 0.0066840
vn -0.6788960 0.7092236 -0.1900059
v 0.0012319 -0.0126733 0.0072663
vn -0.7376912 0.5846694 -0.3375995
v 0.0012319 -0.0119038 0.0074945
vn -0.7377189 0.6521022 -0.1747389
v 0.0012319 -0.0120658 0.0071035
vn -0.6788631 -0.0000033 -0.7342649
v 0.0012319 0.0105000 0.0089340
vn -0.7377182 -0.1747389 -0.6521029
v 0.0012319 0.0109195 0.0082498
vn -0.7376850 -0.0000003 -0.6751450
v 0.0012319 0.0105000 0.0083050
vn -0.6788607 -0.0000033 0.7342671
v 0.0012319 0.0105000 0.0044340
vn -0.6788917 0.1900110 -0.7092264
v 0.0012319 0.0099177 0.0088573
vn -0.7376869 0.3375917 -0.5846794
v 0.0012319 0.0096895 0.0080878
vn -0.6788580 0.3671105 -0.6359102
v 0.0012319 0.0093750 0.0086326
vn -0.6788779 0.5192065 -0.5191815
v 0.0012319 0.0089090 0.0082750
vn -0.7376986 0.4773762 -0.4774021
v 0.0012319 0.0093538 0.0078302
vn -0.7376909 -0.5846691 0.3376008
v 0.0012319 0.0119038 0.0058735
vn -0.6788554 -0.6359184 0.3671012
v 0.0012319 0.0124486 0.0055590
vn 0.6788808 0.5191967 -0.5191874
v 0.0054319 0.0083787 0.0088053
vn 0.7377088 0.5846708 -0.3375587
v 0.0054319 0.0090962 0.0074945
vn 0.7376984 0.4773766 -0.4774019
v 0.0054319 0.0093538 0.0078302
vn 0.6788811 -0.5191987 0.5191851
v 0.0054319 -0.0083787 0.0045627
vn 0.7377094 -0.5846706 0.3375577
v 0.0054319 -0.0090962 0.0058735
vn 0.7376965 -0.4773811 0.4774006
v 0.0054319 -0.0093538 0.0055378
vn 0.6788871 -0.5191873 -0.5191888
v 0.0054319 0.0126213 0.0088053
vn 0.7376909 -0.5846692 -0.3376008
v 0.0054319 0.0119038 0.0074945
vn 0.6788701 -0.6358716 -0.3671547
v 0.0054319 0.0130981 0.0081840
vn -0.6788960 0.7092236 0.1900058
v 0.0012319 -0.0126733 0.0061017
vn -0.7376913 0.5846695 0.3375994
v 0.0012319 -0.0119038 0.0058735
vn -0.6788559 0.6359178 0.3671011
v 0.0012319 -0.0124486 0.0055590
vn -0.6788816 0.5191911 0.5191920
v 0.0012319 -0.0120910 0.0050930
vn -0.7376959 0.4773930 0.4773896
v 0.0012319 -0.0116462 0.0055378
vn -0.7376922 0.3376011 0.5846672
v 0.0012319 -0.0113105 0.0052802
vn -0.6788561 0.3671005 0.6359179
v 0.0012319 -0.0116250 0.0047354
vn -0.7377188 0.1747394 0.6521022
v 0.0012319 -0.0109195 0.0051182
vn 0.6788812 -0.0000025 0.7342481
v 0.0054319 -0.0105000 0.0036840
vn 0.7377185 -0.1747391 0.6521026
v 0.0054319 -0.0100805 0.0051182
vn 0.7376850 -0.0000002 0.6751451
v 0.0054319 -0.0105000 0.0050630
vn -0.7377185 -0.1747390 0.6521025
v 0.0012319 -0.0100805 0.0051182
vn -0.6788931 -0.1900152 0.7092237
v 0.0012319 -0.0099177 0.0045107
vn -0.6788954 -0.1900038 -0.7092248
v 0.0012319 0.0110823 0.0088573
vn 0.6788861 0.5191904 0.5191869
v 0.0054319 -0.0126213 0.0045627
vn 0.7376913 0.5846694 0.3375996
v 0.0054319 -0.0119038 0.0058735
vn 0.6788710 0.6358721 0.3671525
v 0.0054319 -0.0130981 0.0051840
vn -0.6788631 0.0000034 -0.7342649
v 0.0012319 -0.0105000 0.0089340
vn -0.7377187 0.1747394 -0.6521023
v 0.0012319 -0.0109195 0.0082498
vn -0.6788797 0.7092327 -0.1900299
v 0.0012319 0.0083267 0.0072663
vn -0.7377088 0.5846708 -0.3375587
v 0.0012319 0.0090962 0.0074945
vn -0.7376958 0.6521319 -0.1747257
v 0.0012319 0.0089342 0.0071035
vn -0.6788797 -0.7092326 0.1900303
v 0.0012319 -0.0083267 0.0061017
vn -0.7377019 -0.6751267 0.0000007
v 0.0012319 -0.0088790 0.0066840
vn -0.6788713 -0.7342573 -0.0000001
v 0.0012319 -0.0082500 0.0066840
vn -0.6788797 -0.7092326 -0.1900303
v 0.0012319 -0.0083267 0.0072663
vn -0.7376947 -0.6521330 -0.1747261
v 0.0012319 -0.0089342 0.0071035
vn -0.7377095 -0.5846705 -0.3375577
v 0.0012319 -0.0090962 0.0074945
vn -0.6788716 -0.6358936 -0.3671139
v 0.0012319 -0.0085514 0.0078090
vn -0.7376982 -0.4773764 -0.4774026
v 0.0012319 -0.0093538 0.0078302
vn -0.6788778 -0.5192078 -0.5191802
v 0.0012319 -0.0089090 0.0082750
vn -0.7376850 0.6751452 0.0000007
v 0.0012319 -0.0121210 0.0066840
vn -0.6788610 0.7342669 -0.0000001
v 0.0012319 -0.0127500 0.0066840
vn -0.7376890 -0.3375945 0.5846751
v 0.0012319 -0.0096895 0.0052802
vn -0.6788583 -0.3671098 0.6359102
v 0.0012319 -0.0093750 0.0047354
vn -0.7377186 -0.1747393 -0.6521023
v 0.0012319 -0.0100805 0.0082498
vn -0.7376849 0.0000000 -0.6751453
v 0.0012319 -0.0105000 0.0083050
vn -0.7377036 -0.6751247 -0.0000001
v 0.0002319 -0.0082500 0.0066840
vn -0.7377191 -0.6521015 0.1747408
v 0.0012319 0.0120658 0.0062645
vn -0.6788805 0.5191933 -0.5191913
v 0.0012319 -0.0120910 0.0082750
vn -0.7376975 0.4773883 -0.4773917
v 0.0012319 -0.0116462 0.0078302
vn -0.6788567 0.6359186 -0.3670984
v 0.0012319 -0.0124486 0.0078090
vn 0.7377186 0.6521022 0.1747398
v 0.0054319 -0.0120658 0.0062645
vn 0.6788688 0.7092416 0.1900359
v 0.0054319 -0.0133978 0.0059075
vn -0.6788710 -0.6358927 0.3671166
v 0.0012319 -0.0085514 0.0055590
vn -0.7376966 -0.4773811 0.4774004
v 0.0012319 -0.0093538 0.0055378
vn -0.7377096 -0.5846704 0.3375576
v 0.0012319 -0.0090962 0.0058735
vn -0.6788713 0.6358936 -0.3671146
v 0.0012319 0.0085514 0.0078090
vn -0.7377039 -0.4773900 -0.4773801
v -0.0005681 0.0127678 0.0169518
vn -0.7377096 -0.3375222 -0.5846908
v -0.0005681 0.0122500 0.0173491
vn -0.7376847 0.1747166 -0.6521468
v -0.0005681 -0.0116470 0.0175988
vn -0.6788783 -0.5192046 0.5191828
v 0.0012319 -0.0089090 0.0050930
vn 0.7377187 0.1747393 0.6521023
v 0.0054319 -0.0109195 0.0051182
vn 0.7376920 0.3376011 0.5846675
v 0.0054319 -0.0113105 0.0052802
vn 0.7172827 -0.2971120 -0.6302618
v 0.0174320 -0.0140000 0.0141840
vn 0.2971106 -0.7172832 0.6302621
v 0.0164320 -0.0150000 0.0231840
vn 0.2971037 -0.7172844 -0.6302637
v 0.0164319 -0.0150000 0.0141840
vn 0.7376890 -0.3375945 0.5846751
v 0.0054319 -0.0096895 0.0052802
vn 0.7377034 -0.6521201 -0.1747373
v 0.0084320 -0.0076022 0.0074605
vn 0.7376978 -0.6751311 0.0000001
v 0.0084320 -0.0075000 0.0066840
vn -0.7377092 0.5846914 0.3375220
v -0.0005681 -0.0131651 0.0019340
vn -0.7377065 0.4773836 0.4773825
v -0.0005681 -0.0127678 0.0014162
vn -0.6302620 -0.2971095 -0.7172836
v -0.0005681 -0.0140000 -0.0008160
vn -0.7377095 0.3375227 -0.5846907
v -0.0005681 -0.0122500 0.0173491
vn 0.7377197 -0.6521012 -0.1747392
v 0.0054319 0.0120658 0.0071035
vn 0.7377062 0.3375749 0.5846646
v 0.0084320 0.0090000 0.0040859
vn 0.6788715 0.1900290 0.7092409
v 0.0054319 0.0097235 0.0037862
vn 0.6788692 0.3671449 0.6358784
v 0.0054319 0.0090000 0.0040859
vn 0.7376851 -0.0000000 -0.6751450
v 0.0054319 0.0105000 0.0083050
vn 0.7377186 -0.1747392 -0.6521024
v 0.0054319 0.0109195 0.0082498
vn 0.7377187 0.1747392 -0.6521023
v 0.0054319 0.0100805 0.0082498
vn 0.7376873 0.3375916 -0.5846790
v 0.0054319 0.0096895 0.0080878
vn -0.7377186 0.1747393 -0.6521023
v 0.0012319 0.0100805 0.0082498
vn -0.7376847 0.1747163 0.6521469
v -0.0005681 -0.0116470 0.0007692
vn -0.7221317 0.0452524 0.6902740
v -0.0005681 -0.0110000 0.0006840
vn 0.7377042 0.5846620 0.3375839
v 0.0084320 -0.0130981 0.0051840
vn 0.7377068 0.6521181 0.1747301
v 0.0084320 -0.0133978 0.0059075
vn 0.7376983 -0.4773765 -0.4774025
v 0.0054319 -0.0093538 0.0078302
vn 0.7377096 -0.5846705 -0.3375576
v 0.0054319 -0.0090962 0.0074945
vn 0.7376955 0.6521319 0.1747266
v 0.0054319 0.0089342 0.0062645
vn -0.7377009 0.6751277 0.0000007
v 0.0012319 0.0088790 0.0066840
vn 0.7377008 0.6751279 0.0000008
v 0.0054319 0.0088790 0.0066840
vn 0.7376929 0.4773978 -0.4773893
v 0.0084320 0.0083787 0.0088053
vn 0.6788703 0.3671421 -0.6358788
v 0.0054319 0.0090000 0.0092821
vn 0.7377052 0.3375734 -0.5846668
v 0.0084320 0.0090000 0.0092821
vn 0.7377186 0.1747394 0.6521023
v 0.0054319 0.0100805 0.0051182
vn 0.7376887 0.3375950 0.5846751
v 0.0054319 0.0096895 0.0052802
vn 0.7376851 -0.0000001 0.6751450
v 0.0054319 0.0105000 0.0050630
vn 0.7376958 -0.4773933 0.4773894
v 0.0054319 0.0116462 0.0055378
vn 0.7376925 -0.3376005 0.5846671
v 0.0054319 0.0113105 0.0052802
vn 0.7377011 -0.5846708 -0.3375754
v 0.0084320 -0.0079019 0.0081840
vn 0.6788716 -0.7092372 -0.1900420
v 0.0054319 -0.0076022 0.0074605
vn 0.7376925 0.4774019 0.4773858
v 0.0084320 0.0083787 0.0045627
vn 0.6788809 0.5192009 0.5191832
v 0.0054319 0.0083787 0.0045627
vn 0.7376850 -0.0000000 -0.6751451
v 0.0054319 -0.0105000 0.0083050
vn 0.7377037 -0.1747252 0.6521230
v 0.0084320 -0.0097235 0.0037862
vn 0.7376923 -0.0000023 0.6751372
v 0.0084320 -0.0105000 0.0036840
vn -0.6788917 -0.1900109 -0.7092264
v 0.0012319 -0.0099177 0.0088573
vn -0.6788579 -0.3671112 -0.6359100
v 0.0012319 -0.0093750 0.0086326
vn -0.7221323 0.6902732 0.0452542
v -0.0005681 -0.0135000 0.0031840
vn -0.7376841 0.6521470 0.1747186
v -0.0005681 -0.0134148 0.0025370
vn 0.7377064 0.6521189 -0.1747289
v 0.0084320 -0.0133978 0.0074605
vn 0.6788697 0.6358720 -0.3671549
v 0.0054319 -0.0130981 0.0081840
vn 0.7377059 0.5846595 -0.3375846
v 0.0084320 -0.0130981 0.0081840
vn 0.7377040 -0.6521192 0.1747384
v 0.0084320 -0.0076022 0.0059075
vn 0.6788744 -0.6358756 0.3671399
v 0.0054319 -0.0079019 0.0051840
vn 0.7377002 -0.5846717 0.3375760
v 0.0084320 -0.0079019 0.0051840
vn -0.5773500 -0.5773503 0.5773506
v -0.0005680 -0.0107000 0.0362350
vn 0.5773512 -0.5773501 0.5773495
v 0.0159320 -0.0107000 0.0362350
vn 0.7377067 -0.6521188 -0.1747285
v 0.0084320 0.0133978 0.0074605
vn 0.6788817 -0.7342477 0.0000001
v 0.0054319 0.0135000 0.0066840
vn 0.7376919 -0.6751376 0.0000001
v 0.0084320 0.0135000 0.0066840
vn 0.7376923 0.0000024 0.6751371
v 0.0084320 0.0105000 0.0036840
vn 0.6788688 -0.1900341 0.7092420
v 0.0054319 0.0112765 0.0037862
vn 0.6788812 0.0000025 0.7342482
v 0.0054319 0.0105000 0.0036840
vn 0.3015119 0.3015119 0.9045337
v 0.0159319 -0.0067000 0.0231840
vn -0.5773501 0.5773503 0.5773504
v -0.0005680 -0.0067000 0.0362350
vn 0.5773511 0.5773503 0.5773495
v 0.0159320 -0.0067000 0.0362350
vn 0.7377073 -0.1747290 -0.6521180
v 0.0084320 0.0112765 0.0095818
vn 0.6788705 -0.3671544 -0.6358715
v 0.0054319 0.0120000 0.0092821
vn 0.7377050 -0.3375849 -0.5846605
v 0.0084320 0.0120000 0.0092821
vn 0.7376992 0.5846729 0.3375757
v 0.0084320 0.0079019 0.0051840
vn 0.6788751 0.6358756 0.3671389
v 0.0054319 0.0079019 0.0051840
vn 0.7376858 -0.4773983 -0.4773998
v 0.0084320 0.0126213 0.0088053
vn -0.7377186 0.6521023 0.1747397
v 0.0012319 -0.0120658 0.0062645
vn 0.7377059 -0.5846597 -0.3375843
v 0.0084320 0.0130981 0.0081840
vn 0.6788691 -0.7092417 -0.1900343
v 0.0054319 0.0133978 0.0074605
vn 0.7376913 0.5846694 -0.3375995
v 0.0054319 -0.0119038 0.0074945
vn 0.7376976 0.4773883 -0.4773916
v 0.0054319 -0.0116462 0.0078302
vn 0.7376923 -0.4774002 0.4773878
v 0.0084320 -0.0083787 0.0045627
vn 0.6788695 -0.3671438 0.6358787
v 0.0054319 -0.0090000 0.0040859
vn 0.7377058 -0.3375743 0.5846655
v 0.0084320 -0.0090000 0.0040859
vn -0.6788564 -0.3670997 0.6359181
v 0.0012319 0.0116250 0.0047354
vn 0.7377038 0.6521195 -0.1747379
v 0.0084320 0.0076022 0.0074605
vn 0.6788740 0.6358758 -0.3671406
v 0.0054319 0.0079019 0.0081840
vn 0.7377006 0.5846710 -0.3375761
v 0.0084320 0.0079019 0.0081840
vn 0.7377038 0.6521191 0.1747392
v 0.0084320 0.0076022 0.0059075
vn 0.6788765 0.7342526 0.0000001
v 0.0054319 0.0075000 0.0066840
vn 0.7376978 0.6751311 0.0000001
v 0.0084320 0.0075000 0.0066840
vn 0.7377053 0.3375847 -0.5846602
v 0.0084320 -0.0120000 0.0092821
vn 0.7377070 0.1747287 -0.6521183
v 0.0084320 -0.0112765 0.0095818
vn 0.7172827 0.2971114 -0.6302621
v 0.0174320 0.0140000 0.0141840
vn 0.2971112 0.7172834 0.6302615
v 0.0164320 0.0150000 0.0231840
vn 0.7172843 0.2971063 0.6302629
v 0.0174320 0.0140000 0.0231840
vn -0.7221335 0.6902720 -0.0452544
v -0.0005681 -0.0135000 0.0151840
vn -0.7377096 0.3375223 0.5846907
v -0.0005681 -0.0122500 0.0010189
vn -0.7221333 -0.6902723 -0.0452533
v -0.0005681 0.0135000 0.0151840
vn -0.7221322 -0.6902733 0.0452539
v -0.0005681 0.0135000 0.0031840
vn 0.7377088 0.5846708 0.3375587
v 0.0054319 0.0090962 0.0058735
vn 0.7376904 0.3375979 -0.5846713
v 0.0054319 -0.0113105 0.0080878
vn 0.7377069 -0.1747286 0.6521184
v 0.0084320 0.0112765 0.0037862
vn 0.6788700 -0.3671547 0.6358719
v 0.0054319 0.0120000 0.0040859
vn 0.7376871 -0.3375919 -0.5846789
v 0.0054319 -0.0096895 0.0080878
vn 0.7376976 -0.4773886 -0.4773912
v 0.0054319 0.0116462 0.0078302
vn -0.7376846 -0.1747165 -0.6521469
v -0.0005681 0.0116470 0.0175988
vn -0.7377040 0.4773901 -0.4773800
v -0.0005681 -0.0127678 0.0169518
vn -0.7376845 -0.6521464 0.1747188
v -0.0005681 0.0134148 0.0025370
vn 0.6788714 0.7092373 -0.1900427
v 0.0054319 0.0076022 0.0074605
vn 0.7376956 0.6521320 -0.1747257
v 0.0054319 0.0089342 0.0071035
vn 0.6788715 0.1900294 -0.7092407
v 0.0054319 0.0097235 0.0095818
vn -0.6788713 0.7342573 -0.0000001
v 0.0012319 0.0082500 0.0066840
vn -0.7376871 -0.3375919 -0.5846789
v 0.0012319 -0.0096895 0.0080878
vn 0.7377194 -0.6521013 0.1747401
v 0.0054319 0.0120658 0.0062645
vn 0.6788687 -0.7092417 0.1900358
v 0.0054319 0.0133978 0.0059075
vn 0.7376907 -0.3375980 -0.5846709
v 0.0054319 0.0113105 0.0080878
vn 0.7376959 0.4773929 0.4773897
v 0.0054319 -0.0116462 0.0055378
vn 0.6788710 0.7092372 0.1900443
v 0.0054319 0.0076022 0.0059075
vn 0.7376844 -0.6751457 0.0000009
v 0.0054319 0.0121210 0.0066840
vn 0.6788708 -0.6358711 0.3671545
v 0.0054319 0.0130981 0.0051840
vn 0.7376907 -0.5846691 0.3376009
v 0.0054319 0.0119038 0.0058735
vn 0.6788867 -0.5191889 0.5191876
v 0.0054319 0.0126213 0.0045627
vn 0.7377182 -0.1747388 0.6521029
v 0.0054319 0.0109195 0.0051182
vn 0.6788813 0.0000025 -0.7342481
v 0.0054319 0.0105000 0.0096840
vn 0.6788687 -0.1900347 -0.7092419
v 0.0054319 0.0112765 0.0095818
vn 0.6788698 -0.3671432 -0.6358787
v 0.0054319 -0.0090000 0.0092821
vn 0.7377188 -0.1747393 -0.6521021
v 0.0054319 -0.0100805 0.0082498
vn 0.7376968 0.4773813 0.4774000
v 0.0054319 0.0093538 0.0055378
vn 0.6788871 0.5191873 -0.5191887
v 0.0054319 -0.0126213 0.0088053
vn 0.7376850 0.6751450 0.0000009
v 0.0054319 -0.0121210 0.0066840
vn 0.7376944 -0.6521331 0.1747269
v 0.0054319 -0.0089342 0.0062645
vn 0.6788712 -0.7092372 0.1900435
v 0.0054319 -0.0076022 0.0059075
vn 0.6788701 0.3671544 0.6358719
v 0.0054319 -0.0120000 0.0040859
vn 0.6788812 -0.0000025 -0.7342481
v 0.0054319 -0.0105000 0.0096840
vn 0.6788716 -0.1900291 -0.7092407
v 0.0054319 -0.0097235 0.0095818
vn 0.6788714 -0.1900290 0.7092409
v 0.0054319 -0.0097235 0.0037862
vn 0.6788815 -0.5191971 -0.5191862
v 0.0054319 -0.0083787 0.0088053
vn 0.6788738 -0.6358762 -0.3671402
v 0.0054319 -0.0079019 0.0081840
vn -0.7376972 -0.4773892 -0.4773913
v 0.0012319 0.0116462 0.0078302
vn 0.6788687 0.1900343 0.7092420
v 0.0054319 -0.0112765 0.0037862
vn -0.7376954 0.6521320 0.1747264
v 0.0012319 0.0089342 0.0062645
vn -0.7376854 -0.6521456 -0.1747178
v -0.0005681 0.0134148 0.0158310
vn -0.7377094 -0.5846922 -0.3375202
v -0.0005681 0.0131651 0.0164340
vn 0.7376921 -0.4773992 -0.4773892
v 0.0084320 -0.0083787 0.0088053
vn 0.7377052 -0.3375848 0.5846603
v 0.0084320 0.0120000 0.0040859
vn 0.7376854 0.4773987 -0.4774000
v 0.0084320 -0.0126213 0.0088053
vn 0.7376924 -0.0000023 -0.6751370
v 0.0084320 -0.0105000 0.0096840
vn 0.7377039 0.1747256 -0.6521227
v 0.0084320 0.0097235 0.0095818
vn 0.7376924 0.0000024 -0.6751370
v 0.0084320 0.0105000 0.0096840
vn 0.3015109 0.9045342 -0.3015116
v 0.0084320 0.0150000 0.0141840
vn 0.2971040 0.7172841 -0.6302640
v 0.0164319 0.0150000 0.0141840
vn 0.7376922 0.6751373 0.0000001
v 0.0084320 -0.0135000 0.0066840
vn 0.7377037 -0.1747253 -0.6521229
v 0.0084320 -0.0097235 0.0095818
vn 0.7377058 -0.3375740 -0.5846658
v 0.0084320 -0.0090000 0.0092821
vn 0.7376865 0.4774001 0.4773970
v 0.0084320 -0.0126213 0.0045627
vn -0.7376855 0.6521450 -0.1747198
v -0.0005681 -0.0134148 0.0158310
vn 0.7377071 -0.6521180 0.1747296
v 0.0084320 0.0133978 0.0059075
vn 0.7376859 -0.4773993 0.4773987
v 0.0084320 0.0126213 0.0045627
vn 0.7377050 -0.5846604 0.3375851
v 0.0084320 0.0130981 0.0051840
vn -0.7377087 -0.5846917 0.3375226
v -0.0005681 0.0131651 0.0019340
vn 0.7172839 -0.2971068 0.6302630
v 0.0174320 -0.0140000 0.0231840
vn -0.7376944 -0.6521330 0.1747268
v 0.0012319 -0.0089342 0.0062645
vn -0.7376846 -0.1747163 0.6521470
v -0.0005681 0.0116470 0.0007692
vn -0.7377094 0.5846919 -0.3375209
v -0.0005681 -0.0131651 0.0164340
vn 0.6302623 0.2971092 -0.7172835
v 0.0084320 0.0140000 -0.0008160
vn -0.6302626 0.7172837 -0.2971081
v -0.0005681 0.0150000 0.0001840
vn 0.6302623 0.7172840 -0.2971081
v 0.0084320 0.0150000 0.0001840
vn 0.7377052 0.3375847 0.5846602
v 0.0084320 -0.0120000 0.0040859
vn 0.3015118 -0.9045340 -0.3015110
v 0.0084320 -0.0150000 0.0141840
vn 0.7377036 0.1747252 0.6521230
v 0.0084320 0.0097235 0.0037862
vn -0.5773497 0.5773505 0.5773507
v -0.0005681 0.0150000 0.0231840
vn -0.6302626 -0.7172838 -0.2971078
v -0.0005681 -0.0150000 0.0001840
vn -0.7221320 -0.0452527 0.6902736
v -0.0005681 0.0110000 0.0006840
vn -0.6506501 -0.6813462 -0.3352937
v -0.0014446 0.0133000 -0.0111064
vn -0.7113507 0.6813409 -0.1724957
v -0.0018592 0.0170000 -0.0099944
vn -0.6506508 0.6813461 -0.3352925
v -0.0014446 0.0170000 -0.0111064
vn 0.7111060 -0.7029750 0.0124245
v 0.0265000 0.0141500 0.0066840
vn 0.7197022 0.6926787 0.0471707
v 0.0265000 0.0152000 0.0086840
vn 0.7197026 -0.6926782 0.0471713
v 0.0265000 0.0141500 0.0086840
vn -0.3175433 0.7197651 -0.6173366
v 0.0117242 0.0170000 -0.0167796
vn -0.3837462 -0.7197590 -0.5785204
v 0.0145848 0.0133000 -0.0184572
vn -0.3175427 -0.7197653 -0.6173366
v 0.0117242 0.0133000 -0.0167796
vn -0.6907294 0.7197614 -0.0695458
v 0.0278509 0.0170000 -0.0404519
vn -0.6788316 -0.7197629 -0.1453581
v 0.0273368 0.0133000 -0.0371758
vn -0.6788351 0.7197595 -0.1453590
v 0.0273368 0.0170000 -0.0371758
vn -0.5944638 0.7197594 -0.3585516
v 0.0236909 0.0170000 -0.0279630
vn -0.5512540 -0.7197637 -0.4219709
v 0.0218238 0.0133000 -0.0252223
vn -0.5512543 0.7197634 -0.4219708
v 0.0218238 0.0170000 -0.0252223
vn -0.1743664 0.7197633 -0.6719651
v 0.0055370 0.0170000 -0.0144190
vn -0.1630992 -0.7000111 -0.6952575
v 0.0022860 0.0133000 -0.0137648
vn -0.1631017 0.7000089 -0.6952592
v 0.0022860 0.0170000 -0.0137648
vn -0.2474678 0.7197579 -0.6486203
v 0.0086959 0.0170000 -0.0154281
vn -0.1743666 -0.7197641 -0.6719643
v 0.0055370 0.0133000 -0.0144190
vn -0.2474673 -0.7197582 -0.6486202
v 0.0086959 0.0133000 -0.0154281
vn -0.3837467 0.7197587 -0.5785205
v 0.0145848 0.0170000 -0.0184572
vn -0.4452498 -0.7197632 -0.5326290
v 0.0172428 0.0133000 -0.0204402
vn -0.2640173 -0.6808721 -0.6831603
v 0.0311975 0.0133000 -0.0484798
vn -0.4203112 0.6808750 -0.5997898
v 0.0301306 0.0170000 -0.0479107
vn -0.2640182 0.6808714 -0.6831607
v 0.0311975 0.0170000 -0.0484798
vn -0.0922843 -0.6808766 -0.7265609
v 0.0323699 0.0133000 -0.0487761
vn -0.0922852 0.6808763 -0.7265611
v 0.0323699 0.0170000 -0.0487761
vn -0.7127432 0.6808763 -0.1685368
v 0.0281342 0.0170000 -0.0449666
vn -0.7122002 -0.6997653 -0.0556743
v 0.0280003 0.0133000 -0.0437648
vn -0.7122037 0.6997613 -0.0556779
v 0.0280002 0.0170000 -0.0437648
vn 0.2569979 -0.6808772 -0.6858268
v 0.0347546 0.0133000 -0.0484980
vn 0.0848367 0.6808754 -0.7274693
v 0.0335792 0.0170000 -0.0487823
vn 0.2569981 0.6808762 -0.6858277
v 0.0347546 0.0170000 -0.0484980
vn 0.4031920 0.1288197 0.9060032
v 0.0285256 -0.0114447 0.0031584
vn 0.4673202 -0.7183630 0.5153314
v 0.0316213 -0.0170000 0.0000627
vn 0.4025230 0.0643528 0.9131451
v 0.0286188 -0.0109764 0.0030652
vn 0.7109866 -0.6808673 -0.1758351
v 0.0378538 0.0133000 -0.0450164
vn 0.6479655 0.6808799 -0.3413846
v 0.0374236 0.0170000 -0.0461466
vn 0.7109875 0.6808660 -0.1758361
v 0.0378538 0.0170000 -0.0450164
vn -0.6586449 -0.7197601 -0.2193912
v 0.0264643 -0.0170000 -0.0339765
vn -0.6788334 0.7197610 -0.1453598
v 0.0273368 -0.0133000 -0.0371758
vn -0.6788328 -0.7197616 -0.1453595
v 0.0273368 -0.0170000 -0.0371758
vn 0.0653995 0.0000003 0.9978592
v 0.0130000 -0.0000000 0.0101840
vn 0.3015115 -0.3015111 0.9045341
v 0.0235000 -0.0068500 0.0101840
vn -0.0000001 0.0000003 1.0000000
v 0.0235000 0.0000000 0.0101840
vn 0.0848373 -0.6808755 -0.7274691
v 0.0335792 0.0133000 -0.0487823
vn 0.3671287 -0.6788735 0.6358831
v 0.0107500 -0.0152000 0.0139831
vn 0.7071003 0.0000005 0.7071133
v 0.0110606 -0.0000000 0.0137447
vn 0.5000014 0.0000004 0.8660246
v 0.0107500 -0.0000000 0.0139830
vn 0.4141353 -0.6808725 -0.6040734
v 0.0358273 0.0133000 -0.0479399
vn 0.4141344 0.6808729 -0.6040736
v 0.0358273 0.0170000 -0.0479399
vn 0.5470628 -0.6808713 -0.4869669
v 0.0367347 0.0133000 -0.0471405
vn 0.5470647 0.6808677 -0.4869696
v 0.0367347 0.0170000 -0.0471405
vn 0.3015116 0.3015134 0.9045333
v 0.0235000 -0.0141500 0.0101840
vn 0.6940696 0.7184860 0.0452278
v 0.0235000 -0.0141500 0.0066840
vn 0.7377229 0.5846589 -0.3375484
v 0.0235000 -0.0124919 0.0078340
vn -1.0000000 0.0000000 -0.0000001
v 0.0035000 -0.0000000 0.0082898
vn -0.7376987 -0.5846823 -0.3375607
v 0.0035000 -0.0085081 0.0078340
vn -0.7377025 -0.4773871 -0.4773850
v 0.0035000 -0.0088737 0.0083104
vn 0.5169982 -0.5302388 0.6719819
v 0.0269064 -0.0073043 0.0049290
vn 0.6783689 -0.5202049 0.5188473
v 0.0235000 -0.0079191 0.0041031
vn 0.4675058 -0.4813878 0.7414203
v 0.0271451 -0.0075202 0.0046138
vn 0.7376996 -0.6751291 -0.0000005
v 0.0235000 -0.0082000 0.0066840
vn -0.7376999 -0.6521248 -0.1747349
v 0.0035000 -0.0082784 0.0072793
vn -0.7376994 -0.6751294 -0.0000006
v 0.0035000 -0.0082000 0.0066840
vn 0.7196985 0.6926834 0.0471578
v 0.0380000 0.0170000 -0.0038160
vn 0.7378395 -0.4772813 -0.4772793
v 0.0380000 0.0131536 -0.0039624
vn 0.7375901 -0.5848226 -0.3375553
v 0.0380000 0.0132330 -0.0040660
vn 0.7657240 -0.0482812 -0.6413546
v 0.0380000 0.0128000 -0.0038160
vn 0.7377721 -0.1747402 -0.6520416
v 0.0380000 0.0129294 -0.0038330
vn 0.7375921 -0.3375534 -0.5848210
v 0.0380000 0.0130500 -0.0038830
vn 0.7220966 -0.6903174 -0.0451491
v 0.0380000 0.0133000 -0.0043160
vn 0.7377756 -0.6520392 -0.1747341
v 0.0380000 0.0132830 -0.0041866
vn -0.7375926 -0.5848202 -0.3375538
v -0.0020000 0.0132330 -0.0040660
vn -0.7378384 -0.4772809 -0.4772813
v -0.0020000 0.0131536 -0.0039624
vn -0.7196991 0.6926825 0.0471611
v -0.0020000 0.0170000 -0.0038160
vn -0.7377744 -0.6520409 -0.1747327
v -0.0020000 0.0132830 -0.0041866
vn -0.7375916 -0.3375547 -0.5848210
v -0.0020000 0.0130500 -0.0038830
vn -0.7377723 -0.1747409 -0.6520411
v -0.0020000 0.0129294 -0.0038330
vn -0.7657269 -0.0482815 -0.6413512
v -0.0020000 0.0128000 -0.0038160
vn -0.7127384 -0.6808818 -0.1685349
v 0.0281342 -0.0170000 -0.0449666
vn -0.6514404 0.6808739 -0.3347181
v 0.0285527 -0.0133000 -0.0461011
vn -0.6514402 -0.6808745 -0.3347174
v 0.0285527 -0.0170000 -0.0461011
vn -0.7220959 -0.6903182 -0.0451494
v -0.0020000 0.0133000 -0.0043160
vn 0.5191986 0.6788740 0.5191947
v 0.0260606 0.0068500 0.0097447
vn 0.5000032 0.0000002 0.8660236
v 0.0257500 0.0000000 0.0099830
vn 0.7071014 0.0000009 0.7071122
v 0.0260606 0.0000000 0.0097447
vn -0.7113504 -0.6813409 -0.1724971
v -0.0018592 -0.0170000 -0.0099944
vn -0.6506498 0.6813472 -0.3352922
v -0.0014446 -0.0133000 -0.0111064
vn -0.6506494 -0.6813469 -0.3352937
v -0.0014446 -0.0170000 -0.0111064
vn 0.6931146 -0.7193372 0.0463271
v 0.0235000 -0.0068500 0.0066840
vn 0.7377006 -0.6521238 -0.1747356
v 0.0235000 -0.0082784 0.0072793
vn -0.1152371 -0.8808568 0.4591426
v 0.0148745 -0.0153340 0.0071840
vn 0.2282969 -0.7671989 0.5994050
v 0.0251213 -0.0154929 0.0069769
vn 0.1616686 -0.8932710 0.4194402
v 0.0252071 -0.0153340 0.0071840
vn -0.7376819 0.4773865 -0.4774175
v 0.0035000 -0.0121263 0.0083104
vn -0.5773515 -0.5773499 0.5773495
v 0.0035000 -0.0152000 0.0141840
vn -0.7377046 0.3375763 -0.5846659
v 0.0035000 -0.0116500 0.0086759
vn -0.7342118 -0.6769692 0.0514366
v 0.0035000 -0.0152000 0.0016578
vn -0.7377126 0.6751150 -0.0000004
v 0.0035000 -0.0128000 0.0066840
vn -0.7798272 -0.6036634 0.1657106
v 0.0035000 -0.0152341 0.0013641
vn 0.7189167 -0.6937265 -0.0436161
v 0.0380000 -0.0170000 -0.0438160
vn -0.6304020 -0.7197638 -0.2907466
v 0.0252440 -0.0170000 -0.0308929
vn -0.7377000 -0.5846799 0.3375621
v 0.0035000 -0.0085081 0.0055340
vn -1.0000000 0.0000000 -0.0000001
v 0.0035000 -0.0000000 0.0050577
vn -0.7377025 -0.4773850 0.4773873
v 0.0035000 -0.0088737 0.0050577
vn -0.7376812 -0.6521493 0.1747221
v 0.0035000 0.0127216 0.0060887
vn 0.7377122 -0.6751154 0.0000004
v 0.0235000 0.0128000 0.0066840
vn -0.7377121 -0.6751155 0.0000002
v 0.0035000 0.0128000 0.0066840
vn 0.4080271 0.2578353 0.8758053
v 0.0281610 -0.0123250 0.0035230
vn 0.4052339 0.1934306 0.8935156
v 0.0283722 -0.0118968 0.0033119
vn 0.0654041 0.0000001 0.9978589
v 0.0250000 0.0000000 0.0101840
vn -0.7377260 -0.5846539 0.3375503
v 0.0035000 0.0124919 0.0055340
vn 0.7376819 -0.4773869 0.4774174
v 0.0235000 0.0121263 0.0050577
vn 0.7377264 -0.5846536 0.3375500
v 0.0235000 0.0124919 0.0055340
vn -0.7377051 -0.3375762 0.5846654
v 0.0035000 0.0116500 0.0046921
vn -0.7376819 -0.4773867 0.4774173
v 0.0035000 0.0121263 0.0050577
vn -0.7377010 -0.1747378 0.6521227
v 0.0035000 0.0110953 0.0044624
vn 0.7377006 0.0000016 0.6751280
v 0.0235000 0.0105000 0.0043840
vn 0.7377013 -0.1747379 0.6521224
v 0.0235000 0.0110953 0.0044624
vn 0.7377047 -0.3375765 0.5846656
v 0.0235000 0.0116500 0.0046921
vn -0.7376815 -0.6521490 -0.1747219
v 0.0035000 0.0127216 0.0072793
vn 0.7377270 -0.5846524 -0.3375508
v 0.0235000 0.0124919 0.0078340
vn -0.7377263 -0.5846530 -0.3375514
v 0.0035000 0.0124919 0.0078340
vn -0.7377010 0.0000015 0.6751276
v 0.0035000 0.0105000 0.0043840
vn 0.7376990 0.1747359 0.6521254
v 0.0235000 0.0099047 0.0044624
vn -0.7377005 0.3375603 0.5846803
v 0.0035000 0.0093500 0.0046921
vn -0.7376992 0.1747359 0.6521254
v 0.0035000 0.0099047 0.0044624
vn 0.7377025 0.4773873 0.4773849
v 0.0235000 0.0088736 0.0050577
vn 0.7377001 0.3375605 0.5846807
v 0.0235000 0.0093500 0.0046921
vn -0.7377009 -0.1747380 -0.6521227
v 0.0035000 0.0110953 0.0089056
vn 0.7377008 0.0000013 -0.6751279
v 0.0235000 0.0105000 0.0089840
vn -0.7377009 0.0000015 -0.6751276
v 0.0035000 0.0105000 0.0089840
vn -0.7377004 0.3375601 -0.5846806
v 0.0035000 0.0093500 0.0086759
vn 0.7377019 0.4773859 -0.4773874
v 0.0235000 0.0088736 0.0083104
vn -0.7377022 0.4773855 -0.4773872
v 0.0035000 0.0088736 0.0083104
vn 0.7376994 0.1747358 -0.6521250
v 0.0235000 0.0099047 0.0089056
vn -0.7376988 0.1747359 -0.6521256
v 0.0035000 0.0099047 0.0089056
vn 0.7377002 0.5846795 -0.3375623
v 0.0235000 0.0085081 0.0078340
vn -0.7377001 0.5846796 -0.3375624
v 0.0035000 0.0085081 0.0078340
vn -0.8326190 -0.4187861 0.3624417
v 0.0035000 -0.0154929 0.0008556
vn -0.9519132 0.1883152 0.2416579
v 0.0035000 -0.0152000 0.0005233
vn -0.8412825 -0.3493290 0.4125689
v 0.0035000 -0.0155912 0.0007577
vn -0.7377000 0.6521244 0.1747353
v 0.0035000 0.0082784 0.0060887
vn 0.7376987 0.5846821 0.3375611
v 0.0235000 0.0085081 0.0055340
vn -0.7376993 0.5846817 0.3375606
v 0.0035000 0.0085081 0.0055340
vn -0.1743673 0.7197633 -0.6719649
v 0.0055370 -0.0133000 -0.0144190
vn -0.2474665 -0.7197585 -0.6486202
v 0.0086959 -0.0170000 -0.0154281
vn -0.1743667 -0.7197636 -0.6719648
v 0.0055370 -0.0170000 -0.0144190
vn -0.7377048 -0.3375764 -0.5846657
v 0.0035000 0.0116500 0.0086759
vn 0.7377014 -0.1747380 -0.6521222
v 0.0235000 0.0110953 0.0089056
vn -0.7376814 -0.4773861 -0.4774186
v 0.0035000 0.0121263 0.0083104
vn 0.7377049 -0.3375764 -0.5846654
v 0.0235000 0.0116500 0.0086759
vn 0.7376813 -0.4773864 -0.4774186
v 0.0235000 0.0121263 0.0083104
vn 0.3671287 0.6788737 0.6358829
v 0.0257500 0.0152000 0.0099830
vn 0.1900376 -0.6788743 0.7092358
v 0.0253882 0.0141500 0.0101329
vn 0.3671276 -0.6788746 0.6358826
v 0.0257500 0.0141500 0.0099830
vn 0.5192001 -0.6788728 0.5191945
v 0.0260606 0.0141500 0.0097447
vn 0.6358770 -0.6788775 0.3671322
v 0.0262990 0.0141500 0.0094340
vn 0.5191972 0.6788765 0.5191928
v 0.0260606 0.0152000 0.0097447
vn 0.3671277 0.6788724 0.6358849
v 0.0257500 -0.0141500 0.0099831
vn 0.1900377 0.6788748 0.7092354
v 0.0253882 -0.0141500 0.0101329
vn -0.1899423 -0.6254078 0.7568269
v 0.0149481 -0.0155912 0.0068907
vn -0.1616450 -0.7477251 0.6440327
v 0.0149265 -0.0154929 0.0069769
vn 0.7377022 -0.4773856 0.4773872
v 0.0235000 -0.0088736 0.0050577
vn 0.7197025 -0.6926783 0.0471713
v 0.0265000 -0.0068500 0.0086840
vn 0.7076561 -0.7065536 0.0021982
v 0.0265000 -0.0068500 0.0074721
vn 0.7197021 -0.6926797 0.0471574
v 0.0380000 -0.0170000 -0.0038160
vn 0.7377776 0.6520371 -0.1747335
v 0.0380000 -0.0132830 -0.0041866
vn 0.7375890 0.5848224 -0.3375578
v 0.0380000 -0.0132330 -0.0040660
vn -0.8587188 -0.2135746 0.4658196
v 0.0035000 -0.0158173 0.0006096
vn -0.2344559 -0.2688905 0.9341993
v 0.0149914 -0.0159412 0.0067181
vn -0.2234847 -0.3964690 0.8904307
v 0.0149809 -0.0158173 0.0067601
vn 0.7352191 0.0000006 0.6778296
v 0.0275744 0.0000000 0.0041096
vn 0.4675109 0.4813862 0.7414181
v 0.0271451 0.0075202 0.0046138
vn 0.7787495 0.0000005 0.6273351
v 0.0271254 0.0000000 0.0046382
vn -0.8675557 -0.0718069 0.4921290
v 0.0035000 -0.0160695 0.0005330
vn -0.2432940 -0.0339064 0.9693598
v 0.0150000 -0.0162000 0.0066840
vn -0.2411828 -0.1358584 0.9609232
v 0.0149978 -0.0160695 0.0066926
vn -0.8326199 0.4187832 0.3624428
v 0.0035000 0.0154929 0.0008556
vn -0.1899566 0.6254020 0.7568282
v 0.0149481 0.0155912 0.0068907
vn -0.8412803 0.3493346 0.4125686
v 0.0035000 0.0155912 0.0007577
vn 0.0471706 0.6926785 0.7197024
v 0.0250000 0.0152000 0.0101840
vn -0.0130464 0.9985629 0.0519803
v 0.0147490 0.0152000 0.0076840
vn 0.0452390 0.7221268 0.6902800
v 0.0130000 0.0152000 0.0101840
vn 0.7930122 0.2830312 0.5394675
v 0.0268150 0.0156607 0.0051068
vn 0.8037487 0.3211126 0.5008740
v 0.0267088 0.0155400 0.0053269
vn 0.5781153 -0.5806559 0.5732552
v 0.0267897 0.0138105 0.0051727
vn 0.7775014 0.1910176 0.5991693
v 0.0269017 0.0157594 0.0049270
vn 0.5039481 -0.5150141 0.6933952
v 0.0270451 0.0135698 0.0047400
vn 0.4425393 -0.4480648 0.7767863
v 0.0273152 0.0133258 0.0043881
vn 0.7166115 0.0148538 0.6973144
v 0.0273787 0.0162000 0.0043053
vn 0.7436866 0.0936087 0.6619425
v 0.0270867 0.0159418 0.0046503
vn 0.7376815 -0.6521488 0.1747226
v 0.0235000 0.0127216 0.0060887
vn 0.6358762 0.6788774 0.3671336
v 0.0262990 0.0152000 0.0094340
vn 0.7092355 0.6788718 0.1900478
v 0.0264489 0.0152000 0.0090722
vn 0.0173834 0.9989676 0.0419695
v 0.0254142 0.0152000 0.0076840
vn 0.7333628 0.6787087 0.0391627
v 0.0265000 0.0152000 0.0065982
vn -0.7342106 0.6769708 0.0514339
v 0.0035000 0.0152000 0.0016577
vn 0.4773913 0.7377006 0.4773838
v 0.0119393 0.0152000 0.0106233
vn 0.3375812 0.7376863 0.5846862
v 0.0122500 0.0152000 0.0103850
vn 0.1747296 0.7377025 0.6521231
v 0.0126117 0.0152000 0.0102351
vn 0.0471710 -0.6926783 0.7197025
v 0.0100000 -0.0152000 0.0141840
vn 0.7092357 -0.6788752 0.1900351
v 0.0114489 -0.0152000 0.0130722
vn 0.6358867 -0.6788743 0.3671213
v 0.0112990 -0.0152000 0.0134340
vn 0.1900377 0.6788743 0.7092358
v 0.0253882 0.0152000 0.0101329
vn 0.7092351 0.6788720 0.1900481
v 0.0114489 0.0152000 0.0130722
vn 0.7197022 0.6926786 0.0471715
v 0.0115000 0.0152000 0.0126840
vn 0.0471703 0.6926783 0.7197025
v 0.0100000 0.0152000 0.0141840
vn 0.6902781 0.7221283 0.0452428
v 0.0115000 0.0152000 0.0116840
vn -0.5773513 0.5773500 0.5773497
v 0.0035000 0.0152000 0.0141840
vn 0.6521259 0.7376994 0.1747327
v 0.0115511 0.0152000 0.0112958
vn 0.5846805 0.7377009 0.3375591
v 0.0117009 0.0152000 0.0109340
vn 0.1900377 0.6788741 0.7092360
v 0.0103882 0.0152000 0.0141329
vn 0.3671290 0.6788692 0.6358876
v 0.0107500 0.0152000 0.0139830
vn 0.5191982 0.6788755 0.5191931
v 0.0110606 0.0152000 0.0137447
vn 0.6358760 0.6788787 0.3671315
v 0.0112990 0.0152000 0.0134340
vn -0.2344559 0.2688928 0.9341986
v 0.0149914 0.0159412 0.0067181
vn 0.3743338 0.1442927 0.9159988
v 0.0250035 0.0160695 0.0066926
vn -0.2411915 0.1358723 0.9609191
v 0.0149978 0.0160695 0.0066926
vn 0.7104506 -0.6992880 0.0790962
v 0.0265000 0.0141409 0.0064266
vn -1.0000000 0.0000000 -0.0000001
v 0.0035000 -0.0000000 0.0078771
vn -0.6907291 -0.7197614 -0.0695470
v 0.0278509 -0.0170000 -0.0404519
vn 0.9978590 -0.0000000 0.0654024
v 0.0115000 -0.0000000 0.0126840
vn 0.6902782 -0.7221282 0.0452428
v 0.0115000 -0.0152000 0.0116840
vn 0.9978590 -0.0000000 0.0654025
v 0.0115000 -0.0000000 0.0116840
vn 0.6811861 0.3659288 0.6340991
v 0.0235000 -0.0123250 0.0035230
vn 0.3671231 -0.6788778 0.6358817
v 0.0257500 -0.0068500 0.0099830
vn 0.5191943 -0.6788709 0.5192029
v 0.0260607 -0.0068500 0.0097447
vn -0.5532913 0.6813352 -0.4792194
v -0.0007796 -0.0133000 -0.0120894
vn -0.5532898 -0.6813368 -0.4792187
v -0.0007796 -0.0170000 -0.0120894
vn -0.7377003 -0.0000016 -0.6751284
v 0.0035000 -0.0105000 0.0089840
vn -0.7377015 0.1747373 -0.6521223
v 0.0035000 -0.0110953 0.0089056
vn 0.7376995 -0.1747355 -0.6521250
v 0.0235000 -0.0099047 0.0089056
vn 0.7376986 -0.0000001 -0.6751302
v 0.0235000 -0.0105000 0.0089840
vn -0.1836917 -0.6561993 0.7318879
v 0.0150000 -0.0170000 0.0066840
vn -0.4813153 -0.0159918 0.8764017
v 0.0035000 -0.0162000 0.0005233
vn -0.2026895 -0.7498246 0.6298254
v 0.0010000 -0.0170000 -0.0008160
vn 0.7376982 0.1747378 -0.6521258
v 0.0235000 -0.0110953 0.0089056
vn 0.6521264 -0.7376989 0.1747328
v 0.0115511 -0.0152000 0.0112958
vn -0.8142412 -0.5080131 0.2809522
v 0.0035000 -0.0153340 0.0010905
vn -0.7376992 -0.1747353 -0.6521254
v 0.0035000 -0.0099047 0.0089056
vn -0.7122030 -0.6997622 -0.0556760
v 0.0280003 -0.0170000 -0.0437648
vn -0.7127424 0.6808772 -0.1685369
v 0.0281342 -0.0133000 -0.0449666
vn 0.4425345 0.4480671 0.7767877
v 0.0273152 -0.0133258 0.0043881
vn 0.4110651 0.4119757 0.8132045
v 0.0275679 -0.0130685 0.0041161
vn 0.6801270 0.5195180 0.5172315
v 0.0235000 -0.0130809 0.0041031
vn 0.4141328 -0.6808712 -0.6040766
v 0.0358273 -0.0170000 -0.0479399
vn 0.5470638 0.6808710 -0.4869661
v 0.0367347 -0.0133000 -0.0471405
vn 0.5470641 -0.6808715 -0.4869651
v 0.0367347 -0.0170000 -0.0471405
vn 0.7377026 0.3375772 -0.5846679
v 0.0235000 -0.0116500 0.0086759
vn 0.1747348 -0.7377002 0.6521244
v 0.0126118 -0.0152000 0.0102351
vn 0.2588203 0.0000004 0.9659255
v 0.0126118 -0.0000000 0.0102351
vn 0.7378381 0.4772843 -0.4772783
v 0.0380000 -0.0131536 -0.0039624
vn 0.7375937 0.3375534 -0.5848191
v 0.0380000 -0.0130500 -0.0038830
vn 0.8476642 0.0000005 0.5305331
v 0.0269042 0.0000000 0.0049278
vn -0.5520222 0.6808719 -0.4813367
v 0.0292314 0.0170000 -0.0471020
vn -0.6514399 -0.6808738 -0.3347193
v 0.0285527 0.0133000 -0.0461011
vn -0.6514378 0.6808761 -0.3347187
v 0.0285527 0.0170000 -0.0461011
vn 0.0848370 -0.6808754 -0.7274692
v 0.0335792 -0.0170000 -0.0487823
vn 0.2569919 0.6808774 -0.6858289
v 0.0347546 -0.0133000 -0.0484980
vn 0.2569917 -0.6808782 -0.6858281
v 0.0347546 -0.0170000 -0.0484980
vn 0.2588195 0.0000002 0.9659258
v 0.0253882 0.0000000 0.0101329
vn 0.0471708 -0.6926782 0.7197026
v 0.0250000 -0.0068500 0.0101840
vn 0.1900432 -0.6788726 0.7092359
v 0.0253882 -0.0068500 0.0101329
vn 0.7376896 0.6521443 -0.1747053
v 0.0235000 -0.0127216 0.0072793
vn 0.6479660 -0.6808797 -0.3413840
v 0.0374236 0.0133000 -0.0461466
vn 1.0000000 -0.0000000 0.0000001
v 0.0265000 0.0000000 0.0074721
vn 0.7197034 0.6926774 0.0471708
v 0.0265000 0.0068500 0.0086840
vn 0.9978589 -0.0000000 0.0654030
v 0.0265000 0.0000000 0.0086840
vn 0.7377712 0.1747388 -0.6520429
v 0.0380000 -0.0129294 -0.0038330
vn -0.7375917 0.3375547 -0.5848208
v -0.0020000 -0.0130500 -0.0038830
vn -0.7377723 0.1747410 -0.6520411
v -0.0020000 -0.0129294 -0.0038330
vn 0.7377036 0.3375796 0.5846652
v 0.0235000 -0.0116500 0.0046921
vn 0.7376772 0.4773896 0.4774217
v 0.0235000 -0.0121263 0.0050577
vn -1.0000000 0.0000000 -0.0000001
v 0.0035000 -0.0000000 0.0055340
vn -0.7377002 -0.6521245 0.1747343
v 0.0035000 -0.0082784 0.0060887
vn -1.0000000 0.0000000 -0.0000001
v 0.0035000 -0.0000000 0.0060887
vn 0.7377216 0.5846601 0.3375493
v 0.0235000 -0.0124919 0.0055340
vn -0.7376816 0.4773860 0.4774187
v 0.0035000 -0.0121263 0.0050577
vn -0.7377270 0.5846526 0.3375503
v 0.0035000 -0.0124919 0.0055340
vn 0.3797847 -0.7298528 0.5683999
v 0.0320759 -0.0170000 -0.0003104
vn 0.6715677 0.0000004 0.7409432
v 0.0316213 0.0000000 0.0000627
vn 0.7189162 0.6937270 -0.0436173
v 0.0380000 0.0170000 -0.0438160
vn 0.7189165 -0.6937267 -0.0436169
v 0.0380000 0.0133000 -0.0438160
vn -0.9659287 -0.0000003 0.2588084
v -0.0018978 -0.0000000 -0.0030395
vn -0.7518331 -0.0000006 -0.6593535
v -0.0020000 -0.0000000 -0.0038160
vn -0.7657253 0.0482807 -0.6413531
v -0.0020000 -0.0128000 -0.0038160
vn 0.3091382 -0.5407556 0.7823153
v 0.0250555 -0.0157000 0.0068180
vn -0.2085461 -0.5159230 0.8308622
v 0.0149664 -0.0157000 0.0068180
vn -0.7376813 0.6521493 0.1747218
v 0.0035000 -0.0127216 0.0060887
vn 0.7376800 0.4773879 -0.4774191
v 0.0235000 -0.0121263 0.0083104
vn 0.7071129 0.0000005 0.7071007
v 0.0281352 0.0000000 0.0035488
vn 0.4147676 -0.3218347 0.8511112
v 0.0278957 -0.0082780 0.0037883
vn 0.4080259 -0.2578336 0.8758063
v 0.0281610 -0.0086750 0.0035230
vn 0.7377003 -0.3375598 0.5846808
v 0.0235000 -0.0093500 0.0046921
vn -0.7376994 -0.3375601 0.5846817
v 0.0035000 -0.0093500 0.0046921
vn 0.1900379 -0.6788737 0.7092363
v 0.0103882 -0.0152000 0.0141329
vn 0.2588196 0.0000004 0.9659257
v 0.0103882 -0.0000000 0.0141329
vn -0.8510153 -0.2825344 0.4426593
v 0.0035000 -0.0157000 0.0006753
vn 0.4332671 -0.3907337 0.8121618
v 0.0275809 -0.0079191 0.0041031
vn 0.6801784 -0.3677773 0.6341115
v 0.0235000 -0.0086750 0.0035230
vn -0.5013178 -0.7197587 -0.4802374
v 0.0196656 0.0133000 -0.0227045
vn 0.0471716 0.6926782 0.7197026
v 0.0250000 -0.0141500 0.0101840
vn 0.4773848 -0.7376972 0.4773957
v 0.0119393 -0.0152000 0.0106233
vn -0.0130457 -0.9985631 0.0519782
v 0.0147490 -0.0152000 0.0076840
vn 0.3375641 -0.7377002 0.5846785
v 0.0122500 -0.0152000 0.0103850
vn 0.9976918 -0.0000000 0.0679050
v 0.0265124 0.0000000 0.0063520
vn 0.7081571 0.7054977 0.0280481
v 0.0265000 0.0068542 0.0069129
vn 0.9999390 -0.0000000 0.0110491
v 0.0265000 0.0000000 0.0069129
vn -0.1858340 -0.0793496 0.9793719
v 0.0010000 0.0152000 -0.0008160
vn -0.4813108 0.0159822 0.8764043
v 0.0035000 0.0162000 0.0005233
vn -0.2026891 0.7498246 0.6298255
v 0.0010000 0.0170000 -0.0008160
vn 0.7436926 -0.0936214 0.6619338
v 0.0270867 -0.0159418 0.0046503
vn 0.3808443 -0.0369398 0.9239010
v 0.0250000 -0.0162000 0.0066840
vn 0.7166141 -0.0148509 0.6973118
v 0.0273787 -0.0162000 0.0043053
vn 0.6358755 -0.6788698 0.3671488
v 0.0375981 -0.0170000 -0.0023160
vn 0.7070990 0.0000002 0.7071147
v 0.0371213 0.0000000 -0.0016947
vn 0.5191833 -0.6788824 0.5191988
v 0.0371213 -0.0170000 -0.0016947
vn -0.7375929 0.5848200 -0.3375536
v -0.0020000 -0.0132330 -0.0040660
vn -0.7071068 0.0000002 0.7071068
v 0.0035000 -0.0000000 -0.0008160
vn -1.0000000 0.0000000 -0.0000001
v 0.0035000 -0.0000000 0.0046865
vn -0.8510156 0.2825388 0.4426559
v 0.0035000 0.0157000 0.0006753
vn -0.2234951 0.3964556 0.8904341
v 0.0149809 0.0158173 0.0067601
vn -0.8587199 0.2135768 0.4658168
v 0.0035000 0.0158173 0.0006096
vn 0.3607402 -0.2834983 0.8885355
v 0.0250141 -0.0159412 0.0067181
vn 0.7930140 -0.2830268 0.5394670
v 0.0268150 -0.0156607 0.0051068
vn 0.3413940 -0.4151803 0.8432530
v 0.0250315 -0.0158173 0.0067601
vn -0.5191861 -0.6788799 0.5191993
v -0.0011213 -0.0170000 -0.0016947
vn -0.5000185 0.0000000 0.8660147
v -0.0005000 -0.0000000 -0.0012179
vn -0.7070997 -0.0000001 0.7071139
v -0.0011213 -0.0000000 -0.0016947
vn 0.7220948 0.6903194 -0.0451470
v 0.0380000 -0.0133000 -0.0043160
vn -0.2474675 0.7197580 -0.6486202
v 0.0086959 -0.0133000 -0.0154281
vn -0.3175432 -0.7197655 -0.6173362
v 0.0117242 -0.0170000 -0.0167796
vn 0.6810254 -0.1894549 0.7073268
v 0.0235000 -0.0095553 0.0031584
vn 0.7376989 -0.1747359 0.6521256
v 0.0235000 -0.0099047 0.0044624
vn 0.2971094 -0.6302621 0.7172835
v 0.0250000 -0.0170000 0.0066840
vn 0.7377010 0.1747380 0.6521227
v 0.0235000 -0.0110953 0.0044624
vn 0.5192006 -0.6788735 0.5191932
v 0.0110607 -0.0152000 0.0137447
vn 0.4052621 -0.1934235 0.8935043
v 0.0283722 -0.0091032 0.0033119
vn -0.7378387 0.4772808 -0.4772810
v -0.0020000 -0.0131536 -0.0039624
vn -0.7196997 -0.6926818 0.0471612
v -0.0020000 -0.0170000 -0.0038160
vn 0.6807762 0.7072170 0.1907561
v 0.0235000 -0.0140256 0.0057393
vn 0.6365553 0.6269979 0.4490781
v 0.0266602 -0.0139424 0.0055140
vn 0.6793268 0.6351710 0.3675226
v 0.0235000 -0.0136610 0.0048590
vn 0.5781075 0.5806672 0.5732515
v 0.0267897 -0.0138105 0.0051727
vn 0.8037525 -0.3211038 0.5008736
v 0.0267088 -0.0155400 0.0053269
vn 0.7070801 0.0000005 0.7071335
v 0.0285711 0.0000000 0.0031129
vn 0.4031086 -0.1288374 0.9060377
v 0.0285256 -0.0095553 0.0031584
vn 0.4024840 -0.0643448 0.9131629
v 0.0286188 -0.0100236 0.0030652
vn -0.7187288 -0.6939729 -0.0427864
v -0.0020000 -0.0170000 -0.0088160
vn -0.7220976 0.6903163 -0.0451518
v -0.0020000 -0.0133000 -0.0043160
vn -0.7187287 0.6939729 -0.0427866
v -0.0020000 -0.0133000 -0.0088160
vn 0.4164585 0.3236328 0.8496023
v 0.0278957 -0.0127220 0.0037883
vn 0.5039558 0.5150086 0.6933936
v 0.0270451 -0.0135698 0.0047400
vn 0.7377111 0.6751165 -0.0000002
v 0.0235000 -0.0128000 0.0066840
vn 0.7657254 0.0482820 -0.6413529
v 0.0380000 -0.0128000 -0.0038160
vn 0.7518333 0.0000002 -0.6593534
v 0.0380000 0.0000000 -0.0038160
vn 0.9659299 0.0000006 0.2588042
v 0.0378978 0.0000000 -0.0030395
vn 0.0490713 0.0000003 0.9987953
v 0.0337426 0.0000000 -0.0008160
vn 0.0471689 -0.6926789 0.7197021
v 0.0350000 -0.0170000 -0.0008160
vn 0.0653969 0.0000002 0.9978594
v 0.0350000 0.0000000 -0.0008160
vn -0.5773510 0.5773495 0.5773504
v 0.0035000 -0.0152000 -0.0008160
vn -0.7377008 -0.0000013 0.6751279
v 0.0035000 -0.0105000 0.0043840
vn -0.7376994 -0.1747360 0.6521249
v 0.0035000 -0.0099047 0.0044624
vn 0.7376988 -0.5846819 -0.3375614
v 0.0235000 -0.0085081 0.0078340
vn -0.8642198 0.1431624 0.4823158
v 0.0035000 0.0159412 0.0005619
vn 0.7969972 0.5565443 0.2346355
v 0.0265176 0.0152531 0.0061615
vn 0.7685283 0.6269204 0.1278088
v 0.0265025 0.0152140 0.0063886
vn 0.6782202 -0.6359955 0.3681403
v 0.0235000 -0.0073390 0.0048590
vn 0.7377008 -0.6521237 0.1747351
v 0.0235000 -0.0082784 0.0060887
vn 0.7376995 -0.5846799 0.3375632
v 0.0235000 -0.0085081 0.0055340
vn 0.1900415 -0.6788722 0.7092369
v 0.0357765 -0.0170000 -0.0009182
vn 0.8071671 0.4870860 0.3335095
v 0.0265599 0.0153279 0.0058852
vn 0.6917416 -0.6907508 0.2106107
v 0.0265203 0.0140993 0.0060778
vn 0.6597547 -0.6616966 0.3562044
v 0.0265737 0.0140348 0.0057974
vn -0.2723416 -0.6813421 -0.6794137
v 0.0011398 -0.0170000 -0.0134571
vn -0.1630997 0.7000108 -0.6952577
v 0.0022860 -0.0133000 -0.0137648
vn -0.1630992 -0.7000112 -0.6952575
v 0.0022860 -0.0170000 -0.0137648
vn 0.0452422 -0.7221280 0.6902784
v 0.0130000 -0.0152000 0.0101840
vn -0.7122031 0.6997621 -0.0556768
v 0.0280003 -0.0133000 -0.0437648
vn 0.7376999 0.6521247 -0.1747349
v 0.0235000 0.0082784 0.0072793
vn -0.7377002 0.6521244 -0.1747348
v 0.0035000 0.0082784 0.0072793
vn 0.7775017 -0.1910158 0.5991695
v 0.0269017 -0.0157594 0.0049270
vn -0.3175440 0.7197655 -0.6173357
v 0.0117242 -0.0133000 -0.0167796
vn -0.3837461 -0.7197587 -0.5785209
v 0.0145848 -0.0170000 -0.0184572
vn 0.8660222 0.0000001 0.5000056
v 0.0117009 -0.0000000 0.0109340
vn 0.9659272 0.0000000 0.2588140
v 0.0115511 -0.0000000 0.0112958
vn -0.1900429 0.6788720 0.7092366
v 0.0002235 0.0170000 -0.0009182
vn -0.2588215 0.0000001 0.9659252
v 0.0002235 -0.0000000 -0.0009182
vn 0.7969913 -0.5565480 0.2346472
v 0.0265176 -0.0152531 0.0061615
vn 0.3015109 0.3015117 0.9045340
v 0.0235000 0.0068500 0.0101840
vn -0.9519131 -0.1883154 0.2416584
v 0.0035000 0.0152000 0.0005233
vn 0.0654041 0.0000003 0.9978589
v 0.0100000 -0.0000000 0.0141840
vn 0.0471717 -0.6926781 0.7197027
v 0.0250000 -0.0152000 0.0101840
vn 0.3743345 -0.1442927 0.9159986
v 0.0250035 -0.0160695 0.0066926
vn 0.1333654 -0.7298469 0.6704754
v 0.0331574 -0.0170000 -0.0007583
vn 0.0341395 -0.7183204 0.6948743
v 0.0337426 -0.0170000 -0.0008160
vn -0.7798268 0.6036651 0.1657071
v 0.0035000 0.0152341 0.0013641
vn -0.8142427 0.5080110 0.2809516
v 0.0035000 0.0153340 0.0010905
vn -0.8675597 0.0718047 0.4921221
v 0.0035000 0.0160695 0.0005330
vn 0.6801781 0.3677772 0.6341118
v 0.0235000 0.0086750 0.0035230
vn 0.6048037 -0.6066589 0.5159240
v 0.0267310 -0.0071341 0.0052722
vn 0.6721792 -0.6646646 0.3261844
v 0.0265849 -0.0069786 0.0057403
vn 0.7197036 -0.6926772 0.0471714
v 0.0265000 -0.0152000 0.0086840
vn 0.7111065 0.7029745 0.0124270
v 0.0265000 -0.0141500 0.0066840
vn 0.7197022 0.6926787 0.0471707
v 0.0265000 -0.0141500 0.0086840
vn -0.7377014 0.1747380 0.6521222
v 0.0035000 -0.0110953 0.0044624
vn -0.5773503 -0.5773503 0.5773502
v 0.0035000 0.0152000 -0.0008160
vn -0.7071069 0.0000002 0.7071067
v 0.0035000 -0.0000000 0.0141840
vn 0.3826653 0.0000005 0.9238871
v 0.0325946 0.0000000 -0.0005876
vn 0.2615948 -0.7298461 0.6315797
v 0.0325946 -0.0170000 -0.0005876
vn 0.7377009 -0.0000014 0.6751276
v 0.0235000 -0.0105000 0.0043840
vn 0.0173868 -0.9989675 0.0419713
v 0.0254142 -0.0152000 0.0076840
vn 0.6358862 -0.6788728 0.3671246
v 0.0262990 -0.0152000 0.0094340
vn 0.5192026 -0.6788723 0.5191926
v 0.0260607 -0.0152000 0.0097447
vn 0.2971080 0.6302629 0.7172835
v 0.0250000 0.0170000 0.0066840
vn 0.3808434 0.0369392 0.9239014
v 0.0250000 0.0162000 0.0066840
vn 0.4031929 -0.1288220 0.9060025
v 0.0285256 0.0114447 0.0031584
vn 0.4025104 -0.0643448 0.9131513
v 0.0286188 0.0109764 0.0030652
vn 0.4673190 0.7183638 0.5153314
v 0.0316213 0.0170000 0.0000627
vn 0.4020226 0.0000188 0.9156297
v 0.0286500 0.0105000 0.0030340
vn 0.4024843 0.0643443 0.9131628
v 0.0286188 0.0100236 0.0030652
vn 0.4110647 -0.4119815 0.8132017
v 0.0275679 0.0130685 0.0041161
vn 0.4164537 -0.3236330 0.8496046
v 0.0278957 0.0127220 0.0037883
vn -0.0567208 -0.9724750 0.2259982
v 0.0148140 -0.0152341 0.0074252
vn 0.7104446 0.6992923 0.0791127
v 0.0265000 -0.0141409 0.0064267
vn 0.4080339 -0.2578306 0.8758035
v 0.0281610 0.0123250 0.0035230
vn 0.4052344 -0.1934369 0.8935140
v 0.0283721 0.0118968 0.0033118
vn 0.7092425 -0.6788698 0.1900290
v 0.0378978 -0.0170000 -0.0030395
vn 0.8660144 0.0000004 0.5000191
v 0.0375981 0.0000000 -0.0023160
vn 0.7071212 0.0000005 0.7070924
v 0.0282761 0.0000000 0.0034079
vn 0.4080380 0.2578298 0.8758019
v 0.0281610 0.0086750 0.0035230
vn 0.4052648 0.1934272 0.8935024
v 0.0283721 0.0091032 0.0033118
vn 0.7071001 0.0000007 0.7071134
v 0.0284470 0.0000000 0.0032370
vn 0.4030710 0.1288384 0.9060544
v 0.0285256 0.0095553 0.0031584
vn -1.0000000 0.0000000 -0.0000001
v 0.0035000 -0.0000000 0.0086121
vn -0.7376999 -0.3375601 -0.5846812
v 0.0035000 -0.0093500 0.0086759
vn -0.2432859 0.0339203 0.9693614
v 0.0150000 0.0162000 0.0066840
vn -0.1836924 0.6561990 0.7318880
v 0.0150000 0.0170000 0.0066840
vn -0.5013182 0.7197583 -0.4802376
v 0.0196656 -0.0133000 -0.0227045
vn -0.5512546 -0.7197634 -0.4219704
v 0.0218238 -0.0170000 -0.0252223
vn -0.5013176 -0.7197589 -0.4802373
v 0.0196656 -0.0170000 -0.0227045
vn 0.7092356 0.6788754 0.1900345
v 0.0264489 -0.0141500 0.0090722
vn 0.7081563 -0.7054985 0.0280474
v 0.0265000 -0.0068542 0.0069129
vn 0.6791447 0.7086969 0.1910791
v 0.0235000 0.0069744 0.0057393
vn 0.6721792 0.6646641 0.3261852
v 0.0265849 0.0069786 0.0057403
vn 0.6782206 0.6359954 0.3681394
v 0.0235000 0.0073390 0.0048590
vn 0.3607400 0.2834958 0.8885363
v 0.0250141 0.0159412 0.0067181
vn 0.6940704 -0.7184852 0.0452260
v 0.0235000 0.0141500 0.0066840
vn 0.6793305 -0.6351676 0.3675218
v 0.0235000 0.0136610 0.0048590
vn 0.6365470 -0.6270044 0.4490808
v 0.0266602 0.0139424 0.0055140
vn -0.0567226 0.9724746 0.2259993
v 0.0148140 0.0152341 0.0074252
vn 0.1616665 0.8932707 0.4194417
v 0.0252071 0.0153340 0.0071840
vn -0.1152372 0.8808621 0.4591322
v 0.0148745 0.0153340 0.0071840
vn 0.6807778 -0.7072148 0.1907583
v 0.0235000 0.0140256 0.0057393
vn 0.0798162 0.9768092 0.1986787
v 0.0253070 0.0152341 0.0074252
vn 0.6801319 -0.5195122 0.5172308
v 0.0235000 0.0130809 0.0041031
vn 0.6811841 -0.3659257 0.6341031
v 0.0235000 0.0123250 0.0035230
vn 0.6810249 -0.1894559 0.7073271
v 0.0235000 0.0114447 0.0031584
vn -0.6358768 -0.6788716 0.3671432
v -0.0015981 -0.0170000 -0.0023160
vn -0.8660142 -0.0000002 0.5000194
v -0.0015981 -0.0000000 -0.0023160
vn 0.6810252 0.1894551 0.7073270
v 0.0235000 0.0095553 0.0031584
vn 0.7025836 -0.7002806 0.1264258
v 0.0265124 -0.0068829 0.0063517
vn 0.9778402 -0.0000000 0.2093527
v 0.0265824 0.0000000 0.0057398
vn 0.4147558 0.3218380 0.8511157
v 0.0278957 0.0082780 0.0037883
vn 0.6048146 0.6066587 0.5159113
v 0.0267310 0.0071341 0.0052722
vn 0.5169889 0.5302469 0.6719826
v 0.0269064 0.0073043 0.0049290
vn 0.6783683 0.5202065 0.5188466
v 0.0235000 0.0079191 0.0041031
vn 0.4332660 0.3907347 0.8121619
v 0.0275809 0.0079191 0.0041031
vn 0.6931149 0.7193370 0.0463262
v 0.0235000 0.0068500 0.0066840
vn 0.7076561 0.7065536 0.0021977
v 0.0265000 0.0068500 0.0074721
vn 0.7376999 0.3375605 -0.5846810
v 0.0235000 0.0093500 0.0086759
vn 0.3015113 -0.3015114 0.9045341
v 0.0235000 0.0141500 0.0101840
vn 0.7376814 -0.6521491 -0.1747223
v 0.0235000 0.0127216 0.0072793
vn 0.6791459 -0.7086959 0.1910784
v 0.0235000 -0.0069744 0.0057393
vn 0.2731961 -0.6470798 0.7117947
v 0.0250856 -0.0155912 0.0068907
vn 0.8071671 -0.4870813 0.3335165
v 0.0265600 -0.0153279 0.0058852
vn 0.7377001 -0.3375603 -0.5846807
v 0.0235000 -0.0093500 0.0086759
vn -0.7113503 0.6813411 -0.1724971
v -0.0018592 -0.0133000 -0.0099944
vn 0.8660220 0.0000010 0.5000059
v 0.0262990 0.0000000 0.0094340
vn 0.7092356 -0.6788753 0.1900349
v 0.0264489 -0.0068500 0.0090722
vn 0.9659271 0.0000000 0.2588142
v 0.0264489 0.0000000 0.0090722
vn 0.7376997 0.6751290 0.0000006
v 0.0235000 0.0082000 0.0066840
vn -0.7377266 0.5846537 -0.3375495
v 0.0035000 -0.0124919 0.0078340
vn 0.7092364 -0.6788744 0.1900350
v 0.0264489 -0.0152000 0.0090722
vn 0.6809756 0.0000005 0.7323062
v 0.0235000 0.0105000 0.0030340
vn 0.0798186 -0.9768091 0.1986781
v 0.0253070 -0.0152341 0.0074252
vn 0.9261655 -0.0000000 0.3771174
v 0.0267310 0.0000000 0.0052723
vn -0.5520229 0.6808722 -0.4813355
v 0.0292314 -0.0133000 -0.0471020
vn -0.5520216 -0.6808718 -0.4813375
v 0.0292314 -0.0170000 -0.0471020
vn -0.5944640 -0.7197595 -0.3585511
v 0.0236909 -0.0170000 -0.0279630
vn -0.6304024 0.7197632 -0.2907469
v 0.0252440 -0.0133000 -0.0308929
vn 0.3671309 -0.6788740 0.6358814
v 0.0257500 -0.0152000 0.0099831
vn 0.6597418 0.6617093 0.3562046
v 0.0265737 -0.0140348 0.0057974
vn 0.8082218 -0.4406270 0.3906730
v 0.0266106 -0.0154026 0.0056746
vn 0.1950861 0.0000005 0.9807861
v 0.0331574 0.0000000 -0.0007583
vn 0.7376997 0.6521248 0.1747355
v 0.0235000 0.0082784 0.0060887
vn -0.7377732 0.6520416 -0.1747352
v -0.0020000 -0.0132830 -0.0041866
vn -0.1900444 -0.6788715 0.7092367
v 0.0002235 -0.0170000 -0.0009182
vn -0.1858354 0.0793503 0.9793716
v 0.0010000 -0.0152000 -0.0008160
vn 0.6809756 -0.0000004 0.7323062
v 0.0235000 -0.0105000 0.0030340
vn -0.7377048 0.3375763 0.5846657
v 0.0035000 -0.0116500 0.0046921
vn 0.5846725 -0.7377040 0.3375661
v 0.0117009 -0.0152000 0.0109340
vn -0.8642221 -0.1431532 0.4823146
v 0.0035000 -0.0159412 0.0005619
vn 0.6810249 0.1894560 0.7073270
v 0.0235000 -0.0114447 0.0031584
vn -0.0922799 -0.6808782 -0.7265599
v 0.0323699 -0.0170000 -0.0487761
vn 0.0848371 0.6808750 -0.7274696
v 0.0335792 -0.0133000 -0.0487823
vn 0.7109853 0.6808681 -0.1758369
v 0.0378538 -0.0133000 -0.0450164
vn 0.7189161 0.6937271 -0.0436171
v 0.0380000 -0.0133000 -0.0438160
vn -0.4452487 -0.7197638 -0.5326291
v 0.0172428 -0.0170000 -0.0204402
vn 0.3671395 -0.6788734 0.6358770
v 0.0365000 -0.0170000 -0.0012179
vn 0.2588196 0.0000003 0.9659257
v 0.0357765 0.0000000 -0.0009182
vn 0.7025827 0.7002814 0.1264264
v 0.0265124 0.0068829 0.0063517
vn 0.4020210 -0.0000164 0.9156305
v 0.0286500 -0.0105000 0.0030340
vn -0.4203128 0.6808746 -0.5997891
v 0.0301306 -0.0133000 -0.0479107
vn -0.4203102 -0.6808775 -0.5997876
v 0.0301306 -0.0170000 -0.0479107
vn -0.2640170 0.6808686 -0.6831639
v 0.0311975 -0.0133000 -0.0484798
vn -0.0922801 0.6808783 -0.7265598
v 0.0323699 -0.0133000 -0.0487761
vn 0.7377028 -0.4773871 -0.4773848
v 0.0235000 -0.0088736 0.0083104
vn 0.5191958 0.6788763 0.5191944
v 0.0260607 -0.0141500 0.0097447
vn 0.5000037 0.0000005 0.8660233
v 0.0122500 -0.0000000 0.0103850
vn 0.7070987 0.0000004 0.7071148
v 0.0119393 -0.0000000 0.0106233
vn 0.6479686 -0.6808754 -0.3413877
v 0.0374236 -0.0170000 -0.0461466
vn 0.7109857 -0.6808682 -0.1758353
v 0.0378538 -0.0170000 -0.0450164
vn 0.1900376 -0.6788748 0.7092354
v 0.0253882 -0.0152000 0.0101329
vn 0.7376844 0.6521485 0.1747115
v 0.0235000 -0.0127216 0.0060887
vn -0.2723420 0.6813428 -0.6794128
v 0.0011398 0.0170000 -0.0134571
vn 0.1900395 0.6788731 0.7092364
v 0.0253882 0.0068500 0.0101329
vn -0.7376813 0.6521491 -0.1747222
v 0.0035000 -0.0127216 0.0072793
vn -0.4247594 0.6813570 -0.5960974
v 0.0000984 -0.0133000 -0.0128879
vn -0.4247606 -0.6813567 -0.5960969
v 0.0000984 -0.0170000 -0.0128879
vn 0.5000193 0.0000003 0.8660144
v 0.0365000 0.0000000 -0.0012179
vn -0.6304030 0.7197618 -0.2907491
v 0.0252440 0.0170000 -0.0308929
vn -0.5944636 -0.7197595 -0.3585519
v 0.0236909 0.0133000 -0.0279630
vn 0.7197027 -0.6926781 0.0471716
v 0.0115000 -0.0152000 0.0126840
vn -0.7092407 -0.6788709 0.1900318
v -0.0018978 -0.0170000 -0.0030395
vn -1.0000000 0.0000000 -0.0000001
v 0.0035000 -0.0000000 0.0072793
vn 0.7092355 -0.6788716 0.1900482
v 0.0264489 0.0141500 0.0090722
vn -0.6907297 -0.7197611 -0.0695459
v 0.0278509 0.0133000 -0.0404519
vn 0.0471707 -0.6926784 0.7197024
v 0.0250000 0.0141500 0.0101840
vn 0.0471689 0.6926790 0.7197019
v 0.0350000 0.0170000 -0.0008160
vn -0.7187287 -0.6939730 -0.0427864
v -0.0020000 0.0133000 -0.0088160
vn -0.7187287 0.6939730 -0.0427869
v -0.0020000 0.0170000 -0.0088160
vn -0.2723416 0.6813422 -0.6794137
v 0.0011398 -0.0133000 -0.0134571
vn -0.3837467 0.7197582 -0.5785211
v 0.0145848 -0.0133000 -0.0184572
vn -0.6586452 0.7197598 -0.2193908
v 0.0264643 0.0170000 -0.0339765
vn -0.6304002 -0.7197649 -0.2907474
v 0.0252440 0.0133000 -0.0308929
vn -0.7377000 0.6751287 0.0000005
v 0.0035000 0.0082000 0.0066840
vn -0.4203121 -0.6808726 -0.5997918
v 0.0301306 0.0133000 -0.0479107
vn -0.7377024 0.4773875 0.4773849
v 0.0035000 0.0088736 0.0050577
vn 0.7333597 -0.6787105 0.0391884
v 0.0265000 -0.0152000 0.0065982
vn 0.4141313 0.6808735 -0.6040750
v 0.0358273 -0.0133000 -0.0479399
vn 0.7685456 -0.6269007 0.1278017
v 0.0265025 -0.0152139 0.0063886
vn 0.6917517 0.6907432 0.2106027
v 0.0265203 -0.0140993 0.0060778
vn -0.5013183 0.7197582 -0.4802376
v 0.0196656 0.0170000 -0.0227045
vn -0.4452495 0.7197635 -0.5326288
v 0.0172428 0.0170000 -0.0204402
vn 0.6358855 0.6788738 0.3671240
v 0.0262990 -0.0141500 0.0094340
vn -0.2085311 0.5159285 0.8308626
v 0.0149664 0.0157000 0.0068180
vn 0.2282937 0.7671890 0.5994189
v 0.0251213 0.0154929 0.0069769
vn -0.1616396 0.7477198 0.6440402
v 0.0149265 0.0154929 0.0069769
vn 0.3413929 0.4151817 0.8432527
v 0.0250315 0.0158173 0.0067601
vn 0.3091231 0.5407774 0.7823061
v 0.0250555 0.0157000 0.0068180
vn 0.2732132 0.6470748 0.7117926
v 0.0250856 0.0155912 0.0068907
vn -0.5512547 0.7197634 -0.4219704
v 0.0218238 -0.0133000 -0.0252223
vn -0.3671373 -0.6788754 0.6358761
v -0.0005000 -0.0170000 -0.0012179
vn 0.6358863 -0.6788741 0.3671221
v 0.0262990 -0.0068500 0.0094340
vn 0.8082202 0.4406305 0.3906723
v 0.0266106 0.0154026 0.0056746
vn 0.8660220 0.0000003 0.5000059
v 0.0112990 -0.0000000 0.0134340
vn 0.0471689 0.6926793 0.7197017
v 0.0250000 0.0068500 0.0101840
vn 0.3671294 0.6788755 0.6358806
v 0.0257500 0.0068500 0.0099830
vn 0.6358762 0.6788783 0.3671317
v 0.0262990 0.0068500 0.0094340
vn 0.7092350 0.6788724 0.1900475
v 0.0264489 0.0068500 0.0090722
vn -0.6586450 -0.7197601 -0.2193904
v 0.0264643 0.0133000 -0.0339765
vn -0.4247601 0.6813563 -0.5960977
v 0.0000984 0.0170000 -0.0128879
vn -0.5532907 -0.6813353 -0.4792198
v -0.0007796 0.0133000 -0.0120894
vn -0.5532904 0.6813361 -0.4792190
v -0.0007796 0.0170000 -0.0120894
vn 0.1333648 0.7298480 0.6704743
v 0.0331574 0.0170000 -0.0007584
vn -0.2640176 -0.6808707 -0.6831616
v 0.0311975 -0.0170000 -0.0484798
vn 0.9659273 0.0000000 0.2588136
v 0.0114489 -0.0000000 0.0130722
vn -0.2723400 -0.6813425 -0.6794140
v 0.0011398 0.0133000 -0.0134571
vn -0.6358788 0.6788701 0.3671425
v -0.0015981 0.0170000 -0.0023160
vn -0.7092407 0.6788716 0.1900292
v -0.0018978 0.0170000 -0.0030395
vn -0.5191864 0.6788812 0.5191973
v -0.0011213 0.0170000 -0.0016947
vn 0.5191826 0.6788817 0.5192004
v 0.0371213 0.0170000 -0.0016947
vn 0.3671384 0.6788752 0.6358756
v 0.0365000 0.0170000 -0.0012179
vn -0.5944639 0.7197592 -0.3585517
v 0.0236909 -0.0133000 -0.0279630
vn 0.0341353 0.7183217 0.6948731
v 0.0337426 0.0170000 -0.0008160
vn 0.1900443 0.6788716 0.7092366
v 0.0357765 0.0170000 -0.0009182
vn -0.0653970 0.0000002 0.9978594
v 0.0010000 -0.0000000 -0.0008160
vn -1.0000000 0.0000000 -0.0000001
v 0.0035000 -0.0000000 0.0066840
vn 0.6479622 0.6808824 -0.3413859
v 0.0374236 -0.0133000 -0.0461466
vn 0.7071098 0.0000009 0.7071037
v 0.0278957 0.0000000 0.0037883
vn -0.3671398 0.6788742 0.6358759
v -0.0005000 0.0170000 -0.0012179
vn 0.3797832 0.7298536 0.5684000
v 0.0320759 0.0170000 -0.0003104
vn 0.2615969 0.7298458 0.6315792
v 0.0325946 0.0170000 -0.0005876
vn 0.5555691 0.0000005 0.8314704
v 0.0320759 0.0000000 -0.0003104
vn 0.6358801 0.6788687 0.3671429
v 0.0375981 0.0170000 -0.0023160
vn 0.7092424 0.6788716 0.1900228
v 0.0378978 0.0170000 -0.0030395
vn -0.8660256 -0.0000002 0.4999997
v -0.0015981 -0.0000000 -0.0053179
vn -1.0000000 -0.0000003 -0.0000001
v -0.0020000 -0.0000000 -0.0734504
vn -1.0000000 -0.0000003 -0.0000001
v -0.0020000 -0.0000000 -0.0213584
vn -1.0000000 -0.0000003 -0.0000001
v -0.0020000 -0.0000000 -0.0248989
vn -1.0000000 -0.0000003 -0.0000001
v -0.0020000 -0.0000000 -0.0652181
vn -1.0000000 -0.0000003 -0.0000001
v -0.0020000 -0.0000000 -0.0826416
vn -1.0000000 -0.0000003 -0.0000001
v -0.0020000 -0.0000000 -0.0913030
vn -1.0000000 -0.0000003 -0.0000001
v -0.0020000 -0.0000000 -0.0546376
vn -1.0000000 -0.0000003 -0.0000001
v -0.0020000 -0.0000000 -0.0478889
vn -1.0000000 -0.0000003 -0.0000001
v -0.0020000 -0.0000000 -0.0178179
vn -1.0000000 -0.0000003 -0.0000001
v -0.0020000 -0.0000000 -0.0592524
vn -1.0000000 -0.0000003 -0.0000001
v -0.0020000 -0.0000000 -0.0426852
vn -0.9659261 -0.0000002 0.2588183
v -0.0018978 -0.0000000 -0.0060414
vn -1.0000000 -0.0000003 -0.0000001
v -0.0020000 -0.0000000 -0.0132012
vn -0.9978589 -0.0000002 0.0654029
v -0.0020000 -0.0000000 -0.0068179
vn -1.0000000 -0.0000003 -0.0000001
v -0.0020000 -0.0000000 -0.1046529
vn -0.9979200 -0.0000482 -0.0644640
v -0.0020000 -0.0000000 -0.1261829
vn -1.0000000 -0.0000003 -0.0000001
v -0.0020000 -0.0000000 -0.0300395
vn -1.0000000 -0.0000003 -0.0000001
v -0.0020000 -0.0000000 -0.0337605
vn -1.0000000 -0.0000003 -0.0000001
v -0.0020000 -0.0000000 -0.0374815
vn -0.5251625 -0.6790643 -0.5129094
v -0.0017154 -0.0130000 -0.1268819
vn -0.3769186 -0.6795446 -0.6294058
v -0.0015136 -0.0130000 -0.1270408
vn 0.4998069 -0.6790692 -0.5376412
v -0.0003184 -0.0130000 -0.1269149
vn 0.1711924 -0.6790253 -0.7138752
v -0.0007679 -0.0130000 -0.1271559
vn -0.0172386 -0.6793304 -0.7336301
v -0.0010236 -0.0130000 -0.1271829
vn -0.2043082 -0.6790867 -0.7050528
v -0.0012778 -0.0130000 -0.1271439
vn 0.8643595 0.0000001 -0.5028744
v 0.0033335 -0.0000000 -0.1208861
vn 0.1711925 0.6790253 -0.7138752
v -0.0007679 0.0130000 -0.1271559
vn -0.0172392 0.6793317 -0.7336288
v -0.0010236 0.0130000 -0.1271829
vn 0.4998069 0.6790692 -0.5376412
v -0.0003184 0.0130000 -0.1269149
vn -0.2043105 0.6790816 -0.7050570
v -0.0012778 0.0130000 -0.1271439
vn -0.5251651 0.6790591 -0.5129135
v -0.0017154 0.0130000 -0.1268819
vn -0.3769189 0.6795433 -0.6294070
v -0.0015136 0.0130000 -0.1270408
vn -0.7097546 0.6791064 -0.1872508
v -0.0019669 0.0130000 -0.1264379
vn -0.7096906 -0.6791722 -0.1872551
v -0.0019669 -0.0130000 -0.1264379
vn 0.5773499 0.5773506 0.5773504
v 0.0326942 0.0187945 -0.0441218
vn -0.0039662 0.9999843 -0.0039639
v 0.0321736 0.0187945 -0.0446424
vn 0.1993062 0.9649826 0.1705449
v 0.0318869 0.0187945 -0.0441218
vn 0.1385032 0.9719857 0.1898968
v 0.0326942 0.0187945 -0.0449291
vn 0.4011744 0.9160017 -0.0000055
v 0.0326942 0.0179101 -0.0438160
vn 0.3440726 0.9389431 -0.0000072
v 0.0318312 0.0187945 -0.0438160
vn 0.4163235 0.8083020 0.4163204
v 0.0326942 0.0179101 -0.0441218
vn -0.2463075 0.7652406 -0.5947601
v 0.0323571 0.0186988 -0.0453680
vn -0.0000045 0.5105551 -0.8598450
v 0.0330000 0.0185150 -0.0456517
vn -0.3290439 0.5105634 -0.7943898
v 0.0322975 0.0185150 -0.0455120
vn -0.6888028 0.2260625 -0.6888008
v 0.0316349 0.0182831 -0.0451811
vn -0.3727723 0.2260546 -0.8999667
v 0.0322612 0.0182831 -0.0455996
vn -0.0000015 0.2260644 -0.9741124
v 0.0330000 0.0182831 -0.0457465
vn 0.0000000 0.9149337 0.4036041
v 0.0330000 0.0179101 -0.0441218
vn 0.0000000 1.0000000 -0.0000061
v 0.0330000 0.0179101 -0.0438160
vn -0.5773504 0.5773503 0.5773502
v 0.0333058 0.0187945 -0.0441218
vn -0.1993080 0.9649817 0.1705482
v 0.0341131 0.0187945 -0.0441218
vn 0.0039638 0.9999843 -0.0039637
v 0.0338264 0.0187945 -0.0446424
vn -0.1385031 0.9719857 0.1898968
v 0.0333058 0.0187945 -0.0449291
vn -0.4011787 0.9159998 -0.0000054
v 0.0333058 0.0179101 -0.0438160
vn -0.4163267 0.8083011 0.4163190
v 0.0333058 0.0179101 -0.0441218
vn 0.5947801 0.7652057 -0.2463675
v 0.0345519 0.0186988 -0.0444588
vn 0.8598376 0.5105677 -0.0000009
v 0.0348357 0.0185150 -0.0438160
vn 0.7943811 0.5105757 -0.3290460
v 0.0346960 0.0185150 -0.0445185
vn 0.2568910 0.9605588 -0.1064607
v 0.0343946 0.0187911 -0.0443936
vn 0.1971254 0.9603564 -0.1971224
v 0.0340676 0.0187911 -0.0448836
vn -0.0000006 0.9605649 -0.2780563
v 0.0330000 0.0187911 -0.0453255
vn -0.0000047 0.7652604 -0.6437208
v 0.0330000 0.0186988 -0.0454958
vn -0.5947717 0.7652135 -0.2463633
v 0.0314480 0.0186988 -0.0444588
vn -0.1971275 0.9603555 -0.1971246
v 0.0319324 0.0187911 -0.0448836
vn -0.4553913 0.7650062 -0.4553947
v 0.0318122 0.0186988 -0.0450038
vn 0.6080005 0.5105706 -0.6079910
v 0.0342981 0.0185150 -0.0451141
vn 0.6888025 0.2260638 -0.6888006
v 0.0343651 0.0182831 -0.0451811
vn 0.8999612 0.2260732 -0.3727744
v 0.0347836 0.0182831 -0.0445548
vn -0.3815590 0.0766706 -0.9211593
v 0.0322233 0.0169961 -0.0456910
vn -0.6080018 0.5105623 -0.6079968
v 0.0317019 0.0185150 -0.0451141
vn 0.2463139 0.7652372 -0.5947617
v 0.0336428 0.0186988 -0.0453680
vn 0.3290392 0.5105633 -0.7943918
v 0.0337025 0.0185150 -0.0455120
vn -0.1063883 0.9605480 -0.2569611
v 0.0324223 0.0187911 -0.0452106
vn 0.5773504 0.5773503 -0.5773502
v 0.0326942 0.0187945 -0.0435102
vn 0.1993054 0.9649818 -0.1705507
v 0.0318869 0.0187945 -0.0435102
vn -0.0039635 0.9999843 0.0039635
v 0.0321736 0.0187945 -0.0429896
vn 0.1385021 0.9719861 -0.1898956
v 0.0326942 0.0187945 -0.0427029
vn 0.4163238 0.8083001 -0.4163237
v 0.0326942 0.0179101 -0.0435102
vn 0.0000001 0.9149324 -0.4036072
v 0.0330000 0.0179101 -0.0435102
vn -0.5773503 0.5773503 -0.5773503
v 0.0333058 0.0187945 -0.0435102
vn 0.0039637 0.9999843 0.0039636
v 0.0338264 0.0187945 -0.0429896
vn -0.1993074 0.9649810 -0.1705527
v 0.0341131 0.0187945 -0.0435102
vn -0.1385020 0.9719861 -0.1898956
v 0.0333058 0.0187945 -0.0427029
vn -0.3440766 0.9389416 -0.0000043
v 0.0341687 0.0187945 -0.0438160
vn -0.4163266 0.8082993 -0.4163225
v 0.0333058 0.0179101 -0.0435102
vn -0.8598437 0.5105574 0.0000024
v 0.0311643 0.0185150 -0.0438160
vn -0.7943922 0.5105532 -0.3290540
v 0.0313040 0.0185150 -0.0445185
vn -0.9970564 0.0766726 0.0000006
v 0.0309705 0.0169961 -0.0438160
vn -0.8999647 0.2260534 -0.3727778
v 0.0312164 0.0182831 -0.0445548
vn -0.9211606 0.0766745 -0.3815549
v 0.0311250 0.0169961 -0.0445926
vn 0.0000012 0.0766730 -0.9970563
v 0.0330000 0.0169961 -0.0458455
vn 0.3727738 0.2260610 -0.8999646
v 0.0337388 0.0182831 -0.0455996
vn -0.2568740 0.9605642 -0.1064525
v 0.0316054 0.0187911 -0.0443936
vn 0.7050272 0.0766690 -0.7050238
v 0.0344351 0.0169961 -0.0452511
vn 0.3815520 0.0766691 -0.9211622
v 0.0337766 0.0169961 -0.0456910
vn -0.7050254 0.0766715 -0.7050254
v 0.0315649 0.0169961 -0.0452511
vn 0.4553838 0.7650163 -0.4553854
v 0.0341878 0.0186988 -0.0450038
vn 0.6080019 0.5105637 0.6079955
v 0.0342981 0.0185150 -0.0425179
vn 0.5947808 0.7652051 0.2463677
v 0.0345519 0.0186988 -0.0431732
vn 0.4553878 0.7650109 0.4553904
v 0.0341878 0.0186988 -0.0426282
vn -0.0000007 0.9605625 0.2780643
v 0.0330000 0.0187911 -0.0423065
vn -0.2463051 0.7652382 0.5947641
v 0.0323571 0.0186988 -0.0422640
vn -0.0000006 0.7652689 0.6437108
v 0.0330000 0.0186988 -0.0421362
vn -0.2788057 0.9603475 -0.0000028
v 0.0314902 0.0187911 -0.0438160
vn -0.3815569 0.0766744 0.9211598
v 0.0322233 0.0169961 -0.0419410
vn -0.6888025 0.2260553 0.6888035
v 0.0316349 0.0182831 -0.0424509
vn -0.7050263 0.0766716 0.7050244
v 0.0315649 0.0169961 -0.0423809
vn -0.3290513 0.5105545 0.7943924
v 0.0322975 0.0185150 -0.0421200
vn -0.4553987 0.7649997 0.4553981
v 0.0318122 0.0186988 -0.0426282
vn -0.6080049 0.5105492 0.6080046
v 0.0317019 0.0185150 -0.0425179
vn 0.9741097 0.2260760 0.0000008
v 0.0349305 0.0182831 -0.0438160
vn 0.3290416 0.5105587 0.7943937
v 0.0337025 0.0185150 -0.0421200
vn 0.2463138 0.7652315 0.5947691
v 0.0336428 0.0186988 -0.0422640
vn -0.1971294 0.9603541 0.1971294
v 0.0319324 0.0187911 -0.0427484
vn 0.0000005 0.5105597 0.8598423
v 0.0330000 0.0185150 -0.0419803
vn -0.3727774 0.2260541 0.8999647
v 0.0322612 0.0182831 -0.0420324
vn -0.0000016 0.2260519 0.9741153
v 0.0330000 0.0182831 -0.0418855
vn 0.1063890 0.9605477 -0.2569620
v 0.0335776 0.0187911 -0.0452106
vn 0.9970569 0.0766652 0.0000008
v 0.0350295 0.0169961 -0.0438160
vn 0.9211600 0.0766656 -0.3815582
v 0.0348750 0.0169961 -0.0445926
vn -0.2568769 0.9605635 0.1064521
v 0.0316054 0.0187911 -0.0432383
vn -0.1063822 0.9605514 0.2569512
v 0.0324223 0.0187911 -0.0424214
vn -0.7943923 0.5105565 0.3290485
v 0.0313040 0.0185150 -0.0431135
vn -0.0000021 0.0766710 0.9970565
v 0.0330000 0.0169961 -0.0417865
vn 0.2788092 0.9603465 -0.0000010
v 0.0345098 0.0187911 -0.0438160
vn -0.8999630 0.2260573 0.3727797
v 0.0312164 0.0182831 -0.0430772
vn -0.9211596 0.0766745 0.3815575
v 0.0311250 0.0169961 -0.0430393
vn -0.9741155 0.2260510 0.0000013
v 0.0310695 0.0182831 -0.0438160
vn 0.3727773 0.2260617 0.8999629
v 0.0337388 0.0182831 -0.0420324
vn -0.6440125 0.7650149 0.0000010
v 0.0313202 0.0186988 -0.0438160
vn 0.1971300 0.9603543 0.1971279
v 0.0340676 0.0187911 -0.0427484
vn 0.1063840 0.9605510 0.2569519
v 0.0335776 0.0187911 -0.0424214
vn 0.0000000 0.9166545 0.3996807
v 0.0330000 0.0187945 -0.0449291
vn 0.2568941 0.9605579 0.1064614
v 0.0343946 0.0187911 -0.0432383
vn 0.3815538 0.0766707 0.9211614
v 0.0337766 0.0169961 -0.0419410
vn 0.6888039 0.2260563 0.6888017
v 0.0343651 0.0182831 -0.0424509
vn 0.7943794 0.5105780 0.3290462
v 0.0346960 0.0185150 -0.0431135
vn -0.5947779 0.7652098 0.2463601
v 0.0314480 0.0186988 -0.0431732
vn 0.7050270 0.0766705 0.7050238
v 0.0344351 0.0169961 -0.0423809
vn 0.8999582 0.2260779 0.3727788
v 0.0347836 0.0182831 -0.0430772
vn 0.6440295 0.7650007 -0.0000020
v 0.0346798 0.0186988 -0.0438160
vn 0.9211587 0.0766657 0.3815614
v 0.0348750 0.0169961 -0.0430393
vn 0.0000001 0.9166555 -0.3996781
v 0.0330000 0.0187945 -0.0427029
vn 0.5773496 0.5773516 0.5773497
v 0.0326942 0.0187986 -0.0091218
vn -0.0039670 0.9999843 -0.0039681
v 0.0321736 0.0187986 -0.0096424
vn 0.1993062 0.9649816 0.1705513
v 0.0318869 0.0187986 -0.0091218
vn 0.1385020 0.9719866 0.1898928
v 0.0326942 0.0187986 -0.0099291
vn 0.4011770 0.9160006 0.0000000
v 0.0326942 0.0179142 -0.0088160
vn 0.3440761 0.9389418 0.0000000
v 0.0318312 0.0187986 -0.0088160
vn 0.4163257 0.8082992 0.4163236
v 0.0326942 0.0179142 -0.0091218
vn -0.3290452 0.5105698 -0.7943853
v 0.0322975 0.0185191 -0.0105120
vn 0.0000001 0.7652712 -0.6437080
v 0.0330000 0.0187029 -0.0104958
vn 0.0000001 0.5105498 -0.8598481
v 0.0330000 0.0185191 -0.0106517
vn -0.6888028 0.2260593 -0.6888018
v 0.0316349 0.0182871 -0.0101811
vn -0.3727781 0.2260654 -0.8999617
v 0.0322612 0.0182871 -0.0105996
vn 0.0000001 0.2260478 -0.9741162
v 0.0330000 0.0182871 -0.0107465
vn -0.0000000 0.9149319 0.4036083
v 0.0330000 0.0179142 -0.0091218
vn 0.0000000 1.0000000 0.0000000
v 0.0330000 0.0179142 -0.0088160
vn -0.5773501 0.5773513 0.5773495
v 0.0333058 0.0187986 -0.0091218
vn -0.1993057 0.9649821 0.1705489
v 0.0341131 0.0187986 -0.0091218
vn 0.0039654 0.9999843 -0.0039676
v 0.0338264 0.0187986 -0.0096424
vn -0.1385020 0.9719866 0.1898928
v 0.0333058 0.0187986 -0.0099291
vn -0.4011774 0.9160004 -0.0000000
v 0.0333058 0.0179142 -0.0088160
vn -0.4163260 0.8082992 0.4163234
v 0.0333058 0.0179142 -0.0091218
vn 0.7943943 0.5105509 -0.3290525
v 0.0346960 0.0185191 -0.0095185
vn 0.6440268 0.7650030 0.0000011
v 0.0346798 0.0187029 -0.0088160
vn 0.8598536 0.5105408 0.0000005
v 0.0348357 0.0185191 -0.0088160
vn 0.2568673 0.9605659 -0.1064540
v 0.0343945 0.0187951 -0.0093936
vn 0.1971264 0.9603548 -0.1971291
v 0.0340676 0.0187951 -0.0098836
vn -0.2463084 0.7652377 -0.5947633
v 0.0323571 0.0187029 -0.0103679
vn 0.0000001 0.9605654 -0.2780542
v 0.0330000 0.0187951 -0.0103254
vn -0.5947713 0.7652113 -0.2463714
v 0.0314480 0.0187029 -0.0094588
vn -0.1971261 0.9603550 -0.1971280
v 0.0319324 0.0187951 -0.0098836
vn -0.4553909 0.7650075 -0.4553929
v 0.0318122 0.0187029 -0.0100038
vn 0.6080016 0.5105587 -0.6079999
v 0.0342980 0.0185191 -0.0101140
vn 0.5947697 0.7652128 -0.2463705
v 0.0345519 0.0187029 -0.0094588
vn 0.8999653 0.2260513 -0.3727779
v 0.0347835 0.0182871 -0.0095548
vn 0.6888028 0.2260591 -0.6888019
v 0.0343651 0.0182871 -0.0101811
vn -0.3815548 0.0766616 -0.9211618
v 0.0322233 0.0170000 -0.0106910
vn 0.3290453 0.5105696 -0.7943852
v 0.0337025 0.0185191 -0.0105120
vn 0.4553924 0.7650050 -0.4553957
v 0.0341878 0.0187029 -0.0100038
vn -0.1063857 0.9605489 -0.2569590
v 0.0324223 0.0187951 -0.0102106
vn 0.5773500 0.5773506 -0.5773503
v 0.0326942 0.0187986 -0.0085102
vn 0.1993057 0.9649814 -0.1705524
v 0.0318869 0.0187986 -0.0085102
vn -0.0039661 0.9999843 0.0039639
v 0.0321736 0.0187986 -0.0079896
vn 0.1385018 0.9719862 -0.1898953
v 0.0326942 0.0187986 -0.0077029
vn 0.4163262 0.8082996 -0.4163224
v 0.0326942 0.0179142 -0.0085102
vn 0.0000001 0.9149326 -0.4036067
v 0.0330000 0.0179142 -0.0085102
vn -0.5773503 0.5773503 -0.5773503
v 0.0333058 0.0187986 -0.0085102
vn 0.0039636 0.9999843 0.0039636
v 0.0338264 0.0187986 -0.0079896
vn -0.1993067 0.9649814 -0.1705514
v 0.0341131 0.0187986 -0.0085102
vn -0.1385017 0.9719861 -0.1898954
v 0.0333058 0.0187986 -0.0077029
vn -0.3440765 0.9389417 -0.0000000
v 0.0341687 0.0187986 -0.0088160
vn -0.4163264 0.8082995 -0.4163223
v 0.0333058 0.0179142 -0.0085102
vn -0.7943946 0.5105506 -0.3290524
v 0.0313040 0.0185191 -0.0095185
vn -0.6440256 0.7650040 0.0000004
v 0.0313201 0.0187029 -0.0088160
vn -0.9970572 0.0766616 -0.0000013
v 0.0309705 0.0170000 -0.0088160
vn -0.8999653 0.2260513 -0.3727778
v 0.0312164 0.0182871 -0.0095548
vn -0.9211641 0.0766636 -0.3815488
v 0.0311250 0.0170000 -0.0095926
vn 0.0000001 0.0766634 -0.9970570
v 0.0330000 0.0170000 -0.0108455
vn 0.3727783 0.2260654 -0.8999616
v 0.0337388 0.0182871 -0.0105996
vn -0.2568707 0.9605649 -0.1064547
v 0.0316054 0.0187951 -0.0093936
vn 0.2463083 0.7652376 -0.5947636
v 0.0336428 0.0187029 -0.0103679
vn 0.3815549 0.0766616 -0.9211617
v 0.0337766 0.0170000 -0.0106910
vn 0.7050263 0.0766656 -0.7050251
v 0.0344351 0.0170000 -0.0102511
vn -0.7050264 0.0766657 -0.7050250
v 0.0315649 0.0170000 -0.0102511
vn -0.9741169 0.2260450 -0.0000012
v 0.0310695 0.0182871 -0.0088160
vn 0.7943928 0.5105553 0.3290492
v 0.0346960 0.0185191 -0.0081135
vn 0.4553917 0.7650072 0.4553926
v 0.0341878 0.0187029 -0.0076282
vn 0.6080046 0.5105516 0.6080030
v 0.0342980 0.0185191 -0.0075179
vn 0.0000000 0.9605637 0.2780601
v 0.0330000 0.0187952 -0.0073065
vn -0.2463058 0.7652397 0.5947619
v 0.0323571 0.0187029 -0.0072640
vn -0.0000000 0.7652649 0.6437156
v 0.0330000 0.0187029 -0.0071362
vn -0.2788013 0.9603488 -0.0000014
v 0.0314902 0.0187951 -0.0088160
vn -0.3815566 0.0766596 0.9211612
v 0.0322233 0.0170000 -0.0069410
vn -0.6888042 0.2260516 0.6888029
v 0.0316349 0.0182871 -0.0074509
vn -0.7050247 0.0766655 0.7050267
v 0.0315649 0.0170000 -0.0073809
vn -0.3290450 0.5105609 0.7943910
v 0.0322975 0.0185191 -0.0071200
vn -0.4553913 0.7650080 0.4553916
v 0.0318122 0.0187029 -0.0076282
vn -0.6080056 0.5105504 0.6080028
v 0.0317019 0.0185191 -0.0075179
vn 0.9741169 0.2260449 -0.0000011
v 0.0349305 0.0182871 -0.0088160
vn 0.3290446 0.5105609 0.7943911
v 0.0337025 0.0185191 -0.0071200
vn 0.2463055 0.7652394 0.5947624
v 0.0336428 0.0187029 -0.0072640
vn -0.1971216 0.9603579 0.1971188
v 0.0319324 0.0187951 -0.0077484
vn -0.0000001 0.2260554 0.9741145
v 0.0330000 0.0182871 -0.0068855
vn -0.3727829 0.2260538 0.8999625
v 0.0322612 0.0182871 -0.0070324
vn 0.1063846 0.9605490 -0.2569592
v 0.0335776 0.0187951 -0.0102106
vn 0.9970572 0.0766615 -0.0000011
v 0.0350295 0.0170000 -0.0088160
vn 0.9211641 0.0766635 -0.3815487
v 0.0348750 0.0170000 -0.0095926
vn -0.0000001 0.5105617 0.8598412
v 0.0330000 0.0185191 -0.0069803
vn -0.2568667 0.9605662 0.1064523
v 0.0316054 0.0187951 -0.0082383
vn -0.6080019 0.5105588 -0.6079996
v 0.0317019 0.0185191 -0.0101140
vn -0.1063835 0.9605524 0.2569470
v 0.0324223 0.0187952 -0.0074214
vn -0.7943939 0.5105534 0.3290496
v 0.0313040 0.0185191 -0.0081135
vn -0.0000001 0.0766576 0.9970575
v 0.0330000 0.0170000 -0.0067865
vn 0.2788053 0.9603477 -0.0000012
v 0.0345098 0.0187952 -0.0088160
vn -0.8999649 0.2260533 0.3727777
v 0.0312164 0.0182871 -0.0080772
vn -0.9211636 0.0766635 0.3815501
v 0.0311250 0.0170000 -0.0080393
vn 0.3727825 0.2260537 0.8999628
v 0.0337388 0.0182871 -0.0070324
vn -0.5947725 0.7652128 0.2463636
v 0.0314480 0.0187029 -0.0081731
vn -0.8598547 0.5105389 0.0000004
v 0.0311642 0.0185191 -0.0088160
vn 0.1971223 0.9603574 0.1971206
v 0.0340676 0.0187952 -0.0077484
vn 0.1063823 0.9605525 0.2569471
v 0.0335776 0.0187952 -0.0074214
vn -0.0000000 0.9166561 0.3996770
v 0.0330000 0.0187986 -0.0099291
vn 0.5947734 0.7652121 0.2463640
v 0.0345519 0.0187029 -0.0081731
vn 0.2568702 0.9605651 0.1064542
v 0.0343945 0.0187952 -0.0082383
vn 0.3815563 0.0766596 0.9211613
v 0.0337766 0.0170000 -0.0069410
vn 0.8999647 0.2260532 0.3727780
v 0.0347835 0.0182871 -0.0080772
vn 0.6888042 0.2260502 0.6888034
v 0.0343651 0.0182871 -0.0074509
vn 0.7050243 0.0766655 0.7050270
v 0.0344351 0.0170000 -0.0073809
vn 0.9211635 0.0766634 0.3815503
v 0.0348750 0.0170000 -0.0080393
vn 0.0000001 0.9166558 -0.3996776
v 0.0330000 0.0187986 -0.0077029
vn 0.5773498 0.5773523 0.5773489
v 0.0026942 0.0187985 -0.0091218
vn -0.0039615 0.9999843 -0.0039650
v 0.0021736 0.0187985 -0.0096424
vn 0.1993064 0.9649822 0.1705476
v 0.0018869 0.0187985 -0.0091218
vn 0.1385038 0.9719853 0.1898985
v 0.0026942 0.0187985 -0.0099291
vn 0.4011742 0.9160018 0.0000000
v 0.0026942 0.0179142 -0.0088160
vn 0.3440736 0.9389427 0.0000000
v 0.0018312 0.0187985 -0.0088160
vn 0.4163236 0.8082997 0.4163247
v 0.0026942 0.0179142 -0.0091218
vn -0.3290468 0.5105665 -0.7943866
v 0.0022975 0.0185191 -0.0105120
vn -0.0000016 0.7652662 -0.6437139
v 0.0030000 0.0187028 -0.0104958
vn 0.0000001 0.5105504 -0.8598478
v 0.0030000 0.0185191 -0.0106517
vn -0.6888030 0.2260585 -0.6888019
v 0.0016349 0.0182871 -0.0101811
vn -0.3727756 0.2260650 -0.8999628
v 0.0022612 0.0182871 -0.0105996
vn 0.0000005 0.2260511 -0.9741154
v 0.0030000 0.0182871 -0.0107465
vn 0.0000000 0.9149317 0.4036088
v 0.0030000 0.0179142 -0.0091218
vn 0.0000000 1.0000000 0.0000000
v 0.0030000 0.0179142 -0.0088160
vn -0.5773498 0.5773522 0.5773487
v 0.0033058 0.0187985 -0.0091218
vn -0.1993084 0.9649814 0.1705497
v 0.0041131 0.0187985 -0.0091218
vn 0.0039616 0.9999843 -0.0039651
v 0.0038264 0.0187985 -0.0096424
vn -0.1385037 0.9719853 0.1898984
v 0.0033058 0.0187985 -0.0099291
vn -0.4011784 0.9159999 -0.0000000
v 0.0033058 0.0179142 -0.0088160
vn -0.4163266 0.8082988 0.4163235
v 0.0033058 0.0179142 -0.0091218
vn 0.7943885 0.5105666 -0.3290422
v 0.0046960 0.0185191 -0.0095185
vn 0.6440282 0.7650018 0.0000055
v 0.0046798 0.0187028 -0.0088160
vn 0.8598512 0.5105448 0.0000031
v 0.0048357 0.0185191 -0.0088160
vn 0.2568894 0.9605592 -0.1064602
v 0.0043945 0.0187951 -0.0093936
vn 0.1971265 0.9603550 -0.1971277
v 0.0040676 0.0187951 -0.0098836
vn -0.2463104 0.7652338 -0.5947677
v 0.0023571 0.0187028 -0.0103679
vn -0.0000023 0.9605657 -0.2780531
v 0.0030000 0.0187951 -0.0103254
vn -0.5947773 0.7652082 -0.2463664
v 0.0014480 0.0187028 -0.0094588
vn -0.1971205 0.9603568 -0.1971251
v 0.0019324 0.0187951 -0.0098836
vn -0.4553931 0.7650045 -0.4553957
v 0.0018122 0.0187028 -0.0100038
vn 0.6079946 0.5105734 -0.6079946
v 0.0042980 0.0185191 -0.0101140
vn 0.5947657 0.7652162 -0.2463696
v 0.0045519 0.0187028 -0.0094588
vn 0.8999674 0.2260514 -0.3727728
v 0.0047836 0.0182871 -0.0095548
vn 0.6888026 0.2260572 -0.6888028
v 0.0043651 0.0182871 -0.0101811
vn -0.3815594 0.0766584 -0.9211601
v 0.0022233 0.0170000 -0.0106910
vn 0.3290397 0.5105672 -0.7943891
v 0.0037025 0.0185191 -0.0105120
vn 0.4553853 0.7650109 -0.4553929
v 0.0041878 0.0187028 -0.0100038
vn -0.1063856 0.9605488 -0.2569593
v 0.0024223 0.0187951 -0.0102106
vn 0.5773504 0.5773503 -0.5773502
v 0.0026942 0.0187985 -0.0085102
vn 0.1993054 0.9649819 -0.1705499
v 0.0018869 0.0187985 -0.0085102
vn -0.0039636 0.9999843 0.0039636
v 0.0021736 0.0187985 -0.0079896
vn 0.1385023 0.9719860 -0.1898958
v 0.0026942 0.0187985 -0.0077029
vn 0.4163240 0.8083000 -0.4163239
v 0.0026942 0.0179142 -0.0085102
vn 0.0000001 0.9149322 -0.4036076
v 0.0030000 0.0179142 -0.0085102
vn -0.5773503 0.5773503 -0.5773503
v 0.0033058 0.0187985 -0.0085102
vn 0.0039637 0.9999843 0.0039637
v 0.0038264 0.0187985 -0.0079896
vn -0.1993073 0.9649812 -0.1705520
v 0.0041131 0.0187985 -0.0085102
vn -0.1385021 0.9719860 -0.1898957
v 0.0033058 0.0187985 -0.0077029
vn -0.3440774 0.9389413 -0.0000000
v 0.0041687 0.0187985 -0.0088160
vn -0.4163268 0.8082991 -0.4163227
v 0.0033058 0.0179142 -0.0085102
vn -0.7943940 0.5105537 -0.3290490
v 0.0013040 0.0185191 -0.0095185
vn -0.6440174 0.7650109 -0.0000026
v 0.0013202 0.0187028 -0.0088160
vn -0.9970572 0.0766615 -0.0000015
v 0.0009705 0.0170000 -0.0088160
vn -0.8999645 0.2260525 -0.3727791
v 0.0012164 0.0182871 -0.0095548
vn -0.9211610 0.0766634 -0.3815564
v 0.0011250 0.0170000 -0.0095926
vn 0.0000016 0.0766615 -0.9970572
v 0.0030000 0.0170000 -0.0108455
vn 0.3727712 0.2260674 -0.8999640
v 0.0037388 0.0182871 -0.0105996
vn -0.2568708 0.9605649 -0.1064542
v 0.0016054 0.0187951 -0.0093936
vn 0.2463195 0.7652293 -0.5947695
v 0.0036428 0.0187028 -0.0103679
vn 0.7050279 0.0766578 -0.7050244
v 0.0044351 0.0170000 -0.0102511
vn 0.3815524 0.0766580 -0.9211631
v 0.0037766 0.0170000 -0.0106910
vn -0.7050258 0.0766605 -0.7050261
v 0.0015649 0.0170000 -0.0102511
vn -0.9741166 0.2260463 -0.0000011
v 0.0010695 0.0182871 -0.0088160
vn 0.6079966 0.5105663 0.6079987
v 0.0042980 0.0185191 -0.0075179
vn 0.5947705 0.7652152 0.2463614
v 0.0045519 0.0187028 -0.0081732
vn 0.4553840 0.7650145 0.4553881
v 0.0041878 0.0187028 -0.0076282
vn 0.1063803 0.9605514 -0.2569519
v 0.0035776 0.0187951 -0.0102106
vn 0.0000008 0.9605623 0.2780650
v 0.0030000 0.0187951 -0.0073065
vn -0.2463070 0.7652373 0.5947645
v 0.0023571 0.0187028 -0.0072640
vn 0.0000004 0.7652626 0.6437183
v 0.0030000 0.0187028 -0.0071362
vn -0.2788161 0.9603445 -0.0000001
v 0.0014902 0.0187951 -0.0088160
vn -0.3815596 0.0766585 0.9211600
v 0.0022233 0.0170000 -0.0069410
vn -0.6888040 0.2260490 0.6888040
v 0.0016349 0.0182871 -0.0074509
vn -0.7050241 0.0766605 0.7050279
v 0.0015649 0.0170000 -0.0073809
vn -0.3290474 0.5105577 0.7943920
v 0.0022975 0.0185191 -0.0071200
vn -0.4553911 0.7650085 0.4553910
v 0.0018122 0.0187028 -0.0076282
vn -0.6080037 0.5105520 0.6080034
v 0.0017019 0.0185191 -0.0075179
vn 0.9741153 0.2260520 -0.0000010
v 0.0049305 0.0182871 -0.0088160
vn 0.3290406 0.5105582 0.7943946
v 0.0037025 0.0185191 -0.0071200
vn 0.2463136 0.7652339 0.5947661
v 0.0036428 0.0187028 -0.0072640
vn -0.1971198 0.9603581 0.1971198
v 0.0019324 0.0187951 -0.0077484
vn -0.0000006 0.2260565 0.9741142
v 0.0030000 0.0182871 -0.0068855
vn -0.3727804 0.2260519 0.8999640
v 0.0022612 0.0182871 -0.0070324
vn 0.9970574 0.0766580 -0.0000013
v 0.0050295 0.0170000 -0.0088160
vn 0.9211604 0.0766545 -0.3815596
v 0.0048750 0.0170000 -0.0095926
vn 0.0000001 0.5105630 0.8598403
v 0.0030000 0.0185191 -0.0069803
vn -0.2568758 0.9605633 0.1064562
v 0.0016054 0.0187951 -0.0082383
vn -0.6080013 0.5105593 -0.6079997
v 0.0017019 0.0185191 -0.0101140
vn -0.1063851 0.9605510 0.2569513
v 0.0024223 0.0187951 -0.0074214
vn -0.7943921 0.5105567 0.3290488
v 0.0013040 0.0185191 -0.0081135
vn -0.0000002 0.0766577 0.9970575
v 0.0030000 0.0170000 -0.0067865
vn 0.2788096 0.9603464 -0.0000000
v 0.0045098 0.0187951 -0.0088160
vn -0.8999643 0.2260530 0.3727791
v 0.0012164 0.0182871 -0.0080772
vn -0.9211606 0.0766635 0.3815572
v 0.0011250 0.0170000 -0.0080393
vn 0.3727768 0.2260556 0.8999646
v 0.0037388 0.0182871 -0.0070324
vn -0.5947753 0.7652109 0.2463630
v 0.0014480 0.0187028 -0.0081732
vn -0.8598430 0.5105587 -0.0000024
v 0.0011642 0.0185191 -0.0088160
vn 0.1971257 0.9603563 0.1971225
v 0.0040676 0.0187951 -0.0077484
vn 0.1063775 0.9605531 0.2569467
v 0.0035776 0.0187951 -0.0074214
vn 0.0000000 0.9166539 0.3996819
v 0.0030000 0.0187985 -0.0099291
vn 0.2568945 0.9605577 0.1064623
v 0.0043945 0.0187951 -0.0082383
vn 0.3815536 0.0766562 0.9211627
v 0.0037766 0.0170000 -0.0069410
vn 0.8999670 0.2260519 0.3727733
v 0.0047836 0.0182871 -0.0080772
vn 0.6888029 0.2260482 0.6888054
v 0.0043651 0.0182871 -0.0074509
vn 0.7050259 0.0766579 0.7050263
v 0.0044351 0.0170000 -0.0073809
vn 0.7943861 0.5105739 0.3290367
v 0.0046960 0.0185191 -0.0081135
vn 0.9211598 0.0766547 0.3815609
v 0.0048750 0.0170000 -0.0080393
vn 0.0000001 0.9166554 -0.3996786
v 0.0030000 0.0187985 -0.0077029
vn 0.5773503 -0.5773503 0.5773503
v 0.0326942 -0.0187945 -0.0441218
vn 0.1993000 -0.9649831 0.1705496
v 0.0318869 -0.0187945 -0.0441218
vn -0.0039679 -0.9999843 -0.0039679
v 0.0321736 -0.0187945 -0.0446424
vn 0.1385006 -0.9719874 0.1898899
v 0.0326942 -0.0187945 -0.0449291
vn 0.4011737 -0.9160020 0.0000053
v 0.0326942 -0.0179102 -0.0438160
vn 0.4163233 -0.8082978 0.4163289
v 0.0326942 -0.0179102 -0.0441218
vn -0.0000012 -0.5105602 -0.8598421
v 0.0330000 -0.0185150 -0.0456517
vn -0.2463024 -0.7652445 -0.5947571
v 0.0323571 -0.0186988 -0.0453679
vn -0.3290493 -0.5105506 -0.7943957
v 0.0322975 -0.0185150 -0.0455120
vn -0.6888026 -0.2260559 -0.6888031
v 0.0316349 -0.0182831 -0.0451811
vn -0.3727753 -0.2260564 -0.8999650
v 0.0322612 -0.0182831 -0.0455996
vn -0.0000030 -0.2260634 -0.9741126
v 0.0330000 -0.0182831 -0.0457465
vn -0.0000001 -0.9149299 0.4036127
v 0.0330000 -0.0179102 -0.0441218
vn -0.0000000 -1.0000000 0.0000061
v 0.0330000 -0.0179102 -0.0438160
vn -0.5773504 -0.5773503 0.5773502
v 0.0333058 -0.0187945 -0.0441218
vn 0.0039679 -0.9999843 -0.0039679
v 0.0338264 -0.0187945 -0.0446424
vn -0.1993022 -0.9649823 0.1705516
v 0.0341131 -0.0187945 -0.0441218
vn -0.1385007 -0.9719874 0.1898898
v 0.0333058 -0.0187945 -0.0449291
vn -0.4011779 -0.9160002 0.0000052
v 0.0333058 -0.0179102 -0.0438160
vn -0.3440721 -0.9389433 0.0000013
v 0.0341687 -0.0187945 -0.0438160
vn -0.4163263 -0.8082969 0.4163276
v 0.0333058 -0.0179102 -0.0441218
vn 0.7943824 -0.5105727 -0.3290474
v 0.0346960 -0.0185150 -0.0445185
vn 0.6440235 -0.7650057 0.0000023
v 0.0346798 -0.0186988 -0.0438160
vn 0.5947701 -0.7652147 -0.2463636
v 0.0345519 -0.0186988 -0.0444588
vn 0.2568815 -0.9605618 -0.1064562
v 0.0343946 -0.0187911 -0.0443936
vn 0.1971205 -0.9603582 -0.1971185
v 0.0340676 -0.0187911 -0.0448836
vn -0.0000007 -0.9605665 -0.2780507
v 0.0330000 -0.0187911 -0.0453254
vn -0.0000004 -0.7652701 -0.6437093
v 0.0330000 -0.0186988 -0.0454958
vn -0.1971200 -0.9603580 -0.1971200
v 0.0319324 -0.0187911 -0.0448836
vn -0.5947654 -0.7652212 -0.2463549
v 0.0314480 -0.0186988 -0.0444588
vn -0.4553898 -0.7650093 -0.4553910
v 0.0318122 -0.0186988 -0.0450038
vn 0.6080022 -0.5105620 -0.6079965
v 0.0342981 -0.0185150 -0.0451140
vn 0.4553809 -0.7650188 -0.4553840
v 0.0341878 -0.0186988 -0.0450038
vn 0.6888048 -0.2260559 -0.6888010
v 0.0343651 -0.0182831 -0.0451811
vn -0.3815566 -0.0766742 -0.9211599
v 0.0322233 -0.0169961 -0.0456910
vn -0.7050254 -0.0766701 -0.7050255
v 0.0315649 -0.0169961 -0.0452510
vn -0.6080039 -0.5105490 -0.6080058
v 0.0317019 -0.0185150 -0.0451140
vn 0.3290412 -0.5105562 -0.7943956
v 0.0337025 -0.0185150 -0.0455120
vn 0.2463110 -0.7652377 -0.5947622
v 0.0336428 -0.0186988 -0.0453679
vn 0.5773504 -0.5773503 -0.5773502
v 0.0326942 -0.0187945 -0.0435102
vn -0.0039680 -0.9999843 0.0039679
v 0.0321736 -0.0187945 -0.0429896
vn 0.1992995 -0.9649836 -0.1705476
v 0.0318869 -0.0187945 -0.0435102
vn 0.1385019 -0.9719869 -0.1898913
v 0.0326942 -0.0187945 -0.0427029
vn 0.3440681 -0.9389447 0.0000014
v 0.0318312 -0.0187945 -0.0438160
vn 0.4163235 -0.8082994 -0.4163255
v 0.0326942 -0.0179102 -0.0435102
vn -0.0000000 -0.9149311 -0.4036103
v 0.0330000 -0.0179102 -0.0435102
vn -0.5773503 -0.5773503 -0.5773503
v 0.0333058 -0.0187945 -0.0435102
vn -0.1993016 -0.9649827 -0.1705497
v 0.0341131 -0.0187945 -0.0435102
vn 0.0039680 -0.9999843 0.0039680
v 0.0338264 -0.0187945 -0.0429896
vn -0.1385020 -0.9719869 -0.1898913
v 0.0333058 -0.0187945 -0.0427029
vn -0.4163264 -0.8082985 -0.4163243
v 0.0333058 -0.0179102 -0.0435102
vn -0.7943938 -0.5105529 -0.3290505
v 0.0313040 -0.0185150 -0.0445185
vn -0.6440047 -0.7650216 -0.0000021
v 0.0313202 -0.0186988 -0.0438160
vn -0.8598478 -0.5105505 -0.0000011
v 0.0311643 -0.0185150 -0.0438160
vn -0.9211593 -0.0766720 -0.3815586
v 0.0311250 -0.0169961 -0.0445926
vn -0.9741161 -0.2260484 0.0000002
v 0.0310695 -0.0182831 -0.0438160
vn -0.9970565 -0.0766708 0.0000007
v 0.0309705 -0.0169961 -0.0438160
vn -0.0000019 -0.0766708 -0.9970565
v 0.0330000 -0.0169961 -0.0458455
vn 0.3727772 -0.2260629 -0.8999627
v 0.0337388 -0.0182831 -0.0455996
vn -0.2568645 -0.9605674 -0.1064470
v 0.0316054 -0.0187911 -0.0443936
vn 0.7050272 -0.0766705 -0.7050237
v 0.0344351 -0.0169961 -0.0452510
vn 0.3815540 -0.0766706 -0.9211614
v 0.0337766 -0.0169961 -0.0456910
vn 0.1063788 -0.9605549 -0.2569393
v 0.0335776 -0.0187911 -0.0452105
vn -0.8999648 -0.2260541 -0.3727772
v 0.0312164 -0.0182831 -0.0445548
vn 0.4553846 -0.7650219 0.4553750
v 0.0341878 -0.0186988 -0.0426282
vn 0.7943847 -0.5105693 0.3290473
v 0.0346960 -0.0185150 -0.0431135
vn 0.6080059 -0.5105601 0.6079945
v 0.0342981 -0.0185150 -0.0425179
vn -0.2463039 -0.7652436 0.5947576
v 0.0323571 -0.0186988 -0.0422640
vn -0.0000008 -0.9605665 0.2780506
v 0.0330000 -0.0187911 -0.0423065
vn -0.0000024 -0.7652628 0.6437181
v 0.0330000 -0.0186988 -0.0421362
vn -0.2787932 -0.9603512 -0.0000007
v 0.0314902 -0.0187911 -0.0438160
vn -0.3815590 -0.0766709 0.9211592
v 0.0322233 -0.0169961 -0.0419410
vn -0.6888040 -0.2260514 0.6888033
v 0.0316349 -0.0182831 -0.0424509
vn -0.3727731 -0.2260507 0.8999674
v 0.0322612 -0.0182831 -0.0420324
vn -0.6080045 -0.5105489 0.6080053
v 0.0317019 -0.0185150 -0.0425179
vn -0.3290477 -0.5105463 0.7943993
v 0.0322975 -0.0185150 -0.0421200
vn 0.8999615 -0.2260726 -0.3727741
v 0.0347836 -0.0182831 -0.0445548
vn 0.8598429 -0.5105588 0.0000019
v 0.0348357 -0.0185150 -0.0438160
vn 0.2463087 -0.7652395 0.5947610
v 0.0336428 -0.0186988 -0.0422640
vn 0.3290389 -0.5105482 0.7944016
v 0.0337025 -0.0185150 -0.0421200
vn -0.1971198 -0.9603583 0.1971187
v 0.0319324 -0.0187911 -0.0427484
vn -0.1063789 -0.9605551 0.2569387
v 0.0324223 -0.0187911 -0.0424214
vn -0.0000027 -0.5105472 0.8598498
v 0.0330000 -0.0185150 -0.0419803
vn -0.0000015 -0.2260595 0.9741135
v 0.0330000 -0.0182831 -0.0418855
vn 0.9211591 -0.0766682 -0.3815598
v 0.0348750 -0.0169961 -0.0445926
vn 0.9741105 -0.2260723 -0.0000014
v 0.0349305 -0.0182831 -0.0438160
vn -0.2568620 -0.9605684 0.1064439
v 0.0316054 -0.0187911 -0.0432383
vn -0.7943971 -0.5105465 0.3290525
v 0.0313040 -0.0185150 -0.0431135
vn -0.4553901 -0.7650113 0.4553872
v 0.0318122 -0.0186988 -0.0426282
vn -0.0000001 -0.9166574 0.3996738
v 0.0330000 -0.0187945 -0.0449291
vn 0.0000010 -0.0766733 0.9970563
v 0.0330000 -0.0169961 -0.0417865
vn 0.2787962 -0.9603503 -0.0000006
v 0.0345098 -0.0187911 -0.0438160
vn -0.0000000 -0.9166561 -0.3996769
v 0.0330000 -0.0187945 -0.0427029
vn -0.7050253 -0.0766719 0.7050254
v 0.0315649 -0.0169961 -0.0423809
vn -0.8999665 -0.2260488 0.3727765
v 0.0312164 -0.0182831 -0.0430772
vn 0.3727728 -0.2260563 0.8999661
v 0.0337388 -0.0182831 -0.0420324
vn 0.6888055 -0.2260530 0.6888012
v 0.0343651 -0.0182831 -0.0424509
vn -0.5947661 -0.7652197 0.2463579
v 0.0314480 -0.0186988 -0.0431731
vn -0.9211608 -0.0766748 0.3815545
v 0.0311250 -0.0169961 -0.0430393
vn 0.1971202 -0.9603585 0.1971173
v 0.0340676 -0.0187911 -0.0427484
vn -0.1063771 -0.9605553 -0.2569387
v 0.0324223 -0.0187911 -0.0452105
vn 0.5947743 -0.7652108 0.2463655
v 0.0345519 -0.0186988 -0.0431731
vn 0.1063806 -0.9605547 0.2569394
v 0.0335776 -0.0187911 -0.0424214
vn 0.3815517 -0.0766694 0.9211624
v 0.0337766 -0.0169961 -0.0419410
vn 0.8999621 -0.2260697 0.3727745
v 0.0347836 -0.0182831 -0.0430772
vn 0.2568790 -0.9605628 0.1064533
v 0.0343946 -0.0187911 -0.0432383
vn 0.7050271 -0.0766694 0.7050239
v 0.0344351 -0.0169961 -0.0423809
vn 0.9211600 -0.0766660 0.3815582
v 0.0348750 -0.0169961 -0.0430393
vn 0.9970568 -0.0766673 -0.0000022
v 0.0350295 -0.0169961 -0.0438160
vn 0.5773503 -0.5773503 0.5773503
v 0.0326942 -0.0187986 -0.0091218
vn 0.1992957 -0.9649842 0.1705485
v 0.0318869 -0.0187986 -0.0091218
vn -0.0039672 -0.9999843 -0.0039629
v 0.0321736 -0.0187986 -0.0096424
vn 0.1385019 -0.9719861 0.1898955
v 0.0326942 -0.0187986 -0.0099291
vn 0.4011779 -0.9160002 0.0000000
v 0.0326942 -0.0179142 -0.0088160
vn 0.4163266 -0.8082993 0.4163225
v 0.0326942 -0.0179142 -0.0091218
vn 0.0000001 -0.5105619 -0.8598410
v 0.0330000 -0.0185191 -0.0106517
vn -0.2463008 -0.7652464 -0.5947554
v 0.0323571 -0.0187029 -0.0103679
vn -0.3290438 -0.5105636 -0.7943898
v 0.0322975 -0.0185191 -0.0105120
vn -0.3727835 -0.2260503 -0.8999632
v 0.0322612 -0.0182871 -0.0105995
vn -0.6080064 -0.5105499 -0.6080025
v 0.0317019 -0.0185191 -0.0101140
vn -0.6888039 -0.2260514 -0.6888033
v 0.0316349 -0.0182871 -0.0101811
vn 0.0000001 -0.2260555 -0.9741144
v 0.0330000 -0.0182871 -0.0107465
vn -0.0000001 -0.9149324 0.4036072
v 0.0330000 -0.0179142 -0.0091218
vn -0.0000000 -1.0000000 0.0000000
v 0.0330000 -0.0179142 -0.0088160
vn -0.5773504 -0.5773503 0.5773502
v 0.0333058 -0.0187986 -0.0091218
vn 0.0039671 -0.9999843 -0.0039629
v 0.0338264 -0.0187986 -0.0096424
vn -0.1992958 -0.9649842 0.1705485
v 0.0341131 -0.0187986 -0.0091218
vn -0.1385020 -0.9719861 0.1898955
v 0.0333058 -0.0187986 -0.0099291
vn -0.4011780 -0.9160002 -0.0000000
v 0.0333058 -0.0179142 -0.0088160
vn -0.3440655 -0.9389457 -0.0000000
v 0.0341687 -0.0187986 -0.0088160
vn -0.4163267 -0.8082993 0.4163224
v 0.0333058 -0.0179142 -0.0091218
vn 0.8598555 -0.5105376 -0.0000004
v 0.0348357 -0.0185191 -0.0088160
vn 0.5947636 -0.7652215 -0.2463580
v 0.0345519 -0.0187029 -0.0094588
vn 0.7943935 -0.5105545 -0.3290490
v 0.0346960 -0.0185191 -0.0095185
vn 0.2568582 -0.9605694 -0.1064443
v 0.0343945 -0.0187951 -0.0093936
vn 0.1971199 -0.9603592 -0.1971139
v 0.0340676 -0.0187952 -0.0098836
vn -0.0000000 -0.9605650 -0.2780556
v 0.0330000 -0.0187952 -0.0103254
vn 0.0000000 -0.7652656 -0.6437147
v 0.0330000 -0.0187029 -0.0104958
vn -0.1971200 -0.9603592 -0.1971139
v 0.0319324 -0.0187952 -0.0098836
vn -0.5947636 -0.7652215 -0.2463581
v 0.0314480 -0.0187029 -0.0094588
vn -0.4553917 -0.7650086 -0.4553903
v 0.0318122 -0.0187029 -0.0100038
vn 0.4553917 -0.7650086 -0.4553902
v 0.0341878 -0.0187029 -0.0100038
vn 0.6080065 -0.5105499 -0.6080024
v 0.0342980 -0.0185191 -0.0101140
vn 0.8999642 -0.2260557 -0.3727779
v 0.0347835 -0.0182871 -0.0095548
vn 0.6888040 -0.2260515 -0.6888032
v 0.0343651 -0.0182871 -0.0101811
vn -0.3815562 -0.0766595 -0.9211614
v 0.0322233 -0.0170000 -0.0106910
vn -0.7050243 -0.0766654 -0.7050270
v 0.0315649 -0.0170000 -0.0102510
vn 0.3290439 -0.5105636 -0.7943897
v 0.0337025 -0.0185191 -0.0105120
vn 0.2463008 -0.7652465 -0.5947554
v 0.0336428 -0.0187029 -0.0103679
vn 0.5773504 -0.5773503 -0.5773502
v 0.0326942 -0.0187986 -0.0085102
vn -0.0039723 -0.9999842 0.0039722
v 0.0321736 -0.0187986 -0.0079896
vn 0.1992957 -0.9649842 -0.1705484
v 0.0318869 -0.0187986 -0.0085102
vn 0.1385001 -0.9719884 -0.1898850
v 0.0326942 -0.0187986 -0.0077029
vn 0.3440654 -0.9389457 0.0000000
v 0.0318312 -0.0187986 -0.0088160
vn 0.4163260 -0.8082989 -0.4163239
v 0.0326942 -0.0179142 -0.0085102
vn -0.0000000 -0.9149315 -0.4036092
v 0.0330000 -0.0179142 -0.0085102
vn -0.5773503 -0.5773503 -0.5773503
v 0.0333058 -0.0187986 -0.0085102
vn -0.1992958 -0.9649842 -0.1705485
v 0.0341131 -0.0187986 -0.0085102
vn 0.0039722 -0.9999842 0.0039722
v 0.0338264 -0.0187986 -0.0079896
vn -0.1385002 -0.9719884 -0.1898850
v 0.0333058 -0.0187986 -0.0077029
vn -0.4163260 -0.8082989 -0.4163239
v 0.0333058 -0.0179142 -0.0085102
vn -0.8598555 -0.5105375 -0.0000005
v 0.0311642 -0.0185191 -0.0088160
vn -0.7943935 -0.5105544 -0.3290491
v 0.0313040 -0.0185191 -0.0095185
vn -0.9211630 -0.0766614 -0.3815518
v 0.0311250 -0.0170000 -0.0095926
vn -0.9741170 -0.2260447 0.0000019
v 0.0310695 -0.0182871 -0.0088160
vn -0.9970573 -0.0766596 0.0000025
v 0.0309705 -0.0170000 -0.0088160
vn 0.0000001 -0.0766574 -0.9970575
v 0.0330000 -0.0170000 -0.0108455
vn 0.3727837 -0.2260503 -0.8999631
v 0.0337388 -0.0182871 -0.0105995
vn -0.2568582 -0.9605694 -0.1064444
v 0.0316054 -0.0187951 -0.0093936
vn 0.3815564 -0.0766595 -0.9211612
v 0.0337766 -0.0170000 -0.0106910
vn -0.8999641 -0.2260557 -0.3727781
v 0.0312164 -0.0182871 -0.0095548
vn 0.1063805 -0.9605538 -0.2569430
v 0.0335776 -0.0187952 -0.0102105
vn 0.6080034 -0.5105550 0.6080013
v 0.0342980 -0.0185191 -0.0075179
vn 0.5947608 -0.7652215 0.2463647
v 0.0345519 -0.0187029 -0.0081731
vn 0.7943963 -0.5105482 0.3290521
v 0.0346960 -0.0185191 -0.0081135
vn -0.2463043 -0.7652462 0.5947541
v 0.0323571 -0.0187029 -0.0072640
vn -0.0000001 -0.9605700 0.2780384
v 0.0330000 -0.0187951 -0.0073065
vn -0.0000001 -0.7652799 0.6436977
v 0.0330000 -0.0187029 -0.0071361
vn -0.2787918 -0.9603516 0.0000000
v 0.0314902 -0.0187951 -0.0088160
vn -0.6440147 -0.7650132 -0.0000017
v 0.0313201 -0.0187029 -0.0088160
vn -0.3815550 -0.0766616 0.9211617
v 0.0322233 -0.0170000 -0.0069410
vn -0.6888028 -0.2260591 0.6888019
v 0.0316349 -0.0182871 -0.0074509
vn -0.3727783 -0.2260654 0.8999616
v 0.0322612 -0.0182871 -0.0070324
vn -0.3290462 -0.5105657 0.7943873
v 0.0322975 -0.0185191 -0.0071200
vn -0.4553858 -0.7650138 0.4553875
v 0.0318122 -0.0187029 -0.0076282
vn 0.9741169 -0.2260448 0.0000021
v 0.0349305 -0.0182871 -0.0088160
vn 0.3290460 -0.5105658 0.7943874
v 0.0337025 -0.0185191 -0.0071200
vn 0.4553856 -0.7650138 0.4553876
v 0.0341878 -0.0187029 -0.0076282
vn -0.1971163 -0.9603594 0.1971169
v 0.0319324 -0.0187951 -0.0077484
vn -0.1063786 -0.9605536 0.2569446
v 0.0324223 -0.0187951 -0.0074214
vn -0.0000001 -0.2260478 0.9741162
v 0.0330000 -0.0182871 -0.0068855
vn -0.0000001 -0.5105458 0.8598506
v 0.0330000 -0.0185191 -0.0069802
vn 0.9211631 -0.0766615 -0.3815516
v 0.0348750 -0.0170000 -0.0095926
vn -0.2568544 -0.9605703 0.1064454
v 0.0316054 -0.0187951 -0.0082383
vn -0.6080036 -0.5105550 0.6080012
v 0.0317019 -0.0185191 -0.0075179
vn -0.5947610 -0.7652215 0.2463646
v 0.0314480 -0.0187029 -0.0081731
vn -0.0000001 -0.9166555 0.3996781
v 0.0330000 -0.0187986 -0.0099291
vn -0.0000001 -0.0766634 0.9970570
v 0.0330000 -0.0170000 -0.0067865
vn 0.2463042 -0.7652463 0.5947541
v 0.0336428 -0.0187029 -0.0072640
vn 0.2787918 -0.9603516 0.0000001
v 0.0345098 -0.0187951 -0.0088160
vn -0.8999652 -0.2260527 0.3727771
v 0.0312164 -0.0182871 -0.0080772
vn -0.0000000 -0.9166584 -0.3996716
v 0.0330000 -0.0187986 -0.0077029
vn 0.7050244 -0.0766654 -0.7050269
v 0.0344351 -0.0170000 -0.0102510
vn -0.7050263 -0.0766657 0.7050251
v 0.0315649 -0.0170000 -0.0073809
vn -0.7943963 -0.5105481 0.3290519
v 0.0313040 -0.0185191 -0.0081135
vn 0.6888027 -0.2260592 0.6888020
v 0.0343651 -0.0182871 -0.0074509
vn 0.3727781 -0.2260654 0.8999617
v 0.0337388 -0.0182871 -0.0070324
vn -0.9211642 -0.0766635 0.3815486
v 0.0311250 -0.0170000 -0.0080393
vn 0.1971162 -0.9603594 0.1971170
v 0.0340676 -0.0187951 -0.0077484
vn -0.1063806 -0.9605538 -0.2569430
v 0.0324223 -0.0187952 -0.0102105
vn 0.6440147 -0.7650132 -0.0000016
v 0.0346798 -0.0187029 -0.0088160
vn 0.1063785 -0.9605536 0.2569445
v 0.0335776 -0.0187951 -0.0074214
vn 0.3815547 -0.0766616 0.9211618
v 0.0337766 -0.0170000 -0.0069410
vn 0.8999652 -0.2260528 0.3727773
v 0.0347835 -0.0182871 -0.0080772
vn 0.2568543 -0.9605703 0.1064455
v 0.0343945 -0.0187951 -0.0082383
vn 0.7050261 -0.0766657 0.7050252
v 0.0344351 -0.0170000 -0.0073809
vn 0.9211641 -0.0766636 0.3815487
v 0.0348750 -0.0170000 -0.0080393
vn 0.9970573 -0.0766597 0.0000027
v 0.0350295 -0.0170000 -0.0088160
vn 0.5773503 -0.5773503 0.5773503
v 0.0026942 -0.0187986 -0.0091218
vn 0.1992947 -0.9649845 0.1705475
v 0.0018869 -0.0187986 -0.0091218
vn -0.0039724 -0.9999842 -0.0039723
v 0.0021736 -0.0187986 -0.0096424
vn 0.1384992 -0.9719887 0.1898841
v 0.0026942 -0.0187986 -0.0099291
vn 0.4011758 -0.9160011 0.0000000
v 0.0026942 -0.0179142 -0.0088160
vn 0.4163252 -0.8082997 0.4163231
v 0.0026942 -0.0179142 -0.0091218
vn -0.3290468 -0.5105493 -0.7943977
v 0.0022975 -0.0185191 -0.0105120
vn 0.0000019 -0.7652698 -0.6437097
v 0.0030000 -0.0187029 -0.0104958
vn -0.2463054 -0.7652470 -0.5947527
v 0.0023571 -0.0187029 -0.0103679
vn -0.3727798 -0.2260505 -0.8999646
v 0.0022612 -0.0182871 -0.0105996
vn -0.6080083 -0.5105478 -0.6080025
v 0.0017019 -0.0185191 -0.0101140
vn -0.6888050 -0.2260475 -0.6888034
v 0.0016349 -0.0182871 -0.0101811
vn -0.0000014 -0.5105541 -0.8598457
v 0.0030000 -0.0185191 -0.0106517
vn -0.0000024 -0.2260596 -0.9741135
v 0.0030000 -0.0182871 -0.0107465
vn 0.0000055 -0.9149321 0.4036077
v 0.0030000 -0.0179142 -0.0091218
vn 0.0000060 -1.0000000 0.0000000
v 0.0030000 -0.0179142 -0.0088160
vn -0.5773504 -0.5773503 0.5773502
v 0.0033058 -0.0187986 -0.0091218
vn 0.0039723 -0.9999842 -0.0039724
v 0.0038264 -0.0187986 -0.0096424
vn -0.1992959 -0.9649841 0.1705486
v 0.0041131 -0.0187986 -0.0091218
vn -0.1384938 -0.9719891 0.1898863
v 0.0033058 -0.0187986 -0.0099291
vn -0.4011724 -0.9160026 -0.0000000
v 0.0033058 -0.0179142 -0.0088160
vn -0.3440655 -0.9389457 -0.0000000
v 0.0041687 -0.0187986 -0.0088160
vn -0.4163216 -0.8083017 0.4163229
v 0.0033058 -0.0179142 -0.0091218
vn 0.8598508 -0.5105455 -0.0000030
v 0.0048357 -0.0185191 -0.0088160
vn 0.5947673 -0.7652190 -0.2463574
v 0.0045519 -0.0187028 -0.0094588
vn 0.7943868 -0.5105732 -0.3290359
v 0.0046960 -0.0185191 -0.0095185
vn 0.2568943 -0.9605578 -0.1064623
v 0.0043945 -0.0187951 -0.0093936
vn 0.1971162 -0.9603610 -0.1971091
v 0.0040676 -0.0187951 -0.0098836
vn 0.0000043 -0.9605678 -0.2780461
v 0.0030000 -0.0187951 -0.0103254
vn -0.1971107 -0.9603629 -0.1971054
v 0.0019324 -0.0187951 -0.0098836
vn -0.5947723 -0.7652142 -0.2463600
v 0.0014480 -0.0187029 -0.0094588
vn -0.4553849 -0.7650212 -0.4553759
v 0.0018122 -0.0187029 -0.0100038
vn 0.6080011 -0.5105617 -0.6079980
v 0.0042980 -0.0185191 -0.0101140
vn 0.4553759 -0.7650277 -0.4553740
v 0.0041878 -0.0187029 -0.0100038
vn 0.6888041 -0.2260467 -0.6888046
v 0.0043651 -0.0182871 -0.0101811
vn -0.3815603 -0.0766586 -0.9211597
v 0.0022233 -0.0170000 -0.0106910
vn -0.7050239 -0.0766606 -0.7050280
v 0.0015649 -0.0170000 -0.0102510
vn 0.3290424 -0.5105535 -0.7943968
v 0.0037025 -0.0185191 -0.0105120
vn 0.2463099 -0.7652466 -0.5947514
v 0.0036428 -0.0187029 -0.0103679
vn 0.5773504 -0.5773503 -0.5773502
v 0.0026942 -0.0187986 -0.0085102
vn -0.0039724 -0.9999842 0.0039723
v 0.0021736 -0.0187986 -0.0079896
vn 0.1992947 -0.9649846 -0.1705475
v 0.0018869 -0.0187986 -0.0085102
vn 0.1385001 -0.9719884 -0.1898851
v 0.0026942 -0.0187986 -0.0077029
vn 0.3440635 -0.9389464 0.0000000
v 0.0018312 -0.0187986 -0.0088160
vn 0.4163246 -0.8082992 -0.4163246
v 0.0026942 -0.0179142 -0.0085102
vn 0.0000056 -0.9149312 -0.4036098
v 0.0030000 -0.0179142 -0.0085102
vn -0.5773503 -0.5773503 -0.5773503
v 0.0033058 -0.0187986 -0.0085102
vn -0.1992959 -0.9649841 -0.1705486
v 0.0041131 -0.0187986 -0.0085102
vn 0.0039723 -0.9999842 0.0039724
v 0.0038264 -0.0187986 -0.0079896
vn -0.1384948 -0.9719887 -0.1898873
v 0.0033058 -0.0187986 -0.0077029
vn -0.4163209 -0.8083013 -0.4163244
v 0.0033058 -0.0179142 -0.0085102
vn -0.8598427 -0.5105591 0.0000023
v 0.0011643 -0.0185191 -0.0088160
vn -0.7943925 -0.5105562 -0.3290487
v 0.0013040 -0.0185191 -0.0095185
vn -0.8999634 -0.2260561 -0.3727796
v 0.0012164 -0.0182871 -0.0095548
vn -0.9970572 -0.0766616 0.0000008
v 0.0009705 -0.0170000 -0.0088160
vn -0.9211605 -0.0766635 -0.3815574
v 0.0011250 -0.0170000 -0.0095926
vn -0.0000007 -0.0766577 -0.9970575
v 0.0030000 -0.0170000 -0.0108455
vn 0.3727778 -0.2260530 -0.8999649
v 0.0037388 -0.0182871 -0.0105996
vn -0.2568757 -0.9605634 -0.1064563
v 0.0016054 -0.0187951 -0.0093936
vn 0.7050261 -0.0766581 -0.7050261
v 0.0044350 -0.0170000 -0.0102510
vn 0.3815545 -0.0766561 -0.9211623
v 0.0037766 -0.0170000 -0.0106910
vn 0.1063730 -0.9605584 -0.2569288
v 0.0035776 -0.0187951 -0.0102105
vn -0.9741160 -0.2260489 0.0000009
v 0.0010695 -0.0182871 -0.0088160
vn 0.6079983 -0.5105672 0.6079962
v 0.0042980 -0.0185191 -0.0075179
vn 0.5947631 -0.7652192 0.2463666
v 0.0045519 -0.0187028 -0.0081731
vn 0.7943879 -0.5105682 0.3290411
v 0.0046960 -0.0185191 -0.0081135
vn -0.2463124 -0.7652365 0.5947633
v 0.0023571 -0.0187029 -0.0072640
vn 0.0000011 -0.9605706 0.2780363
v 0.0030000 -0.0187951 -0.0073065
vn 0.0000000 -0.7652723 0.6437068
v 0.0030000 -0.0187029 -0.0071362
vn -0.2788164 -0.9603444 0.0000000
v 0.0014902 -0.0187951 -0.0088160
vn -0.6440137 -0.7650141 0.0000025
v 0.0013202 -0.0187029 -0.0088160
vn -0.3815591 -0.0766603 0.9211601
v 0.0022233 -0.0170000 -0.0069410
vn -0.6888027 -0.2260612 0.6888013
v 0.0016349 -0.0182871 -0.0074509
vn -0.3727757 -0.2260669 0.8999622
v 0.0022612 -0.0182871 -0.0070324
vn -0.6080054 -0.5105528 0.6080011
v 0.0017019 -0.0185191 -0.0075179
vn -0.3290493 -0.5105560 0.7943923
v 0.0022975 -0.0185191 -0.0071200
vn 0.9741146 -0.2260548 0.0000010
v 0.0049305 -0.0182871 -0.0088160
vn 0.8999662 -0.2260551 -0.3727733
v 0.0047836 -0.0182871 -0.0095548
vn 0.3290424 -0.5105596 0.7943928
v 0.0037025 -0.0185191 -0.0071200
vn 0.4553837 -0.7650172 0.4553839
v 0.0041878 -0.0187029 -0.0076282
vn -0.1971140 -0.9603610 0.1971112
v 0.0019324 -0.0187951 -0.0077484
vn -0.1063810 -0.9605533 0.2569446
v 0.0024223 -0.0187951 -0.0074214
vn -0.0000019 -0.2260543 0.9741147
v 0.0030000 -0.0182871 -0.0068855
vn 0.0000003 -0.5105431 0.8598522
v 0.0030000 -0.0185191 -0.0069803
vn 0.9970574 -0.0766583 0.0000010
v 0.0050295 -0.0170000 -0.0088160
vn 0.9211599 -0.0766548 -0.3815607
v 0.0048750 -0.0170000 -0.0095926
vn -0.2568725 -0.9605646 0.1064526
v 0.0016054 -0.0187951 -0.0082383
vn -0.5947749 -0.7652112 0.2463631
v 0.0014480 -0.0187029 -0.0081731
vn -0.4553927 -0.7650107 0.4553857
v 0.0018122 -0.0187029 -0.0076282
vn 0.0000055 -0.9166596 0.3996689
v 0.0030000 -0.0187986 -0.0099291
vn -0.0000023 -0.0766613 0.9970572
v 0.0030000 -0.0170000 -0.0067865
vn 0.2463187 -0.7652351 0.5947624
v 0.0036428 -0.0187029 -0.0072640
vn 0.2788099 -0.9603463 0.0000001
v 0.0045098 -0.0187951 -0.0088160
vn -0.8999639 -0.2260564 0.3727781
v 0.0012164 -0.0182871 -0.0080772
vn 0.0000056 -0.9166587 -0.3996710
v 0.0030000 -0.0187986 -0.0077029
vn -0.7050259 -0.0766606 0.7050260
v 0.0015649 -0.0170000 -0.0073809
vn -0.7943935 -0.5105553 0.3290477
v 0.0013040 -0.0185191 -0.0081135
vn 0.3727721 -0.2260709 0.8999627
v 0.0037388 -0.0182871 -0.0070324
vn 0.6888020 -0.2260599 0.6888024
v 0.0043651 -0.0182871 -0.0074509
vn -0.9211612 -0.0766635 0.3815557
v 0.0011250 -0.0170000 -0.0080393
vn 0.1971194 -0.9603592 0.1971149
v 0.0040676 -0.0187951 -0.0077484
vn 0.1063765 -0.9605561 0.2569361
v 0.0035776 -0.0187951 -0.0074214
vn -0.1063796 -0.9605561 -0.2569346
v 0.0024223 -0.0187951 -0.0102105
vn 0.6440243 -0.7650051 -0.0000054
v 0.0046798 -0.0187028 -0.0088160
vn 0.3815543 -0.0766561 0.9211624
v 0.0037766 -0.0170000 -0.0069410
vn 0.8999666 -0.2260555 0.3727722
v 0.0047836 -0.0182871 -0.0080772
vn 0.2568911 -0.9605590 0.1064587
v 0.0043945 -0.0187951 -0.0082383
vn 0.7050278 -0.0766581 0.7050245
v 0.0044350 -0.0170000 -0.0073809
vn 0.9211605 -0.0766548 0.3815594
v 0.0048750 -0.0170000 -0.0080393
vn 0.9573205 0.0000000 0.2890285
v 0.0345271 -0.0000000 -0.0380030
vn 0.6439294 -0.0000000 0.7650850
v 0.0357494 -0.0000000 -0.0396417
vn -0.7113494 -0.6813426 -0.1724944
v -0.0018592 0.0133000 -0.0099944
vn -0.7127444 -0.6808761 -0.1685327
v 0.0281342 0.0133000 -0.0449666
vn -0.6586449 0.7197600 -0.2193910
v 0.0264643 -0.0133000 -0.0339765
vn -0.6907290 0.7197616 -0.0695467
v 0.0278509 -0.0133000 -0.0404519
vn -0.5520215 -0.6808729 -0.4813360
v 0.0292314 0.0133000 -0.0471020
vn -0.4247610 -0.6813564 -0.5960971
v 0.0000984 0.0133000 -0.0128879
vn -0.4452490 0.7197632 -0.5326296
v 0.0172428 -0.0133000 -0.0204402
# 2214 vertices, 0 vertices normals


usemtl material_0
vt 0.3794154 0.6310172
vt 0.3804518 0.6240281
vt 0.3804518 0.6310172
f 1/1/1 2/2/2 3/3/3
vt 0.4563529 0.5148649
vt 0.4601279 0.5424906
vt 0.4563529 0.5424905
f 4/4/4 5/5/5 6/6/6
vt 0.3970845 0.6310172
vt 0.3993779 0.6240281
vt 0.3993779 0.6310172
f 7/7/7 8/8/8 9/9/9
vt 0.3436773 0.6164584
vt 0.3452901 0.6094693
vt 0.3452901 0.6164584
f 10/10/10 11/11/11 12/12/12
vt 0.3593979 0.6455763
vt 0.3616656 0.6385873
vt 0.3616869 0.6455763
f 13/13/13 14/14/14 15/15/15
vt 0.3427662 0.6310175
vt 0.3438630 0.6240285
vt 0.3438630 0.6310175
f 16/16/16 17/17/17 18/18/18
vt 0.3421524 0.6601356
vt 0.3433944 0.6531465
vt 0.3433944 0.6601356
f 19/19/19 20/20/20 21/21/21
vt 0.3828444 0.6164585
vt 0.3839016 0.6234477
vt 0.3828444 0.6234477
f 22/22/22 23/23/23 24/24/24
vt 0.4036213 0.6385876
vt 0.4106106 0.6534824
vt 0.4036214 0.6534826
f 25/25/25 26/26/26 27/27/27
vt 0.3436188 0.6455763
vt 0.3424615 0.6385873
vt 0.3436188 0.6385873
f 28/28/28 29/29/29 30/30/30
vt 0.3773081 0.6455764
vt 0.3786636 0.6385873
vt 0.3786636 0.6455764
f 31/31/31 32/32/32 33/33/33
vt 0.2598384 0.3057106
vt 0.2411129 0.3115665
vt 0.2572522 0.2973740
f 34/34/34 35/35/35 36/36/36
vt 0.0158694 0.2078755
vt 0.0158694 0.2177157
vt 0.0097716 0.2163559
f 37/37/37 38/38/38 39/39/39
vt 0.2112401 0.0707415
vt 0.1863568 0.0661404
vt 0.2102731 0.0666763
f 8/40/8 40/41/40 41/42/41
vt 0.7932307 0.7764345
vt 0.8426162 0.7764344
vt 0.7932307 0.7796182
f 42/43/42 43/44/43 44/45/44
vt 0.3399000 0.6892534
vt 0.3421988 0.6822644
vt 0.3421988 0.6892534
f 45/46/45 46/47/46 47/48/47
vt 0.3947752 0.6601359
vt 0.3921416 0.6531468
vt 0.3947752 0.6531468
f 48/49/48 49/50/49 50/51/50
vt 0.3405547 0.6746943
vt 0.3425130 0.6677052
vt 0.3425130 0.6746943
f 51/52/51 52/53/52 53/54/53
vt 0.8460783 0.7732508
vt 0.8426163 0.7732508
f 54/55/54 43/44/43 55/56/55
vt 0.1965598 0.1466131
vt 0.1965236 0.1431402
vt 0.2215819 0.1466131
f 56/57/56 57/58/57 14/59/14
vt 0.1579178 0.1431404
vt 0.1368798 0.1211872
vt 0.1621453 0.1163602
f 58/60/58 59/61/59 60/62/60
vt 0.0158694 0.1368410
vt 0.0097716 0.1314863
vt 0.0158694 0.1283326
f 61/63/61 62/64/62 63/65/63
vt 0.2887969 0.3873780
vt 0.2710729 0.3862947
vt 0.2787917 0.3612181
f 64/66/64 65/67/65 66/68/66
vt 0.3738650 0.6892534
vt 0.3700043 0.6822644
vt 0.3738650 0.6822644
f 67/69/67 68/70/68 69/71/69
vt 0.2772266 0.3569533
vt 0.2555971 0.3497610
vt 0.2681588 0.3311837
f 70/72/70 71/73/71 72/74/72
vt 0.4601275 0.4733794
vt 0.4601277 0.5005298
f 4/4/4 73/75/73 74/76/74
vt 0.5797235 0.9572719
vt 0.5826352 0.9441595
vt 0.5826352 0.9572719
f 75/77/75 76/78/76 77/79/77
vt 0.1961797 0.1487331
f 78/80/78 56/57/56 14/59/14
vt 0.1912108 0.1553948
vt 0.1933715 0.1535817
vt 0.1993278 0.1610425
f 79/81/79 80/82/80 81/83/81
vt 0.3582791 0.5445786
vt 0.4072790 0.5456257
vt 0.3582791 0.5456250
f 82/84/82 83/85/83 84/86/84
vt 0.3385721 0.2658504
vt 0.2667353 0.3269593
vt 0.3385721 0.2603052
f 85/87/85 86/88/86 46/89/46
vt 0.3938365 0.6385873
vt 0.3938365 0.6455764
f 33/33/33 87/90/87 88/91/88
vt 0.3599205 0.6310175
vt 0.3438630 0.6380066
f 89/92/89 90/93/90 18/18/18
vt 0.3302116 0.0199266
vt 0.3385723 0.0113975
vt 0.3410980 0.0133356
f 91/94/91 92/95/92 93/96/93
vt 0.3430361 0.0158615
f 93/96/93 54/97/54 91/94/91
vt 0.3442544 0.0188028
vt 0.3360792 0.0300896
f 91/94/91 94/98/94 95/99/95
vt 0.1965201 0.0199262
vt 0.1876648 0.0122646
vt 0.1894815 0.0110661
f 96/100/96 97/101/97 98/102/98
vt 0.3976049 0.6798769
vt 0.3913757 0.6868660
vt 0.3913757 0.6798769
f 99/103/99 100/104/100 101/105/101
vt 0.3399000 0.6962425
f 47/48/47 102/106/102 45/46/45
vt 0.5714906 0.4972273
vt 0.5227634 0.4965734
vt 0.5714916 0.4961711
f 103/107/103 104/108/104 105/109/105
vt 0.3385719 0.3334358
vt 0.3385719 0.3270479
f 106/110/106 64/66/64 69/111/69
vt 0.3625759 0.6310172
vt 0.3794154 0.6240281
f 9/112/9 107/113/107 1/1/1
vt 0.5591125 0.9615173
vt 0.5628323 0.9788749
vt 0.5591125 0.9788749
f 108/114/108 81/115/81 109/116/109
vt 0.8426163 0.7668834
vt 0.8460783 0.7700671
vt 0.8426163 0.7700671
f 110/117/110 94/118/94 111/119/111
vt 0.4601262 0.1947844
vt 0.4072788 0.1932465
vt 0.4601262 0.1932466
f 112/120/112 113/121/113 114/122/114
vt 0.0158695 0.0947256
vt 0.0158695 0.1029479
vt 0.0097717 0.0954622
f 115/123/115 116/124/116 117/125/117
vt 0.3436188 0.6525653
vt 0.3424615 0.6455763
f 63/126/63 118/127/118 28/28/28
vt 0.3385716 0.3738623
vt 0.3015708 0.4183648
vt 0.3385717 0.3668981
f 119/128/119 120/129/120 121/130/121
vt 0.3446695 0.3654079
f 119/128/119 121/130/121 122/131/122
vt 0.4071790 0.6944358
vt 0.4014557 0.6874467
vt 0.4071790 0.6874467
f 123/132/123 124/133/124 125/134/125
vt 0.5743956 0.9441595
vt 0.5705411 0.9615173
vt 0.5705411 0.9441595
f 126/135/126 127/136/127 128/137/128
vt 0.3786636 0.6525654
f 88/91/88 129/138/129 33/33/33
vt 0.3748529 0.6816831
vt 0.3630308 0.6746940
vt 0.3748529 0.6746940
f 130/139/130 131/140/131 132/141/132
vt 0.3385720 0.2978555
f 70/72/70 68/142/68 66/68/66
vt 0.3581131 0.6822644
vt 0.3551587 0.6892534
vt 0.3551587 0.6822644
f 34/143/34 133/144/133 86/145/86
vt 0.0158696 0.0867313
vt 0.0097717 0.0810694
vt 0.0158695 0.0785782
f 134/146/134 135/147/135 136/148/136
vt 0.3265820 0.6601356
vt 0.3421524 0.6531465
f 137/149/137 138/150/138 19/19/19
vt 0.3962618 0.6455764
vt 0.3962618 0.6385873
f 139/151/139 87/90/87 140/152/140
vt 0.3265831 0.6455763
f 15/153/15 29/29/29 118/127/118
vt 0.0509941 0.4227145
vt 0.0518784 0.4495614
vt 0.0387416 0.4500408
f 141/154/141 142/155/142 143/156/143
vt 0.8460783 0.9291692
vt 0.7932308 0.9313459
vt 0.7932308 0.9291695
f 98/157/98 144/158/144 145/159/145
vt 0.1921479 0.0100933
f 98/102/98 146/160/146 96/100/96
vt 0.1949663 0.0097632
f 146/160/146 147/161/147 96/100/96
vt 0.1107002 0.2497623
vt 0.1331597 0.2508305
vt 0.1262728 0.2730080
f 148/162/148 149/163/149 150/164/150
vt 0.3842087 0.6892534
vt 0.3842087 0.6822644
f 151/165/151 69/71/69 64/166/64
vt 0.1863571 0.0134323
f 97/101/97 96/100/96 152/167/152
vt 0.0158705 0.4209954
vt 0.0158704 0.4133023
f 143/156/143 153/168/153 154/169/154
vt 0.4072790 0.3016599
vt 0.3544316 0.3221660
vt 0.3544316 0.3016601
f 155/170/155 156/171/156 157/172/157
vt 0.2260671 0.1715441
vt 0.2295401 0.1890246
vt 0.2137292 0.1753866
f 158/173/158 159/174/159 160/175/160
vt 0.1922962 0.1163598
vt 0.2141402 0.0960561
vt 0.2164069 0.1131389
f 161/176/161 162/177/162 163/178/163
vt 0.3544310 0.1776459
vt 0.4072788 0.1806326
vt 0.3544310 0.1806326
f 164/179/164 165/180/165 166/181/166
vt 0.1950581 0.1513206
f 80/82/80 167/182/167 81/83/81
f 167/182/167 78/80/78 81/83/81
vt 0.1632306 0.1553950
vt 0.1551137 0.1610427
vt 0.1610700 0.1535820
f 168/183/168 169/184/169 170/185/170
vt 0.3760937 0.6601359
vt 0.3777950 0.6531468
vt 0.3777950 0.6601359
f 171/186/171 172/187/172 173/188/173
vt 0.3638571 0.6164584
vt 0.3622375 0.6094693
vt 0.3638571 0.6094693
f 174/189/174 175/190/175 176/191/176
vt 0.4072788 0.1960674
vt 0.3544311 0.1988882
vt 0.3544311 0.1960675
f 177/192/177 178/193/178 179/194/179
vt 0.4072789 0.1557969
vt 0.3544310 0.1595415
vt 0.3544310 0.1557968
f 180/195/180 181/196/181 182/197/182
vt 0.3324744 0.0097637
vt 0.3356308 0.0101793
f 183/198/183 184/199/184 91/94/91
f 91/94/91 184/199/184 92/95/92
vt 0.0103022 0.5092059
vt 0.0097734 0.5072016
vt 0.0157595 0.5107830
f 185/200/185 186/201/186 187/202/187
vt 0.7932308 0.9376720
vt 0.8460783 0.9405099
vt 0.7932308 0.9405099
f 188/203/188 189/204/189 190/205/190
vt 0.4601262 0.2017084
vt 0.4072788 0.1988881
vt 0.4601262 0.1988881
f 191/206/191 192/207/192 193/208/193
vt 0.3157003 0.4500408
vt 0.3385714 0.4209951
vt 0.3177502 0.4544393
f 125/209/125 194/210/194 100/211/100
vt 0.7403832 0.9433481
vt 0.7403832 0.9405100
f 190/205/190 195/212/195 196/213/196
vt 0.1283745 0.1715442
vt 0.1407124 0.1753867
vt 0.1249014 0.1890246
f 197/214/197 198/215/198 199/216/199
vt 0.3421524 0.6671246
f 21/21/21 61/217/61 19/19/19
vt 0.4076153 0.6868660
vt 0.4076153 0.6798769
f 194/218/194 99/103/99 200/219/200
vt 0.1432016 0.0707417
vt 0.1441685 0.0666765
vt 0.1680849 0.0661407
f 201/220/201 202/221/202 203/222/203
vt 0.3544309 0.1394701
vt 0.4072790 0.1422913
vt 0.3544309 0.1422911
f 204/223/204 205/224/205 170/225/170
vt 0.5591125 0.9441595
vt 0.5628323 0.9615173
f 206/226/206 207/227/207 108/114/108
vt 0.3804517 0.6380063
f 136/228/136 1/1/1 3/3/3
vt 0.1579217 0.0199262
vt 0.1680847 0.0134323
vt 0.1692729 0.0146964
f 208/229/208 209/230/209 210/231/210
vt 0.5720946 0.1193164
vt 0.5756233 0.1344467
vt 0.5720945 0.1344466
f 211/232/211 212/233/212 213/234/213
vt 0.0418328 0.0300897
vt 0.1461861 0.0199263
vt 0.1403188 0.0300894
f 214/235/214 215/236/215 216/237/216
vt 0.1719743 0.1764112
vt 0.1704629 0.1809886
vt 0.1603353 0.1806865
f 217/238/217 218/239/218 128/240/128
vt 0.4072795 0.3816594
vt 0.3544320 0.4026935
vt 0.3544318 0.3816596
f 219/241/219 220/242/220 221/243/221
vt 0.8460783 0.7796182
f 43/44/43 92/244/92 44/45/44
vt 0.4699030 0.2229710
vt 0.4733658 0.2042063
vt 0.4733659 0.2229710
f 222/245/222 223/246/223 224/247/224
vt 0.1582618 0.1487334
vt 0.1328596 0.1466133
vt 0.1578816 0.1466134
f 225/248/225 226/249/226 227/250/227
vt 0.6018765 0.9703842
vt 0.6047882 0.9572719
vt 0.6047882 0.9703842
f 228/251/228 229/252/229 230/253/230
vt 0.5797235 0.9703842
f 77/79/77 231/254/231 75/77/75
vt 0.3638571 0.6234473
vt 0.3622375 0.6164584
f 232/255/232 233/256/233 174/189/174
vt 0.3544310 0.1691830
vt 0.4072788 0.1643625
vt 0.4072788 0.1691830
f 217/257/217 234/258/234 235/259/235
vt 0.5756233 0.1556058
vt 0.5720946 0.1556058
f 213/234/213 236/260/236 237/261/237
vt 0.3616123 0.6531468
vt 0.3616123 0.6601359
f 50/262/50 171/186/171 48/263/48
vt 0.4072790 0.1520756
vt 0.3544310 0.1520755
f 238/264/238 182/197/182 239/265/239
vt 0.0158694 0.2658507
vt 0.0877063 0.3269596
vt 0.0862828 0.3311840
f 240/266/240 241/267/241 242/268/242
vt 0.0158695 0.0504159
vt 0.0242300 0.0402529
vt 0.0359653 0.0402529
f 243/269/243 244/270/244 231/271/231
vt 0.0158694 0.1549666
vt 0.0097716 0.1466130
vt 0.0158694 0.1462325
f 245/272/245 212/273/212 246/274/246
vt 0.4072788 0.1845187
vt 0.3544311 0.1845188
f 166/181/166 247/275/247 248/276/248
vt 0.0946031 0.3057109
vt 0.1065586 0.3299381
f 249/277/249 250/278/250 241/267/241
vt 0.5756233 0.1041861
vt 0.5720946 0.1041862
f 251/279/251 211/232/211 252/280/252
vt 0.6135234 0.9572719
vt 0.6164349 0.9441595
vt 0.6164349 0.9572719
f 253/281/253 254/282/254 255/283/255
vt 0.5756170 0.3532944
vt 0.5720549 0.4075888
vt 0.5720876 0.3532953
f 256/284/256 257/285/257 258/286/258
vt 0.7403832 0.9330992
vt 0.7932308 0.9330992
f 209/287/209 144/158/144 259/288/259
vt 0.0158695 0.0626115
vt 0.0097716 0.0495211
f 260/289/260 261/290/261 243/269/243
vt 0.4072790 0.1344963
vt 0.3544309 0.1366500
vt 0.3544310 0.1344960
f 262/291/262 225/292/225 227/293/227
vt 0.7439111 0.7700673
vt 0.7403832 0.7668837
vt 0.7439111 0.7668837
f 263/294/263 264/295/264 265/296/265
vt 0.3970844 0.6380063
f 9/9/9 266/297/266 7/7/7
vt 0.3385721 0.2078755
vt 0.3446699 0.2163559
vt 0.3385721 0.2177157
f 172/298/172 267/299/267 268/300/268
vt 0.4733658 0.1556059
vt 0.4699029 0.1344467
vt 0.4733657 0.1344466
f 269/301/269 270/302/270 271/303/271
vt 0.1906526 0.0300893
vt 0.1845137 0.0453337
vt 0.1827939 0.0227122
f 272/304/272 273/305/273 274/306/274
vt 0.3544313 0.1039108
vt 0.4072790 0.1310232
vt 0.3544310 0.1310229
f 60/307/60 275/308/275 58/309/58
vt 0.4072795 0.4026933
vt 0.3544320 0.4255772
f 276/310/276 277/311/277 220/242/220
vt 0.3582791 0.5435348
vt 0.4072790 0.5445791
f 278/312/278 279/313/279 82/84/82
vt 0.3544311 0.1947844
vt 0.3544311 0.1932464
f 113/121/113 280/314/280 281/315/281
vt 0.4072788 0.1884259
vt 0.3544311 0.1884260
f 248/276/248 282/316/282 283/317/283
vt 0.0528709 0.4183648
vt 0.0630063 0.4287738
f 141/154/141 284/318/284 285/319/285
vt 0.1232068 0.1970936
f 245/272/245 199/216/199 286/320/286
vt 0.0158694 0.2429228
vt 0.0971895 0.2973744
f 102/321/102 287/322/287 249/277/249
f 250/278/250 242/268/242 241/267/241
vt 0.5715073 0.5003234
vt 0.5227634 0.4995697
vt 0.5715014 0.4992827
f 288/323/288 289/324/289 290/325/290
vt 0.0097716 0.2593681
vt 0.0097716 0.2351162
f 102/321/102 291/326/291 292/327/292
vt 0.3446698 0.2928337
vt 0.3446699 0.2593681
f 293/328/293 85/87/85 294/329/294
vt 0.1622938 0.0100933
vt 0.1594754 0.0097632
f 295/330/295 208/229/208 296/331/296
vt 0.0158694 0.2325236
f 297/332/297 39/39/39 38/38/38
vt 0.1173439 0.2231088
vt 0.1403099 0.2238072
vt 0.1375917 0.2341930
f 298/333/298 299/334/299 300/335/300
vt 0.3622051 0.6310175
vt 0.3599205 0.6380066
f 301/336/301 302/337/302 89/92/89
vt 0.3385720 0.1195809
vt 0.3385720 0.1112417
vt 0.3446698 0.1163597
f 29/338/29 17/339/17 303/340/303
vt 0.0097726 0.4196782
vt 0.0158701 0.3738627
f 304/341/304 305/342/305 154/169/154
vt 0.5720946 0.0832837
f 306/343/306 251/279/251 252/280/252
vt 0.3738650 0.6962425
vt 0.3700043 0.6892534
f 307/344/307 308/345/308 67/69/67
vt 0.0388160 0.4733627
vt 0.0158711 0.4966888
vt 0.0366915 0.4544393
f 309/346/309 310/347/310 311/348/311
vt 0.4072793 0.3417450
vt 0.3544317 0.3630168
vt 0.3544317 0.3417453
f 312/349/312 313/350/313 250/351/250
vt 0.0242299 0.0199268
vt 0.0133435 0.0133360
vt 0.0158693 0.0113978
f 314/352/314 315/353/315 316/354/316
vt 0.3265820 0.6746943
vt 0.3405546 0.6816832
vt 0.3265820 0.6816834
f 317/355/317 38/356/38 318/357/318
vt 0.3544309 0.1451117
vt 0.4072790 0.1495383
vt 0.3544309 0.1495382
f 168/358/168 319/359/319 320/360/320
vt 0.0158694 0.1856236
vt 0.0158694 0.1950117
vt 0.0097716 0.1889215
f 321/361/321 322/362/322 323/363/323
vt 0.0756498 0.3612183
vt 0.0916439 0.3669572
vt 0.0833686 0.3862950
f 324/364/324 221/365/221 220/366/220
vt 0.3385720 0.0867313
vt 0.2131552 0.0879768
vt 0.3385720 0.0785782
f 23/367/23 325/368/325 2/369/2
vt 0.3427662 0.6380066
vt 0.3265820 0.6310175
f 116/370/116 301/371/301 16/16/16
vt 0.4072793 0.0828327
vt 0.3544316 0.0828320
f 326/372/326 60/307/60 327/373/327
vt 0.4144867 0.6879950
vt 0.4171401 0.6760460
vt 0.4171401 0.6879950
f 328/374/328 198/375/198 329/376/329
vt 0.3385721 0.0666766
vt 0.2104242 0.0626110
vt 0.3385720 0.0626113
f 330/377/330 175/378/175 11/379/11
vt 0.0097723 0.3654083
vt 0.0158700 0.3668987
f 305/342/305 256/380/256 331/381/331
vt 0.3842087 0.6962425
f 332/382/332 67/69/67 151/165/151
vt 0.1055016 0.2689855
f 333/383/333 38/38/38 37/37/37
vt 0.3828444 0.6094696
vt 0.3839016 0.6164585
f 115/384/115 334/385/334 22/22/22
vt 0.8460783 0.7828020
vt 0.7932307 0.7859855
vt 0.7932307 0.7828020
f 184/386/184 335/387/335 336/388/336
vt 0.4077626 0.6360844
vt 0.4007736 0.6322650
vt 0.4077626 0.6322650
f 337/389/337 284/390/284 338/391/338
vt 0.3385721 0.2429229
f 36/36/36 339/392/339 34/34/34
vt 0.4072790 0.2582653
vt 0.3544314 0.2814876
vt 0.3544313 0.2582654
f 340/393/340 150/394/150 149/395/149
f 61/217/61 137/149/137 19/19/19
vt 0.2058777 0.1965618
vt 0.2054476 0.1837012
f 191/396/191 341/397/341 159/174/159
vt 0.3446696 0.3301976
f 68/142/68 342/398/342 69/111/69
vt 0.5756232 0.0373313
vt 0.5720944 0.0544911
vt 0.5720944 0.0372237
f 261/399/261 343/400/343 344/401/344
vt 0.3642268 0.6094696
vt 0.3665057 0.6164585
vt 0.3642268 0.6164585
f 345/402/345 346/403/346 347/404/347
vt 0.0114054 0.0158617
f 315/353/315 314/352/314 348/405/348
vt 0.1201596 0.2922320
vt 0.1133287 0.3115667
f 287/322/287 157/406/157 156/407/156
vt 0.6106116 0.9572719
vt 0.6135234 0.9703842
vt 0.6106116 0.9703842
f 349/408/349 96/409/96 350/410/350
vt 0.5753263 0.4951007
vt 0.5718281 0.4950507
f 257/285/257 186/411/186 351/412/351
vt 0.3921416 0.6601359
vt 0.3777950 0.6671249
f 352/413/352 37/414/37 173/188/173
vt 0.2175619 0.1211869
f 353/415/353 161/176/161 163/178/163
vt 0.4072788 0.1715934
vt 0.4072788 0.1740037
vt 0.3544310 0.1740035
f 354/416/354 355/417/355 218/418/218
vt 0.5756233 0.0097632
vt 0.5720945 0.0097632
f 264/419/264 344/401/344 265/420/265
vt 0.0158695 0.2919319
vt 0.0158695 0.2978558
vt 0.0097716 0.2928340
f 356/421/356 357/422/357 358/423/358
vt 0.7439111 0.7732508
vt 0.7403832 0.7700673
f 359/424/359 360/425/360 263/294/263
f 296/331/296 208/229/208 215/236/215
vt 0.3879126 0.6892534
f 361/426/361 332/382/332 151/165/151
vt 0.4072788 0.2073499
vt 0.3544311 0.2149267
vt 0.3544311 0.2073501
f 362/427/362 363/428/363 364/429/364
vt 0.3544311 0.2017086
vt 0.4072788 0.2045290
vt 0.3544311 0.2045292
f 365/430/365 366/431/366 367/432/367
vt 0.3184763 0.0199265
f 147/161/147 183/198/183 368/433/368
vt 0.0188106 0.0101795
f 314/352/314 316/354/316 369/434/369
vt 0.3265820 0.6892534
vt 0.3399000 0.6822644
f 370/435/370 339/436/339 45/46/45
vt 0.5227634 0.4985310
vt 0.5714958 0.4982438
f 290/325/290 371/437/371 372/438/372
vt 0.3783021 0.6816831
f 132/141/132 85/439/85 130/139/130
vt 0.7932308 0.9348341
vt 0.8460783 0.9376720
f 373/440/373 374/441/374 188/203/188
vt 0.4072790 0.2814873
f 375/442/375 157/172/157 150/394/150
vt 0.3976049 0.6728879
vt 0.4076153 0.6728879
f 200/219/200 310/443/310 153/444/153
vt 0.5756233 0.1767651
vt 0.5720946 0.1767651
f 237/261/237 323/445/323 376/446/376
vt 0.3962618 0.6525654
f 286/447/286 88/91/88 139/151/139
vt 0.4071790 0.7014248
vt 0.4014557 0.6944358
f 143/448/143 377/449/377 123/132/123
vt 0.6106116 0.9441595
f 215/450/215 253/281/253 349/408/349
vt 0.6193467 0.9572719
vt 0.6164349 0.9703842
f 378/451/378 272/452/272 255/283/255
vt 0.4733657 0.1041862
vt 0.4699028 0.0832837
vt 0.4733657 0.0832837
f 379/453/379 380/454/380 381/455/381
vt 0.4733657 0.0372257
vt 0.4699028 0.0097632
vt 0.4733657 0.0097632
f 382/456/382 383/457/383 110/458/110
vt 0.6193467 0.9441595
f 255/283/255 384/459/384 378/451/378
vt 0.4601261 0.1451120
vt 0.4601261 0.1422915
f 79/460/79 205/224/205 80/461/80
vt 0.1485640 0.1965619
vt 0.1470239 0.1989250
f 365/462/365 367/463/367 199/216/199
vt 0.3966325 0.6534826
f 385/464/385 25/25/25 27/27/27
vt 0.3385721 0.1856233
vt 0.3446699 0.1889213
vt 0.3385721 0.1950115
f 386/465/386 387/466/387 388/467/388
vt 0.3265820 0.6164584
vt 0.3436773 0.6094693
f 174/468/174 389/469/389 10/10/10
vt 0.4733678 0.3180757
vt 0.4699036 0.2807025
vt 0.4733665 0.2807025
f 390/470/390 293/471/293 391/472/391
f 133/144/133 46/47/46 86/145/86
vt 0.4733729 0.3532956
vt 0.4699048 0.3180757
f 392/473/392 342/474/342 390/470/390
vt 0.4734057 0.4075891
vt 0.4699095 0.3532946
f 393/475/393 122/476/122 392/473/392
vt 0.3783021 0.6746940
vt 0.3783021 0.6677049
vt 0.3910052 0.6746938
f 394/477/394 240/478/240 395/479/395
vt 0.2102731 0.2089136
vt 0.2083730 0.2015791
vt 0.2312349 0.1970936
f 396/480/396 397/481/397 140/482/140
vt 0.5227634 0.4974904
f 372/438/372 398/483/398 103/107/103
vt 0.1441684 0.2089135
vt 0.1422404 0.2163560
vt 0.1192376 0.2149967
f 363/484/363 399/485/399 400/486/400
vt 0.1403014 0.0960564
vt 0.1649025 0.0954624
f 60/62/60 345/487/345 327/488/327
vt 0.7403832 0.9348341
f 188/203/188 210/489/210 373/440/373
vt 0.0158698 0.3334364
f 256/380/256 401/490/401 331/381/331
vt 0.3184763 0.0402526
vt 0.3302115 0.0402526
vt 0.3385721 0.0504156
f 402/491/402 403/492/403 389/493/389
vt 0.3882827 0.7014248
vt 0.3962398 0.6944358
vt 0.3962398 0.7014248
f 141/494/141 404/495/404 305/496/305
vt 0.3970844 0.6240281
f 7/7/7 2/2/2 325/497/325
vt 0.6076999 0.9572719
f 350/410/350 405/498/405 349/408/349
f 106/110/106 69/111/69 342/398/342
vt 0.4198410 0.6999437
vt 0.4171401 0.6999437
f 329/376/329 109/499/109 160/500/160
vt 0.1878285 0.1582501
vt 0.1910462 0.1693572
f 406/501/406 81/83/81 407/502/407
vt 0.5705411 0.9788749
vt 0.5666867 0.9615173
f 408/503/408 409/504/409 127/136/127
vt 0.1941025 0.1909328
vt 0.1907488 0.1889282
vt 0.1941061 0.1806865
f 410/505/410 411/506/411 408/507/408
vt 0.3584839 0.6892534
vt 0.3584839 0.6822644
f 68/70/68 361/508/361 66/509/66
vt 0.4036213 0.6723075
vt 0.4106105 0.6697909
vt 0.4106104 0.6723076
f 25/510/25 412/511/412 413/512/413
vt 0.5913703 0.9441595
vt 0.5942820 0.9572719
vt 0.5913703 0.9572719
f 95/513/95 414/514/414 415/515/415
vt 0.4036214 0.6549878
vt 0.4036214 0.6697907
f 416/516/416 412/511/412 417/517/417
vt 0.1649601 0.0110661
vt 0.1667770 0.0122645
f 208/229/208 418/518/418 419/519/419
vt 0.2489401 0.2689853
f 268/300/268 49/520/49 172/298/172
vt 0.2416354 0.2415900
f 388/467/388 412/521/412 386/465/386
vt 0.2352041 0.2149967
vt 0.3385721 0.1742412
vt 0.2370978 0.2231088
f 87/522/87 26/523/26 413/524/413
vt 0.7403832 0.9291695
f 144/158/144 418/525/418 145/159/145
vt 0.3612415 0.6601356
vt 0.3588845 0.6531465
vt 0.3612415 0.6531465
f 137/526/137 159/527/159 158/528/158
vt 0.3620587 0.6455764
vt 0.3773081 0.6385873
f 139/529/139 420/530/420 31/31/31
vt 0.4144867 0.6999437
f 329/376/329 341/531/341 328/374/328
f 101/105/101 310/443/310 99/103/99
vt 0.4147516 0.6360844
f 338/391/338 421/532/421 337/389/337
vt 0.3588845 0.6601356
vt 0.3433944 0.6671246
f 422/533/422 246/534/246 21/21/21
vt 0.3446699 0.0495209
vt 0.3446699 0.0666766
f 11/379/11 423/535/423 424/536/424
vt 0.3599205 0.6240285
f 89/92/89 17/17/17 425/537/425
vt 0.5720944 0.2042062
vt 0.5756232 0.2229710
vt 0.5720944 0.2229710
f 426/538/426 292/539/292 427/540/427
vt 0.4699029 0.1193165
vt 0.4733657 0.1193165
f 271/303/271 428/541/428 429/542/429
vt 0.2245598 0.1635008
vt 0.2102730 0.1639520
f 430/543/430 160/175/160 109/544/109
f 58/309/58 262/291/262 227/293/227
vt 0.4111395 0.6874467
vt 0.4111395 0.6944358
f 123/132/123 431/545/431 432/546/432
vt 0.4077626 0.6238823
vt 0.4147516 0.6194569
vt 0.4147516 0.6238823
f 433/547/433 106/548/106 121/549/121
vt 0.2093064 0.0504154
f 40/41/40 176/550/176 175/378/175
vt 0.4004037 0.6164585
f 347/551/347 23/23/23 334/385/334
vt 0.5715120 0.5013633
vt 0.5227634 0.5006099
f 434/552/434 435/553/435 288/323/288
vt 0.5756233 0.0688874
vt 0.5720946 0.0688874
f 343/400/343 135/554/135 436/555/436
vt 0.0158694 0.1195810
vt 0.0097716 0.1163598
vt 0.0158695 0.1112417
f 437/556/437 251/557/251 90/558/90
vt 0.5884586 0.9572719
vt 0.5913703 0.9703842
vt 0.5884586 0.9703842
f 438/559/438 439/560/439 314/561/314
vt 0.4601261 0.1643626
vt 0.4601261 0.1691831
f 235/259/235 440/562/440 441/563/441
vt 0.5756232 0.2042062
f 376/446/376 39/564/39 426/538/426
vt 0.7403832 0.9376721
f 190/205/190 442/565/442 188/203/188
vt 0.7932308 0.9234933
vt 0.8460783 0.7859855
vt 0.8460783 0.9234933
f 443/566/443 183/567/183 147/568/147
vt 0.6076999 0.9441595
f 349/408/349 216/569/216 215/450/215
vt 0.1298819 0.1635009
f 61/63/61 444/570/444 197/214/197
vt 0.3962398 0.6874467
f 377/449/377 119/571/119 124/133/124
f 366/431/366 364/429/364 367/432/367
vt 0.8460783 0.9263310
vt 0.7932308 0.9263312
f 146/572/146 145/159/145 445/573/445
vt 0.4106106 0.6549878
f 27/27/27 386/574/386 416/516/416
vt 0.1895390 0.0954621
f 446/575/446 325/368/325 162/177/162
vt 0.2809008 0.4069605
vt 0.2914353 0.4287738
f 447/576/447 120/129/120 448/577/448
vt 0.3748529 0.6677049
f 356/578/356 394/477/394 132/141/132
vt 0.5720939 0.2807024
vt 0.5756216 0.3180755
vt 0.5720927 0.3180756
f 449/579/449 450/580/450 451/581/451
vt 0.4736328 0.4950514
vt 0.4699356 0.4075763
f 452/582/452 453/583/453 393/475/393
f 422/533/422 20/20/20 159/527/159
f 438/559/438 95/513/95 415/515/415
vt 0.5942820 0.9441595
vt 0.5971937 0.9572719
f 403/584/403 75/585/75 414/514/414
vt 0.5855468 0.9572719
vt 0.5884586 0.9441595
f 454/586/454 91/587/91 438/559/438
vt 0.4072798 0.4733796
vt 0.4601273 0.4498006
f 455/588/455 448/589/448 73/75/73
vt 0.4072788 0.1920874
f 456/590/456 114/122/114 113/121/113
vt 0.4072789 0.1595416
vt 0.4601261 0.1595416
f 440/562/440 457/591/457 458/592/458
f 450/580/450 258/286/258 451/581/451
vt 0.3385720 0.1368410
f 430/543/430 138/593/138 158/173/158
f 92/244/92 336/388/336 44/45/44
vt 0.3588845 0.6671246
f 137/526/137 199/594/199 422/533/422
vt 0.4699029 0.1767652
vt 0.4733658 0.1767652
f 223/246/223 387/595/387 459/596/459
vt 0.4733657 0.0544911
vt 0.4699028 0.0373313
f 460/597/460 423/598/423 382/456/382
vt 0.4601262 0.1960673
vt 0.4072788 0.1947844
f 461/599/461 462/600/462 112/120/112
vt 0.8460783 0.9330990
f 144/158/144 152/601/152 259/288/259
f 255/283/255 96/409/96 253/281/253
vt 0.3385720 0.0707419
f 8/40/8 330/377/330 107/602/107
vt 0.3921416 0.6671249
f 48/49/48 333/603/333 352/413/352
f 94/118/94 55/56/55 111/119/111
vt 0.3590470 0.6746943
vt 0.3562685 0.6816834
vt 0.3562685 0.6746943
f 317/604/317 287/605/287 463/606/463
f 310/347/310 304/341/304 153/168/153
vt 0.4699028 0.0688874
vt 0.4733657 0.0688874
f 381/455/381 464/607/464 465/608/465
vt 0.5666867 0.9788749
f 407/609/407 207/227/207 409/504/409
f 147/568/147 445/573/445 443/566/443
vt 0.3594179 0.6816831
vt 0.3594179 0.6746940
f 131/140/131 72/610/72 395/611/395
f 106/110/106 122/131/122 121/130/121
f 333/383/333 148/162/148 150/164/150
vt 0.1128065 0.2415900
f 466/612/466 300/335/300 149/163/149
vt 0.8460783 0.9348341
f 259/288/259 467/613/467 373/440/373
vt 0.4072788 0.2149265
vt 0.3544311 0.2226149
f 468/614/468 399/615/399 363/428/363
vt 0.5855468 0.9441595
f 77/79/77 368/616/368 454/586/454
f 116/124/116 251/557/251 117/125/117
vt 0.3622051 0.6240285
f 89/92/89 353/617/353 301/336/301
vt 0.3642268 0.6234477
f 346/403/346 162/618/162 347/404/347
vt 0.1965201 0.0402523
f 228/619/228 176/550/176 273/305/273
vt 0.3593979 0.6385873
f 13/13/13 30/30/30 430/620/430
vt 0.1412865 0.0879771
f 266/621/266 327/488/327 345/487/345
vt 0.4601267 0.3016596
vt 0.4072791 0.3221658
f 469/622/469 470/623/470 155/170/155
vt 0.7403832 0.7828020
f 335/387/335 369/624/369 336/388/336
f 117/125/117 134/146/134 115/123/115
f 387/466/387 172/298/172 388/467/388
f 62/64/62 437/556/437 63/65/63
f 432/546/432 143/448/143 123/132/123
vt 0.3544325 0.0097632
vt 0.4072799 0.0324507
vt 0.3544322 0.0324501
f 195/625/195 471/626/471 472/627/472
vt 0.4601261 0.1520758
vt 0.4601261 0.1495385
f 473/628/473 319/359/319 406/629/406
vt 0.4601264 0.2410474
vt 0.4072788 0.2303119
vt 0.4601263 0.2303118
f 474/630/474 475/631/475 476/632/476
vt 0.4072798 0.0533388
vt 0.3544320 0.0533381
f 472/627/472 477/633/477 203/634/203
vt 0.4563529 0.5445799
vt 0.4072790 0.5435352
vt 0.4563528 0.5435358
f 478/635/478 479/636/479 480/637/480
vt 0.1380346 0.1131393
f 59/61/59 481/638/481 60/62/60
vt 0.4601270 0.3816590
f 482/639/482 276/310/276 219/241/219
vt 0.2201978 0.1382599
f 57/58/57 353/415/353 425/640/425
vt 0.4007736 0.6238823
vt 0.4077626 0.6194569
f 331/641/331 483/642/483 433/547/433
vt 0.3405546 0.6677052
vt 0.3265820 0.6677052
f 268/643/268 317/355/317 484/644/484
vt 0.4601261 0.1740037
vt 0.4072788 0.1776459
f 485/645/485 486/646/486 355/417/355
vt 0.3630308 0.6677050
f 132/141/132 487/647/487 356/578/356
vt 0.3966323 0.6723074
f 298/648/298 417/517/417 25/510/25
f 444/570/444 198/215/198 197/214/197
vt 0.0158694 0.1742414
vt 0.0097716 0.1677673
vt 0.0158694 0.1652170
f 385/649/385 236/650/236 129/651/129
vt 0.1031652 0.2772329
f 318/652/318 150/164/150 157/406/157
vt 0.4739646 0.4972272
f 488/653/488 104/108/104 398/483/398
vt 0.4072788 0.2226147
vt 0.4601263 0.2226146
f 476/632/476 489/654/489 490/655/490
vt 0.5826352 0.9703842
f 454/586/454 214/656/214 77/79/77
vt 0.0219671 0.0097640
f 491/657/491 314/352/314 369/434/369
vt 0.7932308 0.9433479
f 189/204/189 492/658/492 190/205/190
vt 0.4601261 0.1366506
vt 0.4601261 0.1344967
f 78/659/78 262/291/262 56/660/56
vt 0.4601261 0.1394707
vt 0.4072790 0.1394704
vt 0.4072790 0.1380603
f 167/661/167 493/662/493 494/663/494
f 485/645/485 355/417/355 354/416/354
vt 0.4601261 0.1557970
f 495/664/495 238/264/238 473/628/473
vt 0.4601268 0.3630162
vt 0.4072793 0.3630166
f 71/665/71 219/241/219 496/666/496
f 78/80/78 109/544/109 81/83/81
vt 0.0097716 0.0219595
vt 0.0183624 0.0300900
f 264/667/264 439/668/439 261/290/261
vt 0.6047882 0.9441595
f 405/498/405 497/669/497 216/569/216
vt 0.1593834 0.1513209
f 170/185/170 169/184/169 204/670/204
vt 0.4072796 0.4255769
vt 0.3544322 0.4498010
f 498/671/498 285/672/285 277/311/277
vt 0.4077626 0.6094698
vt 0.4147516 0.6094698
f 106/548/106 337/673/337 421/674/421
vt 0.3544317 0.0734203
f 477/633/477 499/675/499 203/634/203
vt 0.3544312 0.2410478
vt 0.3544312 0.2303121
f 475/631/475 300/676/300 299/677/299
vt 0.7403832 0.7796183
f 44/45/44 369/624/369 316/678/316
vt 0.0158694 0.2603053
f 500/679/500 240/266/240 291/326/291
vt 0.3544310 0.1643624
f 181/196/181 234/258/234 501/680/501
f 281/315/281 456/590/456 113/121/113
vt 0.1440174 0.0626112
f 202/221/202 502/681/502 203/222/203
vt 0.5756230 0.2472286
vt 0.5720943 0.2472286
f 427/540/427 291/682/291 503/683/503
f 7/7/7 136/228/136 3/3/3
f 172/187/172 352/413/352 173/188/173
vt 0.0639292 0.3916866
vt 0.0656447 0.3873782
vt 0.0735408 0.4069605
f 504/684/504 332/685/332 277/686/277
vt 0.4601262 0.2045289
f 505/687/505 362/427/362 366/431/366
f 193/208/193 177/192/177 461/599/461
f 305/342/305 284/318/284 141/154/141
f 210/489/210 259/288/259 373/440/373
vt 0.0772149 0.3569535
vt 0.0988443 0.3497612
f 487/688/487 313/689/313 221/365/221
vt 0.0097719 0.3301982
vt 0.0158697 0.3270483
f 401/490/401 450/690/450 307/691/307
vt 0.1659691 0.0861113
f 201/220/201 499/692/499 266/621/266
f 409/504/409 128/137/128 127/136/127
vt 0.3665057 0.6094696
f 115/384/115 346/403/346 481/693/481
vt 0.5756233 0.0832837
f 436/555/436 117/694/117 306/343/306
vt 0.5743956 0.9788749
f 127/136/127 341/695/341 408/503/408
f 416/516/416 385/464/385 27/27/27
vt 0.4601262 0.2149264
f 490/655/490 468/614/468 396/696/396
vt 0.4601268 0.3221655
f 35/697/35 312/349/312 470/623/470
f 13/13/13 63/126/63 28/28/28
vt 0.2141318 0.2238072
f 413/524/413 476/698/476 87/522/87
vt 0.4601268 0.3417448
f 506/699/506 496/666/496 312/349/312
f 227/250/227 226/249/226 58/60/58
f 311/348/311 142/155/142 309/346/309
f 400/486/400 385/649/385 129/651/129
vt 0.3421988 0.6962425
f 133/144/133 500/700/500 47/48/47
vt 0.3544311 0.1920874
f 507/701/507 282/316/282 456/590/456
vt 0.4563528 0.5456264
f 508/702/508 279/313/279 478/635/478
f 90/93/90 16/16/16 18/18/18
vt 0.3773081 0.6525654
f 33/33/33 245/703/245 31/31/31
f 24/24/24 346/403/346 22/22/22
vt 0.4601276 0.0324514
vt 0.4072803 0.0097640
vt 0.4601280 0.0097646
f 273/704/273 492/705/492 274/706/274
vt 0.4601265 0.2814871
f 509/707/509 155/170/155 375/442/375
vt 0.4601261 0.1806325
vt 0.4601262 0.1776459
f 510/708/510 486/646/486 511/709/511
vt 0.4007736 0.6194569
vt 0.4007736 0.6094698
f 337/673/337 401/710/401 504/711/504
vt 0.5855468 0.9703842
f 438/559/438 512/712/512 454/586/454
vt 0.3385721 0.1549665
f 159/174/159 420/713/420 140/482/140
vt 0.4072790 0.5424899
f 278/312/278 513/714/513 479/636/479
vt 0.4739482 0.5003234
vt 0.4739538 0.4992828
f 289/324/289 514/715/514 515/716/515
vt 0.2082555 0.0402523
vt 0.3126088 0.0300896
f 230/717/230 76/718/76 402/491/402
vt 0.4147516 0.6322650
f 338/391/338 121/549/121 120/719/120
vt 0.4128254 0.6798769
vt 0.4128254 0.6868660
f 194/218/194 101/720/101 100/721/100
f 249/277/249 287/322/287 156/407/156
f 153/168/153 304/341/304 154/169/154
f 37/414/37 171/186/171 173/188/173
vt 0.1461861 0.0402524
f 497/722/497 214/235/214 216/237/216
f 487/688/487 357/422/357 356/421/356
f 80/461/80 493/662/493 167/661/167
vt 0.4601271 0.4026930
f 65/723/65 498/671/498 276/310/276
f 319/359/319 79/460/79 406/629/406
vt 0.4601262 0.1920874
f 282/316/282 516/724/516 456/590/456
f 458/592/458 180/195/180 495/664/495
vt 0.3544327 0.5424895
vt 0.3582789 0.5148646
vt 0.3582790 0.5424896
f 517/725/517 518/726/518 519/727/519
f 14/59/14 430/543/430 109/544/109
vt 0.4128254 0.6728879
f 311/728/311 200/219/200 153/444/153
vt 0.4601261 0.1310238
f 56/660/56 275/308/275 57/729/57
vt 0.4601268 0.0828333
vt 0.4072795 0.0734866
vt 0.4601270 0.0734216
f 446/730/446 520/731/520 521/732/521
vt 0.4072793 0.1039113
vt 0.4601267 0.1039119
f 57/729/57 522/733/522 161/734/161
vt 0.4601262 0.2073498
f 397/735/397 468/614/468 362/427/362
vt 0.4601264 0.2582651
f 523/736/523 375/442/375 340/393/340
vt 0.3584839 0.6962425
vt 0.3700043 0.6962425
f 324/737/324 308/345/308 357/738/357
f 102/106/102 370/435/370 45/46/45
f 494/663/494 493/662/493 204/223/204
vt 0.3616656 0.6525654
f 226/739/226 13/13/13 15/15/15
vt 0.1441685 0.1639522
f 225/248/225 206/740/206 226/249/226
f 11/11/11 233/256/233 12/12/12
vt 0.5227634 0.5016499
vt 0.4739434 0.5013634
f 514/715/514 524/741/524 525/742/525
vt 0.4072790 0.5466709
vt 0.4563528 0.5466718
f 524/743/524 508/702/508 525/744/525
f 479/636/479 6/6/6 480/637/480
f 419/519/419 209/230/209 208/229/208
vt 0.3385720 0.2919316
f 130/745/130 293/328/293 68/142/68
vt 0.3544324 0.4733797
vt 0.4072798 0.4498007
vt 0.3582788 0.4733797
f 142/746/142 526/747/526 455/748/455
vt 0.4072789 0.2410476
f 523/736/523 527/749/527 474/630/474
vt 0.4601261 0.1845186
f 411/750/411 165/180/165 510/708/510
f 357/422/357 450/690/450 358/423/358
vt 0.7403832 0.9263312
f 145/159/145 295/751/295 445/573/445
vt 0.4072788 0.2017085
f 505/687/505 528/752/528 191/206/191
vt 0.3427662 0.6240285
vt 0.3265820 0.6240285
f 529/753/529 301/371/301 353/754/353
f 204/670/204 169/184/169 225/248/225
vt 0.4601262 0.1884259
f 410/755/410 247/275/247 411/750/411
vt 0.4739595 0.4982437
f 530/756/530 289/324/289 515/716/515
f 488/653/488 371/437/371 530/756/530
f 161/734/161 326/372/326 446/730/446
vt 0.4601273 0.0533395
f 477/633/477 273/704/273 40/757/40
f 297/332/297 102/321/102 292/327/292
vt 0.3436773 0.6234473
f 243/758/243 174/468/174 10/10/10
vt 0.3562685 0.6677052
f 463/606/463 52/53/52 36/759/36
vt 0.4601273 0.4255766
f 448/589/448 498/671/498 447/760/447
f 521/732/521 477/633/477 40/757/40
vt 0.3385719 0.1029479
f 529/761/529 303/340/303 17/339/17
vt 0.2905123 0.3916864
f 421/762/421 447/576/447 64/66/64
vt 0.3025635 0.4495614
f 100/211/100 73/763/73 125/209/125
vt 0.3385710 0.4966891
vt 0.3446692 0.4196781
vt 0.3446687 0.5072019
f 531/764/531 453/765/453 532/766/532
vt 0.3034477 0.4227145
f 73/763/73 431/767/431 125/209/125
vt 0.3386827 0.5107832
vt 0.3371656 0.5093726
vt 0.3441400 0.5092059
f 533/768/533 5/769/5 534/770/534
vt 0.3156258 0.4733629
f 531/764/531 74/771/74 100/211/100
vt 0.5227634 0.4956566
vt 0.4739636 0.4961708
f 535/772/535 104/108/104 536/773/536
vt 0.2168501 0.2341931
f 412/521/412 474/774/474 413/524/413
vt 0.2437414 0.2497622
vt 0.2212820 0.2508305
f 50/775/50 523/776/523 412/521/412
vt 0.2281689 0.2730079
f 49/520/49 509/777/509 50/775/50
vt 0.2512763 0.2772328
f 484/778/484 509/777/509 49/520/49
vt 0.2342821 0.2922317
f 36/36/36 469/779/469 484/778/484
vt 0.3590470 0.6677052
f 463/606/463 484/780/484 317/604/317
vt 0.2478831 0.3299378
f 34/34/34 506/781/506 35/35/35
vt 0.2627976 0.3669570
f 66/68/66 482/782/482 70/72/70
vt 0.3879127 0.6822644
f 151/165/151 66/783/66 361/426/361
f 72/74/72 506/781/506 86/88/86
f 431/767/431 448/577/448 120/129/120
vt 0.3385714 0.4133021
f 194/210/194 124/784/124 453/765/453
f 119/128/119 453/765/453 124/784/124
vt 0.3882827 0.6944358
vt 0.3882827 0.6874467
f 119/571/119 432/785/432 431/786/431
vt 0.4733661 0.2472287
f 537/787/537 222/245/222 224/247/224
vt 0.3385721 0.2325236
f 267/299/267 52/788/52 268/300/268
vt 0.3446699 0.2351162
f 52/788/52 222/789/222 339/392/339
vt 0.4699032 0.2472287
f 391/472/391 294/790/294 537/787/537
f 240/266/240 358/423/358 291/326/291
f 294/329/294 339/392/339 222/789/222
f 46/89/46 294/329/294 85/87/85
vt 0.4699029 0.1556059
f 459/596/459 538/791/538 269/301/269
f 26/523/26 387/466/387 386/465/386
vt 0.3446698 0.1314863
vt 0.3385720 0.1283326
f 29/338/29 428/792/428 30/793/30
vt 0.3385721 0.1652169
vt 0.3446699 0.1677670
f 26/523/26 32/794/32 538/795/538
f 420/713/420 538/795/538 32/794/32
vt 0.3385720 0.1462324
vt 0.3446698 0.1466129
f 420/713/420 20/796/20 270/797/270
vt 0.4699028 0.1041862
f 429/542/429 303/798/303 379/453/379
vt 0.4198410 0.6879950
f 198/375/198 108/799/108 329/376/329
f 138/593/138 270/797/270 20/796/20
f 138/593/138 30/793/30 428/792/428
vt 0.3385720 0.0947255
vt 0.3446698 0.0954622
f 24/800/24 380/801/380 529/761/529
f 107/602/107 330/377/330 424/536/424
f 163/178/163 529/761/529 353/415/353
f 425/640/425 29/338/29 14/59/14
f 330/377/330 11/379/11 424/536/424
vt 0.3446698 0.0810694
f 107/602/107 464/802/464 2/369/2
vt 0.4699028 0.0544911
f 465/608/465 424/803/424 460/597/460
f 178/193/178 528/752/528 365/430/365
f 23/367/23 2/369/2 464/802/464
f 23/367/23 380/801/380 24/800/24
f 226/249/226 206/740/206 444/570/444
vt 0.7403832 0.9234933
f 445/573/445 296/804/296 443/566/443
vt 0.6018765 0.9572719
vt 0.6018765 0.9441595
f 497/669/497 378/805/378 384/806/384
f 496/666/496 221/243/221 313/350/313
vt 0.5942820 0.9703842
f 415/515/415 244/807/244 439/560/439
f 401/490/401 332/685/332 504/684/504
f 395/611/395 487/647/487 131/140/131
f 105/109/105 104/108/104 535/772/535
f 520/731/520 327/373/327 499/675/499
vt 0.3966325 0.6549878
f 417/517/417 321/808/321 416/516/416
vt 0.0158695 0.0666767
vt 0.0097717 0.0666767
f 539/809/539 540/810/540 260/289/260
vt 0.3551587 0.6962425
vt 0.3581131 0.6892534
vt 0.3581131 0.6962425
f 241/811/241 370/812/370 249/813/249
f 12/12/12 243/758/243 10/10/10
vt 0.3425130 0.6816832
f 463/606/463 297/814/297 53/54/53
f 332/685/332 220/366/220 277/686/277
f 466/612/466 322/362/322 321/361/321
f 539/809/539 502/681/502 202/221/202
f 470/623/470 250/351/250 156/171/156
vt 0.3760937 0.6671249
vt 0.3616123 0.6671249
f 48/263/48 322/815/322 148/816/148
f 518/726/518 142/746/142 455/748/455
f 134/146/134 266/621/266 345/487/345
vt 0.0101871 0.0188031
f 360/817/360 314/352/314 439/668/439
f 212/273/212 61/63/61 246/274/246
f 527/749/527 149/395/149 300/676/300
f 284/318/284 277/686/277 285/319/285
f 385/649/385 323/363/323 236/650/236
f 261/290/261 244/270/244 243/269/243
f 320/360/320 238/264/238 239/265/239
vt 0.3424615 0.6525653
f 437/818/437 15/153/15 118/127/118
vt 0.3582791 0.5466701
f 84/86/84 524/743/524 434/819/434
f 236/650/236 245/272/245 129/651/129
f 284/390/284 433/547/433 338/391/338
vt 0.0158695 0.0707419
f 135/147/135 541/820/541 136/148/136
vt 0.5756227 0.2807024
f 503/683/503 358/821/358 449/579/449
f 541/820/541 540/810/540 539/809/539
f 245/703/245 139/529/139 31/31/31
f 489/654/489 299/677/299 399/615/399
f 75/585/75 244/807/244 414/514/414
vt 0.1557352 0.1923618
vt 0.1542651 0.1928134
vt 0.1489939 0.1837013
f 281/822/281 280/823/280 126/824/126
f 418/518/418 208/229/208 295/330/295
vt 0.1342438 0.1382602
f 226/249/226 302/825/302 58/60/58
f 37/37/37 323/363/323 322/362/322
f 539/809/539 201/220/201 541/820/541
vt 0.5628323 0.9441595
vt 0.5666867 0.9441595
f 409/504/409 169/826/169 542/827/542
f 462/600/462 179/194/179 280/314/280
vt 0.3794154 0.6380063
vt 0.3625759 0.6380063
f 9/112/9 541/828/541 201/829/201
f 116/124/116 481/638/481 59/61/59
vt 0.3839016 0.6094696
f 134/830/134 347/551/347 334/385/334
f 355/417/355 164/179/164 218/418/218
vt 0.3452901 0.6234473
vt 0.3622375 0.6234473
f 260/831/260 233/256/233 502/832/502
vt 0.6076999 0.9703842
f 543/833/543 229/252/229 405/498/405
f 403/492/403 423/535/423 389/493/389
vt 0.2082555 0.0199262
f 76/718/76 350/834/350 368/433/368
vt 0.3446699 0.0219592
f 95/99/95 383/835/383 423/535/423
f 41/42/41 40/41/40 175/378/175
vt 0.1884726 0.0861110
f 521/836/521 8/40/8 325/368/325
f 14/59/14 57/58/57 425/640/425
vt 0.1451353 0.0504155
vt 0.1579218 0.0402524
vt 0.1699280 0.0453339
f 232/837/232 384/838/384 472/839/472
f 53/54/53 38/356/38 51/52/51
vt 0.4014557 0.7014248
f 154/840/154 404/495/404 377/449/377
f 437/556/437 302/825/302 226/249/226
vt 0.7439111 0.7764345
vt 0.7403832 0.7732509
f 544/841/544 348/842/348 359/424/359
f 203/222/203 232/837/232 472/839/472
f 205/224/205 168/358/168 170/225/170
vt 0.1062645 0.3596821
vt 0.1067113 0.3562821
vt 0.1189256 0.3928397
f 545/843/545 546/844/546 547/845/547
vt 0.1080211 0.3531130
f 546/844/546 548/846/548 547/845/547
vt 0.2239058 0.3959784
vt 0.1303422 0.3959386
vt 0.1193833 0.3465338
f 549/847/549 550/848/550 551/849/551
vt 0.1219858 0.3924479
vt 0.1101055 0.3503908
vt 0.1128225 0.3483009
f 552/850/552 553/851/553 554/852/554
vt 0.1160726 0.3940071
f 547/845/547 555/853/555 545/843/545
vt 0.1136209 0.3958711
f 555/853/555 556/854/556 545/843/545
vt 0.1117359 0.3983035
f 545/843/545 556/854/556 557/855/557
vt 0.2292132 0.4157469
vt 0.2322725 0.4161493
vt 0.2349000 0.4358501
f 558/856/558 559/857/559 560/858/560
vt 0.8748833 0.3840260
vt 0.7882142 0.3614396
vt 0.8748833 0.3614396
f 561/859/561 562/860/562 563/861/563
vt 0.2382996 0.4354016
vt 0.2353314 0.4157458
vt 0.2414677 0.4340885
f 564/862/564 565/863/565 566/864/566
vt 0.2480314 0.4227099
vt 0.2406304 0.4126864
vt 0.2425091 0.4102390
f 567/865/567 568/866/568 569/867/569
vt 0.2263526 0.3941005
vt 0.2292017 0.3929206
f 570/868/570 551/849/551 571/869/571
vt 0.2349025 0.3465747
f 551/849/551 572/870/572 571/869/571
vt 0.6287113 0.9049109
vt 0.6097836 0.9244741
vt 0.6045268 0.9192159
f 573/871/573 574/872/574 575/873/575
vt 0.1105466 0.4011384
f 557/855/557 576/874/576 545/843/545
vt 0.1101191 0.4043349
f 576/874/576 577/875/577 545/843/545
vt 0.1061614 0.4227147
f 545/843/545 577/875/577 578/876/578
vt 0.1105211 0.4073913
f 577/875/577 579/877/579 578/876/578
vt 0.1117003 0.4102402
f 579/877/579 580/878/580 578/876/578
vt 0.1135790 0.4126872
f 580/878/580 581/879/581 578/876/578
vt 0.1066139 0.4261178
f 578/876/578 581/879/581 582/880/582
vt 0.1160291 0.4145653
f 581/879/581 583/881/583 582/880/582
vt 0.1079305 0.4292884
f 582/880/582 583/881/583 584/882/584
f 570/868/570 549/847/549 551/849/551
vt 0.1322174 0.3983926
vt 0.2220293 0.3984258
vt 0.2208502 0.4012759
f 585/883/585 586/884/586 587/885/587
vt 0.1278955 0.3940508
f 551/849/551 550/848/550 588/886/588
vt 0.1159871 0.3469857
f 554/852/554 589/887/589 552/850/552
vt 0.2322587 0.3925176
f 572/870/572 590/888/590 571/869/571
vt 0.1250453 0.3928608
f 551/849/551 588/886/588 591/889/591
vt 0.3176730 0.7502400
vt 0.3022142 0.7587734
vt 0.3149217 0.7466540
f 592/890/592 593/891/593 594/892/594
vt 0.2441880 0.4320001
vt 0.2381825 0.4145650
vt 0.2462744 0.4292786
f 595/893/595 596/894/596 597/895/597
vt 0.2436899 0.4073890
f 569/867/569 598/896/598 567/865/567
vt 0.2440935 0.4043310
f 598/896/598 599/897/599 567/865/567
vt 0.2480314 0.3597072
f 567/865/567 599/897/599 600/898/600
vt 0.2436602 0.4012705
f 599/897/599 601/899/601 600/898/600
vt 0.2424830 0.3984227
f 600/898/600 601/899/601 602/900/602
vt 0.2406077 0.3959768
f 602/900/602 603/901/603 600/898/600
vt 0.2381629 0.3940998
f 603/901/603 604/902/604 600/898/600
vt 0.2475842 0.3563097
f 600/898/600 604/902/604 605/903/605
vt 0.2353151 0.3929203
f 604/902/604 606/904/606 605/903/605
vt 0.1100229 0.4320096
f 584/882/584 583/881/583 607/905/607
f 565/863/565 595/893/595 566/864/566
f 568/866/568 567/865/567 596/894/596
vt 0.2475853 0.4261097
f 567/865/567 608/906/608 596/894/596
f 596/894/596 608/906/608 597/895/597
vt 0.2383009 0.3470233
vt 0.2414677 0.3483356
f 609/907/609 610/908/610 590/888/590
vt 0.4684226 0.6154187
vt 0.4303332 0.7379974
vt 0.4303332 0.5856398
f 611/909/611 612/910/612 613/911/613
vt 0.2441871 0.3504229
vt 0.2462732 0.3531427
f 614/912/614 615/913/615 606/904/606
f 606/904/606 615/913/615 605/903/605
vt 0.1127480 0.4340963
vt 0.1188835 0.4157450
vt 0.1159202 0.4354060
f 616/914/616 617/915/617 618/916/618
f 565/863/565 560/858/560 559/857/559
vt 0.1219462 0.4161472
vt 0.1250089 0.4157437
vt 0.1193225 0.4358503
f 619/917/619 620/918/620 621/919/621
vt 0.1278635 0.4145626
f 621/919/621 620/918/620 622/920/622
vt 0.1303164 0.4126816
vt 0.1322001 0.4102303
vt 0.2239140 0.4126893
f 623/921/623 624/922/624 625/923/625
vt 0.2220347 0.4102421
vt 0.1333855 0.4073757
f 626/924/626 624/922/624 627/925/627
vt 0.1333945 0.4012488
f 587/885/587 628/926/628 585/883/585
vt 0.2263623 0.4145671
f 558/856/558 560/858/560 629/927/629
f 560/858/560 621/919/621 629/927/629
f 629/927/629 621/919/621 625/923/625
f 621/919/621 622/920/622 625/923/625
f 625/923/625 622/920/622 623/921/623
vt 0.2001508 0.2459959
vt 0.1965741 0.2432238
vt 0.2001734 0.2432435
f 630/928/630 631/929/631 632/930/632
vt 0.2204489 0.4043340
f 633/931/633 628/926/628 587/885/587
vt 0.2208529 0.4073920
f 627/925/627 634/932/634 626/924/626
vt 0.6769491 0.1302469
vt 0.6738018 0.1272358
vt 0.6772274 0.1275135
f 635/933/635 636/934/636 637/935/637
vt 0.6738226 0.1246167
vt 0.6773765 0.1247628
f 637/935/637 638/936/638 639/937/639
vt 0.6737683 0.1219335
vt 0.6774631 0.1219860
f 639/937/639 640/938/640 641/939/641
vt 0.6774539 0.1192014
vt 0.6738480 0.1192267
f 642/940/642 640/938/640 643/941/643
f 551/849/551 552/850/552 589/887/589
vt 0.6773764 0.1137550
vt 0.6738889 0.1165254
vt 0.6739320 0.1138276
f 644/942/644 645/943/645 646/944/646
vt 0.1600354 0.2722282
vt 0.1683357 0.2744099
vt 0.1603370 0.2752730
f 647/945/647 648/946/648 649/947/649
vt 0.6772910 0.0920067
vt 0.6737187 0.0892259
vt 0.6773691 0.0892822
f 650/948/650 651/949/651 652/950/652
vt 0.6773112 0.1083310
vt 0.6737477 0.1111083
vt 0.6738223 0.1083850
f 653/951/653 654/952/654 655/953/655
vt 0.2002282 0.2733185
vt 0.1965540 0.2706314
vt 0.2002099 0.2705961
f 656/954/656 657/955/657 658/956/658
vt 0.6772478 0.1029068
vt 0.6736369 0.1001865
vt 0.6772853 0.1001929
f 659/957/659 660/958/660 661/959/661
vt 0.6772623 0.0974672
vt 0.6737641 0.0974498
f 662/960/662 660/958/660 663/961/663
vt 0.6736563 0.0947050
vt 0.6773254 0.0947353
f 662/960/662 664/962/664 665/963/665
vt 0.1593623 0.2600409
vt 0.1676555 0.2628240
vt 0.1594198 0.2631245
f 666/964/666 667/965/667 668/966/668
vt 0.1654263 0.2963648
vt 0.1705918 0.2905233
vt 0.1712279 0.2929182
f 669/967/669 670/968/670 671/969/671
vt 0.2000924 0.2624659
vt 0.1965172 0.2651824
vt 0.1966456 0.2624523
f 672/970/672 673/971/673 674/972/674
vt 0.6774088 0.0838184
vt 0.6738929 0.0864923
vt 0.6738348 0.0837730
f 675/973/675 676/974/676 677/975/677
vt 0.6774282 0.1164584
f 678/976/678 643/941/643 645/943/645
vt 0.6774162 0.0810454
vt 0.6736754 0.0783136
vt 0.6774029 0.0782356
f 679/977/679 680/978/680 681/979/681
vt 0.6772933 0.0754353
vt 0.6737123 0.0756103
f 682/980/682 680/978/680 683/981/683
vt 0.6736628 0.1056542
vt 0.6772929 0.1056157
f 653/951/653 684/982/684 685/983/685
vt 0.6389639 0.0727690
vt 0.6466930 0.0718044
vt 0.6461414 0.0743700
f 686/984/686 687/985/687 688/986/688
vt 0.1614389 0.2324761
vt 0.1692144 0.2314392
vt 0.1686806 0.2340218
f 689/987/689 690/988/690 691/989/691
vt 0.6367441 0.0910022
vt 0.6446959 0.0942758
vt 0.6366086 0.0940344
f 692/990/692 693/991/693 694/992/694
vt 0.2001193 0.2570375
vt 0.1964227 0.2542271
vt 0.2001555 0.2542621
f 695/993/695 696/994/696 697/995/697
vt 0.2001057 0.2515033
vt 0.1965744 0.2514680
f 698/996/698 696/994/696 699/997/699
vt 0.1964877 0.2487096
vt 0.2001706 0.2487516
f 698/996/698 700/998/700 701/999/701
vt 0.1966496 0.2459579
f 630/928/630 700/998/700 702/1000/702
vt 0.1600430 0.2416165
vt 0.1682680 0.2395613
vt 0.1678962 0.2423791
f 703/1001/703 704/1002/704 705/1003/705
vt 0.1964961 0.2404822
vt 0.2001578 0.2404516
f 632/930/632 706/1004/706 707/1005/707
vt 0.6773665 0.0865496
f 708/1006/708 651/949/651 676/974/676
vt 0.1594324 0.2508160
vt 0.1674317 0.2540029
vt 0.1593344 0.2538572
f 709/1007/709 710/1008/710 711/1009/711
vt 0.2002404 0.2760014
vt 0.1966915 0.2733516
f 712/1010/712 713/1011/713 656/954/656
vt 0.6768543 0.0699229
vt 0.6736746 0.0729685
vt 0.6735586 0.0704013
f 714/1012/714 715/1013/715 716/1014/716
vt 0.1994884 0.2292730
vt 0.1958189 0.2273257
vt 0.1990162 0.2263466
f 717/1015/717 718/1016/718 719/1017/719
vt 0.1998412 0.2896017
vt 0.1963288 0.2915066
vt 0.1966332 0.2891613
f 720/1018/720 718/1019/718 721/1020/721
vt 0.1967124 0.2866418
vt 0.2000991 0.2869001
f 720/1018/720 722/1021/722 723/1022/723
vt 0.1967216 0.2840484
vt 0.2002323 0.2841824
f 723/1022/723 724/1023/724 725/1024/725
vt 0.1965564 0.2597339
vt 0.2001070 0.2597716
f 672/970/672 726/1025/726 727/1026/727
vt 0.1963706 0.2377368
vt 0.2001189 0.2376245
f 707/1005/707 728/1027/728 729/1028/729
vt 0.1967538 0.2787083
vt 0.1968347 0.2760358
f 712/1010/712 730/1029/730 731/1030/731
vt 0.1337930 0.4043126
f 634/932/634 732/1031/732 633/931/633
vt 0.6737649 0.1029218
f 659/957/659 684/982/684 733/1032/733
vt 0.2001356 0.2678786
vt 0.1966521 0.2679081
f 734/1033/734 657/955/657 735/1034/735
vt 0.2001463 0.2651711
f 734/1033/734 673/971/673 736/1035/736
vt 0.1675528 0.2569477
vt 0.1592943 0.2569496
f 711/1009/711 737/1036/737 738/1037/738
vt 0.1997907 0.2320323
vt 0.1963835 0.2350187
vt 0.1963217 0.2323638
f 739/1038/739 740/1039/740 741/1040/741
vt 0.6771288 0.0726711
f 742/1041/742 683/981/683 715/1013/715
vt 0.4252624 0.7502400
vt 0.4280139 0.7466540
f 743/1042/743 610/1043/610 744/1043/744
vt 0.4297432 0.5811591
f 613/911/613 589/1044/589 745/1044/745
vt 0.2048060 0.2344898
vt 0.1999828 0.2348096
f 739/1038/739 623/1045/623 746/1046/746
vt 0.1678537 0.2452682
vt 0.1675841 0.2481642
f 747/1047/747 700/998/700 748/1048/748
vt 0.0171903 0.8922569
vt 0.0097620 0.9395301
vt 0.0097620 0.8922569
f 749/1049/749 750/1050/750 751/1051/751
f 704/1002/704 631/929/631 705/1003/705
vt 0.1684420 0.2367563
f 752/1052/752 706/1004/706 704/1002/704
f 691/989/691 728/1027/728 752/1052/752
vt 0.1523394 0.2965851
vt 0.1532282 0.2997696
f 753/1053/753 669/967/669 754/1054/754
vt 0.3212591 0.5706457
vt 0.3176730 0.5733972
f 755/1055/755 607/1056/607 756/1056/756
vt 0.9319216 0.2970072
vt 0.8846482 0.1499349
vt 0.9319216 0.1499349
f 593/1057/593 575/1058/575 757/1059/757
vt 0.4280139 0.5769832
f 745/1044/745 554/1060/554 758/1060/758
vt 0.6447814 0.0972182
f 693/991/693 663/961/663 759/1061/759
vt 0.2043505 0.2929921
vt 0.1994125 0.2924478
f 720/1018/720 732/1062/732 719/1063/719
vt 0.2047116 0.2677899
f 736/1035/736 556/1064/556 734/1033/734
vt 0.6267979 0.1268516
vt 0.6381299 0.1215264
vt 0.6386628 0.1245238
f 760/1065/760 761/1066/761 762/1067/762
vt 0.6452812 0.0826856
vt 0.6452092 0.0855650
f 763/1068/763 676/974/676 764/1069/764
vt 0.6456802 0.0798819
f 765/1070/765 677/975/677 763/1068/763
vt 0.6458803 0.0770900
vt 0.6737775 0.0810456
f 766/1071/766 767/1072/767 765/1070/765
vt 0.3131924 0.5811591
vt 0.3126024 0.5856398
f 768/1073/768 621/1074/621 769/1074/769
vt 0.1472511 0.2537367
vt 0.1472456 0.2570478
f 770/1075/770 738/1037/738 771/1076/771
vt 0.1694946 0.2854697
vt 0.1700909 0.2880125
f 772/1077/772 722/1021/722 773/1078/773
vt 0.6474767 0.1309139
vt 0.6733794 0.1321464
vt 0.6480910 0.1333301
f 774/1079/774 775/1080/775 776/1081/776
f 688/986/688 680/978/680 766/1071/766
vt 0.6268276 0.0702706
vt 0.6383448 0.0757467
vt 0.6262406 0.0736762
f 777/1082/777 778/1083/778 779/1084/779
vt 0.2045977 0.2315585
f 717/1015/717 624/1085/624 739/1038/739
vt 0.6820914 0.0751643
f 742/1041/742 549/1086/549 682/980/682
vt 0.6459059 0.1203507
vt 0.6461352 0.1231197
f 780/1087/780 640/938/640 781/1088/781
vt 0.6454818 0.1175615
f 782/1089/782 643/941/643 780/1087/780
f 782/1089/782 646/944/646 645/943/645
f 592/890/592 566/892/566 595/890/595
vt 0.6447498 0.1089422
vt 0.6450559 0.1118324
f 783/1090/783 654/952/654 784/1091/784
vt 0.1514679 0.2933064
vt 0.1641655 0.2931998
f 785/1092/785 786/1093/786 753/1053/753
f 690/988/690 740/1039/740 691/989/691
vt 0.6274530 0.1301688
vt 0.6392887 0.1274753
f 787/1094/787 762/1067/762 788/1095/788
vt 0.1684670 0.2772558
f 648/946/648 731/1030/731 789/1096/789
vt 0.2046439 0.2900362
f 723/1022/723 628/1097/628 720/1018/720
vt 0.1482387 0.2369770
vt 0.1478903 0.2403670
f 790/1098/790 703/1001/703 791/1099/791
f 783/1090/783 684/982/684 655/953/655
vt 0.2002864 0.2786952
vt 0.2049539 0.2814373
vt 0.2003070 0.2814404
f 792/1100/792 588/1101/588 793/1102/793
vt 0.3299158 0.5683264
vt 0.3254350 0.5689165
f 794/1103/794 582/1104/582 795/1104/795
vt 0.1474065 0.2636564
vt 0.1595852 0.2662019
vt 0.1475742 0.2669536
f 796/1105/796 797/1106/797 798/1107/798
vt 0.1506253 0.2232506
vt 0.1621422 0.2293952
vt 0.1498693 0.2267055
f 799/1108/799 800/1109/800 801/1110/801
vt 0.2928506 0.8124744
vt 0.2061830 0.8810258
vt 0.2061830 0.8124744
f 802/1111/802 562/1112/562 803/1113/803
vt 0.6244973 0.0970637
vt 0.6365565 0.1002121
vt 0.6245017 0.1003634
f 804/1114/804 805/1115/805 806/1116/806
f 687/985/687 683/981/683 688/986/688
vt 0.6819137 0.0722470
f 714/1012/714 586/1117/586 742/1041/742
vt 0.6257659 0.1202021
vt 0.6373527 0.1154746
vt 0.6377324 0.1184965
f 807/1118/807 808/1119/808 809/1120/809
vt 0.1851726 0.8810258
vt 0.0985050 0.8124744
vt 0.1851726 0.8124744
f 810/1121/810 811/1122/811 812/1123/812
vt 0.6250570 0.0837967
vt 0.6368977 0.0879651
vt 0.6248257 0.0871358
f 813/1124/813 814/1125/814 815/1126/815
vt 0.6282017 0.1334822
vt 0.6400179 0.1304932
f 816/1127/816 788/1095/788 817/1128/817
vt 0.2048394 0.2487661
f 630/928/630 583/1129/583 701/999/701
vt 0.2048819 0.2459880
f 632/930/632 617/1130/617 630/928/630
vt 0.6246587 0.0904552
f 815/1126/815 692/990/692 818/1131/818
vt 0.2049539 0.2403342
f 729/1028/729 620/1132/620 707/1005/707
vt 0.1964938 0.2569934
f 710/1008/710 819/1133/819 737/1036/737
vt 0.6245492 0.0937613
vt 0.6365290 0.0971215
f 820/1134/820 821/1135/821 804/1114/804
vt 0.1676350 0.2657571
vt 0.1676414 0.2686682
f 822/1136/822 735/1034/735 823/1137/823
vt 0.1492220 0.2301488
vt 0.1608536 0.2354837
vt 0.1486799 0.2335709
f 824/1138/824 825/1139/825 826/1140/826
vt 0.2046878 0.2597368
f 695/993/695 577/1141/577 727/1026/727
vt 0.6818384 0.1001667
f 662/960/662 599/1142/599 661/959/661
vt 0.6773775 0.1110502
vt 0.6819848 0.1136327
f 827/1143/827 565/1144/565 644/942/644
vt 0.2047698 0.2542925
vt 0.2047921 0.2515408
f 580/1145/580 697/995/697 581/1146/581
f 697/995/697 698/996/698 581/1146/581
vt 0.6819884 0.0893216
f 708/1006/708 604/1147/604 652/950/652
vt 0.6820532 0.0865759
f 675/973/675 606/1148/606 708/1006/708
vt 0.6283259 0.0634578
vt 0.6396638 0.0697056
vt 0.6275364 0.0668713
f 828/1149/828 829/1150/829 830/1151/830
vt 0.6821789 0.0809724
f 681/979/681 571/1152/571 679/977/679
vt 0.6290359 0.1367925
vt 0.6422098 0.1367402
vt 0.6298891 0.1400089
f 831/1153/831 832/1154/832 833/1155/833
vt 0.3126024 0.7379974
f 560/1156/560 769/1074/769 621/1074/621
vt 0.2048332 0.2871397
f 725/1024/725 585/1157/585 723/1022/723
vt 0.1480825 0.2735362
vt 0.1484362 0.2768337
f 834/1158/834 649/947/649 835/1159/835
vt 0.6821783 0.0780822
f 682/980/682 570/1160/570 681/979/681
f 621/919/621 617/915/617 619/917/619
vt 0.6819252 0.1109344
f 653/951/653 596/1161/596 827/1143/827
vt 0.6818963 0.0947716
vt 0.6819248 0.0920581
f 602/1162/602 665/963/665 603/1163/603
f 665/963/665 650/948/650 603/1163/603
vt 0.1642627 0.8922569
vt 0.1716908 0.9395301
vt 0.1642627 0.9395301
f 836/1164/836 837/1165/837 838/1166/838
vt 0.6821389 0.1191422
f 678/976/678 558/1167/558 642/940/642
vt 0.4130200 0.5683264
f 578/1103/578 839/1168/839 545/1168/545
vt 0.3149217 0.5769832
f 840/1169/840 618/1073/618 768/1073/768
vt 0.6818552 0.0974711
f 665/963/665 601/1170/601 662/960/662
vt 0.3299158 0.7553107
vt 0.4130200 0.7553107
f 567/1171/567 841/1172/841 842/1171/842
vt 0.6469994 0.1283835
f 843/1173/843 638/936/638 636/934/636
vt 0.1679750 0.2715487
f 823/1137/823 657/955/657 844/1174/844
vt 0.6253808 0.1168788
vt 0.6370919 0.1124204
f 845/1175/845 846/1176/846 808/1119/808
vt 0.1691775 0.2827849
f 847/1177/847 724/1023/724 772/1077/772
vt 0.2047562 0.2704876
f 734/1033/734 555/1178/555 658/956/658
vt 0.6446384 0.0913476
f 848/1179/848 664/962/664 693/991/693
vt 0.4297432 0.7424781
f 849/1180/849 572/910/572 612/910/612
vt 0.4252624 0.5733972
f 758/1060/758 553/1181/553 850/1181/850
f 670/968/670 718/1019/718 671/969/671
f 744/1043/744 609/1180/609 849/1180/849
vt 0.3254350 0.7547207
f 851/1182/851 567/1171/567 842/1171/842
vt 0.3131924 0.7424781
f 594/892/594 564/1183/564 566/892/566
vt 0.6818814 0.1082515
vt 0.6818402 0.1055622
f 568/1184/568 653/951/653 569/1185/569
f 653/951/653 685/983/685 569/1185/569
f 667/965/667 673/971/673 822/1136/822
vt 0.2046711 0.2624182
f 727/1026/727 576/1186/576 672/970/672
f 788/1095/788 843/1173/843 817/1128/817
vt 0.6406431 0.0666412
f 852/1187/852 687/985/687 829/1150/829
f 832/1154/832 774/1079/774 776/1081/776
vt 0.6418934 0.0634439
vt 0.6471509 0.0692688
f 832/1188/832 853/1189/853 852/1187/852
vt 0.6378324 0.0787736
f 778/1083/778 765/1070/765 854/1190/854
vt 0.6732212 0.0679498
vt 0.6764129 0.0670063
f 714/1012/714 775/1191/775 855/1192/855
vt 0.1966630 0.2813914
f 725/1024/725 856/1193/856 793/1102/793
f 762/1067/762 780/1087/780 781/1088/781
f 695/993/695 726/1025/726 819/1133/819
vt 0.6448177 0.1030940
vt 0.6365719 0.1032984
f 805/1115/805 857/1194/857 858/1195/858
vt 0.6449105 0.0884498
f 814/1125/814 764/1069/764 859/1196/859
f 692/990/692 859/1196/859 848/1179/848
vt 0.1673418 0.2510715
f 709/1007/709 748/1048/748 860/1197/860
vt 0.6409773 0.1335381
f 861/1198/861 843/1173/843 774/1079/774
vt 0.6446278 0.1001545
f 805/1115/805 759/1061/759 862/1199/862
f 675/973/675 767/1072/767 679/977/679
vt 0.6366935 0.1063861
vt 0.6447698 0.1060284
f 863/1200/863 857/1194/857 864/1201/864
vt 0.6369013 0.1094074
f 865/1202/865 864/1201/864 783/1090/783
f 865/1202/865 784/1091/784 846/1176/846
vt 0.6453844 0.1147047
f 846/1176/846 866/1203/866 808/1119/808
vt 0.6374643 0.0818388
vt 0.6371192 0.0848846
f 867/1204/867 764/1069/764 868/1205/868
f 809/1120/809 780/1087/780 761/1066/761
vt 0.1617571 0.2842674
vt 0.1689197 0.2800300
f 869/1206/869 870/1207/870 847/1177/847
vt 0.6464255 0.1258204
f 788/1095/788 781/1088/781 871/1208/871
vt 0.1598019 0.2692174
f 872/1209/872 844/1174/844 647/945/647
f 644/942/644 654/952/654 827/1143/827
vt 0.1674338 0.2598870
f 666/964/666 737/1036/737 873/1210/873
vt 0.1643160 0.2230707
vt 0.1696527 0.2288882
vt 0.1630907 0.2263031
f 669/1211/669 874/1212/874 875/1213/875
f 797/1106/797 667/965/667 822/1136/822
f 872/1209/872 822/1136/822 823/1137/823
f 686/984/686 766/1071/766 778/1083/778
vt 0.1595488 0.2477702
f 876/1214/876 747/1047/747 748/1048/748
f 809/1120/809 866/1203/866 782/1089/782
vt 0.1607548 0.2782799
vt 0.1611895 0.2812922
f 877/1215/877 870/1207/870 878/1216/878
vt 0.1603757 0.2385338
f 825/1139/825 704/1002/704 879/1217/879
vt 0.1624154 0.2871946
f 880/1218/880 847/1177/847 772/1077/772
vt 0.1631765 0.2901863
f 880/1218/880 773/1078/773 881/1219/881
f 786/1093/786 773/1078/773 670/968/670
vt 0.6738018 0.0919680
f 650/948/650 664/962/664 882/1220/882
vt 0.1597337 0.2446783
f 703/1001/703 747/1047/747 883/1221/883
f 875/1213/875 690/988/690 800/1109/800
vt 0.6737052 0.1297798
f 635/933/635 775/1080/775 884/1222/884
f 746/1046/746 728/1027/728 740/1039/740
vt 0.6480454 0.8057542
vt 0.6439072 0.8850721
vt 0.6439646 0.8062897
f 828/1223/828 754/1224/754 833/1225/833
f 867/1204/867 765/1070/765 763/1068/763
f 877/1215/877 648/946/648 789/1096/789
f 694/992/694 759/1061/759 821/1135/821
f 689/987/689 752/1052/752 825/1139/825
f 781/1088/781 638/936/638 871/1208/871
vt 0.4175007 0.7547207
vt 0.4216767 0.7529914
f 885/1226/885 615/1227/615 886/1227/886
f 801/1110/801 689/987/689 824/1138/824
vt 0.2047246 0.2570298
f 697/995/697 579/1228/579 695/993/695
vt 0.1476256 0.2437369
f 791/1099/791 883/1221/883 573/1229/573
f 870/1207/870 856/1193/856 847/1177/847
f 826/1140/826 879/1217/879 790/1098/790
vt 0.6477549 0.0669107
f 776/1230/776 716/1014/716 853/1189/853
f 803/1113/803 810/1121/810 812/1123/812
vt 0.1506804 0.2900229
f 887/1231/887 881/1219/881 785/1092/785
vt 0.2048528 0.2759020
f 656/954/656 552/1232/552 712/1010/712
vt 0.6250749 0.1135609
f 888/1233/888 865/1202/865 846/1176/846
f 862/1199/862 733/1032/733 857/1194/857
vt 0.2049322 0.2842771
f 793/1102/793 550/1234/550 725/1024/725
vt 0.1477984 0.2702448
f 798/1107/798 872/1209/872 889/1235/889
vt 0.6818317 0.1028655
f 661/959/661 598/1236/598 659/957/659
vt 0.1488670 0.2801347
f 835/1159/835 877/1215/877 890/1237/890
vt 0.6257563 0.0770662
vt 0.6253647 0.0804409
f 891/1238/891 867/1204/867 892/1239/892
f 779/1084/779 854/1190/854 891/1238/891
vt 0.1514761 0.2197863
f 754/1240/754 875/1213/875 799/1108/799
f 795/1104/795 584/1055/584 755/1055/755
vt 0.6292089 0.0600341
f 833/1241/833 852/1187/852 828/1149/828
vt 0.2046853 0.2650995
f 672/970/672 557/1242/557 736/1035/736
vt 0.7253753 0.9244516
vt 0.6833621 0.7669034
vt 0.7253749 0.7669032
f 751/1243/751 893/1244/893 894/1245/894
vt 0.6821457 0.1248760
f 641/939/641 625/1246/625 639/937/639
vt 0.2049286 0.2431872
f 707/1005/707 619/1247/619 632/930/632
f 784/1091/784 646/944/646 866/1203/866
f 659/957/659 569/1185/569 685/983/685
vt 0.6816440 0.0693374
f 855/1192/855 587/1248/587 714/1012/714
vt 0.1472977 0.2603546
f 895/1249/895 668/966/668 796/1105/796
vt 0.1493811 0.2834362
vt 0.1499850 0.2867339
f 896/1250/896 869/1206/869 897/1251/897
f 686/984/686 777/1082/777 829/1150/829
f 777/1082/777 830/1151/830 829/1150/829
vt 0.6821257 0.0838024
f 679/977/679 590/1252/590 675/973/675
vt 0.2049237 0.2374243
f 746/1046/746 622/1253/622 729/1028/729
vt 0.2042970 0.2286366
f 719/1017/719 627/1254/627 717/1015/717
f 652/950/652 603/1163/603 650/948/650
vt 0.1473154 0.2504202
f 898/1255/898 711/1009/711 770/1075/770
vt 0.4175007 0.5689165
f 899/1256/899 545/1168/545 839/1168/839
f 764/1069/764 651/949/651 859/1196/859
vt 0.6814986 0.1337146
vt 0.6764935 0.1331260
f 635/933/635 633/1257/633 855/1258/855
vt 0.6818175 0.1307188
f 637/935/637 634/1259/634 635/933/635
vt 0.6245608 0.1036593
f 900/1260/900 805/1115/805 858/1195/858
f 890/1237/890 878/1216/878 896/1250/896
vt 0.6248406 0.1102504
f 865/1202/865 901/1261/901 863/1200/863
vt 0.6246765 0.1069524
f 901/1261/901 902/1262/902 863/1200/863
f 859/1196/859 882/1220/882 848/1179/848
vt 0.3212591 0.7529914
f 903/1263/903 608/1182/608 851/1182/851
f 892/1239/892 868/1205/868 813/1124/813
vt 0.6821789 0.1219899
f 642/940/642 629/1264/629 641/939/641
vt 0.0171903 0.9395301
f 836/1164/836 904/1265/904 749/1049/749
vt 0.1702391 0.2265134
vt 0.1961810 0.2297852
f 671/1266/671 905/1267/905 874/1212/874
f 906/1183/906 560/1156/560 564/1183/564
f 889/1235/889 647/945/647 834/1158/834
vt 0.4216767 0.5706457
f 850/1181/850 548/1268/548 907/1268/907
f 572/910/572 613/911/613 612/910/612
vt 0.2049127 0.2786387
f 712/1010/712 591/1269/591 792/1100/792
vt 0.8846482 0.2970072
vt 0.9319216 0.3044355
vt 0.8846482 0.3044354
f 908/1270/908 909/1271/909 910/1272/910
f 748/1048/748 699/997/699 860/1197/860
f 841/1172/841 605/1226/605 885/1226/885
f 597/1263/597 903/1263/903 595/890/595
f 903/1263/903 592/890/592 595/890/595
f 771/1076/771 666/964/666 895/1249/895
vt 0.2928506 0.7914641
vt 0.2061830 0.7914641
f 811/1273/811 803/1113/803 812/1274/812
f 756/1056/756 616/1169/616 840/1169/840
f 874/1212/874 741/1040/741 690/988/690
f 873/1210/873 674/972/674 667/965/667
f 773/1078/773 721/1020/721 670/968/670
vt 0.2048028 0.2731967
f 658/956/658 547/1275/547 656/954/656
f 614/1042/614 743/1042/743 615/1227/615
f 743/1042/743 886/1227/886 615/1227/615
f 701/999/701 581/1146/581 698/996/698
f 789/1096/789 730/1029/730 870/1207/870
f 844/1174/844 713/1011/713 648/946/648
f 902/1262/902 858/1195/858 863/1200/863
f 759/1061/759 660/958/660 862/1199/862
f 737/1036/737 726/1025/726 873/1210/873
f 907/1268/907 546/1256/546 899/1256/899
vt 0.8846482 0.1425067
f 574/1276/574 757/1059/757 575/1058/575
f 897/1251/897 880/1218/880 887/1231/887
f 843/1173/843 884/1222/884 774/1079/774
f 705/1003/705 702/1000/702 747/1047/747
vt 0.1474379 0.2470891
f 911/1277/911 709/1007/709 898/1255/898
vt 0.6281725 0.9008331
f 575/873/575 791/1278/791 573/871/573
vt 0.6518347 0.9144689
vt 0.6551019 0.9119622
vt 0.6833625 0.9244516
f 798/1279/798 889/1280/889 912/1281/912
vt 0.6576104 0.9086967
f 889/1280/889 834/1282/834 912/1281/912
vt 0.6327949 0.9119735
vt 0.6360613 0.9144769
f 898/1283/898 770/1284/770 574/872/574
vt 0.6575268 0.8929375
vt 0.6550297 0.8896788
vt 0.6551138 0.8016778
f 897/1285/897 887/1286/887 777/1287/777
vt 0.6591915 0.7946132
vt 0.6597282 0.7905345
f 891/1288/891 892/1289/892 893/1244/893
vt 0.6591913 0.7864555
f 892/1289/892 813/1290/813 893/1244/893
vt 0.6287473 0.7864482
vt 0.6098332 0.7668842
vt 0.6303225 0.7826481
f 845/1291/845 910/1292/910 888/1293/888
vt 0.6302879 0.9087106
f 574/872/574 911/1294/911 898/1283/898
vt 0.6576173 0.7826548
f 813/1290/813 815/1295/815 893/1244/893
vt 0.6551130 0.7793906
f 815/1295/815 818/1296/818 893/1244/893
vt 0.6518498 0.7768853
f 893/1244/893 818/1296/818 820/1297/820
vt 0.6398648 0.9160492
f 770/1284/770 771/1298/771 574/872/574
vt 0.6439467 0.9165837
f 771/1298/771 895/1299/895 574/872/574
f 574/872/574 895/1299/895 912/1281/912
vt 0.6480302 0.9160452
f 895/1299/895 796/1300/796 912/1281/912
f 912/1281/912 796/1300/796 798/1279/798
vt 0.6303181 0.7984067
vt 0.6287451 0.7946059
f 760/1301/760 575/873/575 913/1302/913
vt 0.6045783 0.7721343
f 575/873/575 908/1303/908 913/1302/913
vt 0.6282094 0.7905270
f 913/1302/913 908/1303/908 807/1304/807
vt 0.6328219 0.8016710
f 760/1301/760 787/1305/787 575/873/575
vt 0.6360847 0.8041761
f 787/1305/787 816/1306/816 575/873/575
vt 0.6398847 0.8057513
f 575/873/575 816/1306/816 831/1307/831
vt 0.6591887 0.9048949
f 834/1282/834 835/1308/835 912/1281/912
vt 0.6597298 0.9008147
f 835/1308/835 890/1309/890 912/1281/912
vt 0.6591970 0.8967346
f 912/1281/912 890/1309/890 896/1310/896
vt 0.6360916 0.7768815
vt 0.6328278 0.7793852
f 902/1311/902 901/1312/901 910/1292/910
f 901/1312/901 888/1293/888 910/1292/910
f 617/915/617 607/905/607 583/881/583
f 908/1303/908 845/1291/845 807/1304/807
vt 0.6576177 0.7984139
f 891/1288/891 893/1244/893 779/1313/779
f 893/1244/893 912/1281/912 779/1313/779
f 779/1313/779 912/1281/912 777/1287/777
f 912/1281/912 896/1310/896 777/1287/777
f 777/1287/777 896/1310/896 897/1285/897
vt 0.6517736 0.8871784
f 887/1286/887 785/1314/785 777/1287/777
vt 0.6479802 0.8856070
f 785/1314/785 753/1315/753 777/1287/777
vt 0.6518483 0.8041812
f 777/1287/777 753/1315/753 830/1316/830
vt 0.6480495 0.7753101
f 820/1297/820 804/1317/804 893/1244/893
vt 0.6439707 0.7747721
f 804/1317/804 806/1318/806 893/1244/893
f 893/1244/893 806/1318/806 910/1292/910
vt 0.6398922 0.7753081
f 806/1318/806 900/1319/900 910/1292/910
f 910/1292/910 900/1319/900 902/1311/902
vt 0.6398336 0.8856106
vt 0.6360383 0.8871861
f 831/1307/831 799/1320/799 801/1321/801
vt 0.6327794 0.8896915
f 801/1321/801 824/1322/824 831/1307/831
vt 0.6302797 0.8929560
f 824/1322/824 826/1323/826 831/1307/831
f 831/1307/831 826/1323/826 575/873/575
vt 0.6287074 0.8967555
f 826/1323/826 790/1324/790 575/873/575
f 575/873/575 790/1324/790 791/1278/791
f 717/1015/717 741/1040/741 905/1267/905
f 833/1225/833 799/1320/799 831/1307/831
f 753/1315/753 828/1223/828 830/1316/830
vt 0.7306268 0.7721551
vt 0.7306268 0.9192001
f 836/1325/836 749/1326/749 894/1245/894
f 749/1326/749 751/1243/751 894/1245/894
f 831/1153/831 817/1128/817 861/1198/861
vt 0.6820623 0.1163566
f 644/942/644 559/1327/559 678/976/678
vt 0.8276085 0.1056389
vt 0.8748816 0.1056389
vt 0.8276085 0.1791750
f 910/1328/910 909/1329/909 893/1330/893
vt 0.8748816 0.2264482
f 909/1329/909 914/1331/914 893/1330/893
vt 0.7855881 0.1791750
f 893/1330/893 914/1331/914 894/1332/894
vt 0.7855881 0.2264482
f 914/1331/914 837/1333/837 894/1332/894
f 573/1229/573 876/1214/876 911/1277/911
f 853/1189/853 715/1013/715 687/985/687
vt 0.6262360 0.1235278
f 913/1334/913 809/1120/809 761/1066/761
vt 0.4684226 0.7656987
f 849/1180/849 611/909/611 914/1335/914
f 849/1180/849 612/910/612 611/909/611
f 818/1131/818 694/992/694 820/1134/820
vt 0.3091397 0.7656987
f 903/1263/903 851/1182/851 909/1336/909
vt 0.3022142 0.5648638
f 757/1337/757 756/1056/756 840/1169/840
f 906/1183/906 594/892/594 593/891/593
vt 0.3138608 0.8810258
vt 0.2928506 0.8810258
f 802/1111/802 611/1338/611 563/1339/563
f 548/846/548 552/850/552 547/845/547
f 886/1227/886 743/1042/743 914/1335/914
f 743/1042/743 744/1043/744 914/1335/914
f 914/1335/914 744/1043/744 849/1180/849
vt 0.4684226 0.5579385
f 745/1044/745 758/1060/758 561/1340/561
f 758/1060/758 850/1181/850 561/1340/561
f 561/1340/561 850/1181/850 907/1268/907
f 614/912/614 590/888/590 610/908/610
vt 0.3091397 0.5579385
f 755/1055/755 915/1341/915 795/1104/795
f 915/1341/915 756/1056/756 757/1337/757
f 909/1336/909 592/890/592 903/1263/903
f 840/1169/840 768/1073/768 757/1337/757
f 768/1073/768 769/1074/769 757/1337/757
f 757/1337/757 769/1074/769 593/891/593
f 769/1074/769 916/1156/916 593/891/593
f 593/891/593 916/1156/916 906/1183/906
f 851/1182/851 842/1171/842 909/1336/909
f 842/1171/842 841/1172/841 909/1336/909
f 909/1336/909 841/1172/841 914/1335/914
f 841/1172/841 885/1226/885 914/1335/914
f 914/1335/914 885/1226/885 886/1227/886
f 907/1268/907 899/1256/899 561/1340/561
f 899/1256/899 839/1168/839 561/1340/561
f 561/1340/561 839/1168/839 915/1341/915
f 839/1168/839 794/1103/794 915/1341/915
f 915/1341/915 794/1103/794 795/1104/795
vt 0.8426375 0.0570331
vt 0.8426375 0.0097598
vt 0.8846582 0.0570331
f 751/1342/751 750/1343/750 912/1344/912
vt 0.9319313 0.0097598
f 750/1343/750 561/1345/561 912/1344/912
vt 0.8846582 0.1305692
f 912/1344/912 561/1345/561 574/1346/574
vt 0.9319313 0.1305692
f 561/1345/561 915/1347/915 574/1346/574
vt 0.8748816 0.3404288
f 837/1333/837 914/1331/914 611/1348/611
vt 0.7803354 0.2317007
f 837/1333/837 611/1348/611 838/1349/838
vt 0.7882142 0.3404288
f 611/1348/611 810/1350/810 838/1349/838
vt 0.7803352 0.3787733
f 838/1349/838 810/1350/810 904/1351/904
f 810/1350/810 562/860/562 904/1351/904
vt 0.7855878 0.3840260
f 904/1351/904 562/860/562 750/1352/750
f 792/1100/792 856/1193/856 730/1029/730
f 857/1194/857 684/982/684 864/1201/864
f 860/1197/860 696/994/696 710/1008/710
vt 0.6820290 0.1277816
f 639/937/639 626/1353/626 637/935/637
vt 0.8904486 0.3536038
vt 0.9097359 0.3474174
vt 0.9097359 0.3536038
f 917/1354/917 918/1355/918 919/1356/919
vt 0.2036253 0.6175863
vt 0.1932430 0.6230367
vt 0.1932430 0.6175863
f 920/1357/920 921/1358/921 922/1359/922
vt 0.9097356 0.4302093
vt 0.8904484 0.4474959
vt 0.8904484 0.4302093
f 923/1360/923 924/1361/924 925/1362/925
vt 0.9097355 0.5857882
vt 0.8904483 0.5685016
vt 0.9097355 0.5685018
f 926/1363/926 927/1364/927 928/1365/928
vt 0.9097355 0.5166423
vt 0.8904484 0.4993556
vt 0.9097355 0.4993556
f 929/1366/929 930/1367/930 931/1368/931
vt 0.9097356 0.3956363
vt 0.8904484 0.3783497
vt 0.9097359 0.3783499
f 932/1369/932 933/1370/933 934/1371/934
vt 0.9097356 0.4129227
vt 0.8904484 0.3956361
f 935/1372/935 936/1373/936 932/1369/932
vt 0.8904484 0.4129227
f 935/1372/935 925/1362/925 937/1374/937
vt 0.9097356 0.4474959
vt 0.8904484 0.4647825
f 938/1375/938 939/1376/939 924/1361/924
vt 0.8904482 0.6345932
vt 0.9097353 0.6282901
vt 0.9097353 0.6345932
f 940/1377/940 941/1378/941 942/1379/942
vt 0.8904482 0.6408968
vt 0.9097353 0.6408968
f 943/1380/943 942/1379/942 944/1381/944
vt 0.9097355 0.6093787
vt 0.8904483 0.6030751
vt 0.9097355 0.6030751
f 945/1382/945 946/1383/946 947/1384/947
vt 0.9447000 0.0160703
vt 0.9639868 0.0097666
vt 0.9639868 0.0160701
f 948/1385/948 949/1386/949 950/1387/950
vt 0.2257723 0.4838853
vt 0.2487763 0.4547448
vt 0.2264619 0.4863440
f 951/1388/951 952/1389/952 953/1390/953
vt 0.9447000 0.0412845
vt 0.9639868 0.0349807
vt 0.9639868 0.0412845
f 954/1391/954 955/1392/955 956/1393/956
vt 0.9417245 0.4105729
vt 0.9224356 0.3932851
vt 0.9417245 0.3932851
f 957/1394/957 958/1395/958 959/1396/959
vt 0.1187521 0.5441293
vt 0.1732593 0.5085652
vt 0.1732671 0.5441281
f 960/1397/960 961/1398/961 962/1399/962
vt 0.8904480 0.6472008
vt 0.9097353 0.6472008
f 963/1400/963 944/1381/944 949/1401/949
vt 0.0932302 0.4652203
vt 0.0952657 0.5441298
vt 0.0932330 0.5441298
f 964/1402/964 965/1403/965 966/1404/966
vt 0.9447000 0.0223734
vt 0.9639868 0.0223733
f 967/1405/967 950/1387/950 968/1406/968
vt 0.9447000 0.0286770
vt 0.9639868 0.0286770
f 969/1407/969 968/1406/968 970/1408/970
vt 0.7291847 0.0969927
vt 0.7109325 0.0969927
vt 0.7169296 0.0883461
f 971/1409/971 972/1410/972 973/1411/973
vt 0.8942809 0.8329539
vt 0.8966624 0.8773214
vt 0.8941779 0.8792277
f 974/1412/974 975/1413/975 976/1414/976
vt 0.7527544 0.2292758
vt 0.7705115 0.2346677
vt 0.7515068 0.2312663
f 977/1415/977 978/1416/978 979/1417/979
vt 0.3236231 0.8658916
vt 0.4279204 0.8627591
vt 0.4279204 0.8658904
f 980/1418/980 981/1419/981 982/1420/982
vt 0.9639868 0.2560940
vt 0.9439368 0.2553310
vt 0.9443506 0.2547912
f 983/1421/983 984/1422/984 985/1423/985
vt 0.9420972 0.2564871
vt 0.9427680 0.2561045
f 986/1424/986 987/1425/987 983/1421/983
vt 0.9433968 0.2557449
f 987/1425/987 988/1426/988 983/1421/983
f 983/1421/983 988/1426/988 984/1422/984
vt 0.9447000 0.2534879
vt 0.9446114 0.2541625
f 989/1427/989 983/1421/983 990/1428/990
f 983/1421/983 985/1423/985 990/1428/990
vt 0.8900992 0.3164704
vt 0.8896856 0.3159302
vt 0.9097359 0.3151671
f 991/1429/991 992/1430/992 993/1431/993
vt 0.8903601 0.3170989
f 991/1429/991 993/1431/993 994/1432/994
vt 0.8891453 0.3155164
f 992/1430/992 995/1433/995 993/1431/993
vt 0.8882793 0.3151523
f 995/1433/995 996/1434/996 993/1431/993
vt 0.8851182 0.3146723
f 993/1431/993 996/1434/996 997/1435/997
vt 0.9417245 0.3524044
vt 0.9224356 0.3461004
vt 0.9417245 0.3461004
f 998/1436/998 999/1437/999 1000/1438/1000
vt 0.8904486 0.3177736
f 993/1431/993 1001/1439/1001 994/1432/994
vt 0.1871463 0.5796939
vt 0.1851217 0.5441281
vt 0.1871549 0.5441279
f 1002/1440/1002 1003/1441/1003 1004/1442/1004
vt 0.9417244 0.6143895
vt 0.9224355 0.6082024
vt 0.9417244 0.6082024
f 1005/1443/1005 1006/1444/1006 1007/1445/1007
vt 0.7109325 0.0589240
vt 0.7291847 0.0589240
vt 0.7140369 0.0663729
f 1008/1446/1008 961/1447/961 1009/1448/1009
vt 0.9662842 0.7100784
vt 0.9722863 0.7689795
vt 0.9706682 0.7695950
f 1010/1449/1010 1011/1450/1011 1012/1451/1012
vt 0.8941821 0.8961952
vt 0.8635461 0.9122157
vt 0.8922750 0.8937102
f 1013/1452/1013 1014/1453/1014 1015/1454/1015
vt 0.9288644 0.9122322
vt 0.9026669 0.8997119
vt 0.9304091 0.9123835
f 1016/1455/1016 1017/1456/1017 1018/1457/1018
vt 0.7255188 0.6739918
vt 0.7175227 0.7497926
vt 0.7194107 0.6571745
f 957/1458/957 1019/1459/1019 1020/1460/1020
vt 0.9086584 0.8773199
vt 0.9111345 0.8329529
vt 0.9111432 0.8792258
f 1021/1461/1021 1022/1462/1022 1023/1463/1023
vt 0.5419871 0.9003275
vt 0.4376898 0.8971963
vt 0.5419871 0.8971963
f 1024/1464/1024 1025/1465/1025 1026/1466/1026
vt 0.2230696 0.4792626
vt 0.2246353 0.4815114
f 1027/1467/1027 952/1389/952 1028/1468/1028
vt 0.1810554 0.5441281
f 961/1398/961 1029/1469/1029 962/1399/962
vt 0.5419871 0.9034585
vt 0.4376898 0.9065899
vt 0.4376898 0.9034586
f 1030/1470/1030 1031/1471/1031 1032/1472/1032
vt 0.5419871 0.9097208
vt 0.5419871 0.9065899
f 1033/1473/1033 1031/1471/1031 1034/1474/1034
vt 0.5419871 0.9128518
vt 0.4376898 0.9159833
vt 0.4376898 0.9128520
f 1035/1475/1035 1036/1476/1036 1037/1477/1037
vt 0.4376898 0.9097209
f 1033/1473/1033 1037/1477/1037 1038/1478/1038
vt 0.5419871 0.8940651
vt 0.4376898 0.8909339
vt 0.5419871 0.8909342
f 1039/1479/1039 1040/1480/1040 1041/1481/1041
vt 0.5419871 0.9159830
vt 0.4376898 0.9191146
f 1042/1482/1042 1043/1483/1043 1036/1476/1036
vt 0.5419871 0.9222452
vt 0.5419871 0.9191141
f 1044/1484/1044 1043/1483/1043 1045/1485/1045
vt 0.4376899 0.9253771
vt 0.4376898 0.9222459
f 1044/1484/1044 1046/1486/1046 1047/1487/1047
vt 0.5419871 0.8815409
vt 0.4376898 0.8784093
vt 0.5419871 0.8784096
f 1048/1488/1048 1049/1489/1049 1050/1490/1050
vt 0.5419871 0.8721475
vt 0.4376899 0.8690155
vt 0.5419871 0.8690163
f 1051/1491/1051 1052/1492/1052 1053/1493/1053
vt 0.4376898 0.8752780
vt 0.5419871 0.8752786
f 1050/1490/1050 1054/1494/1054 1055/1495/1055
vt 0.4376899 0.8658842
vt 0.5419873 0.8658853
f 1053/1493/1053 1056/1496/1056 1057/1497/1057
vt 0.9826459 0.6483654
vt 0.9823616 0.6455327
vt 0.9837173 0.6482567
f 1058/1498/1058 1059/1499/1059 1060/1500/1060
vt 0.5419871 0.9316386
vt 0.4376899 0.9285083
vt 0.5419871 0.9285074
f 1061/1501/1061 1062/1502/1062 1063/1503/1063
vt 0.9224355 0.5661663
vt 0.9417245 0.5488780
vt 0.9417245 0.5661663
f 1064/1504/1064 1065/1505/1065 1066/1506/1066
vt 0.5419871 0.8846719
vt 0.4376898 0.8815405
f 1067/1507/1067 1068/1508/1068 1048/1488/1048
vt 0.5419871 0.8878028
vt 0.4376898 0.8846717
f 1069/1509/1069 1070/1510/1070 1067/1507/1067
vt 0.4376898 0.8878027
f 1041/1481/1041 1071/1511/1071 1069/1509/1069
vt 0.1851120 0.6230367
vt 0.1830793 0.6175860
vt 0.1851120 0.6175860
f 1072/1512/1072 1073/1513/1073 1074/1514/1074
vt 0.1871448 0.6175860
f 1075/1515/1075 1072/1512/1072 1074/1514/1074
vt 0.1891775 0.6175860
vt 0.1871448 0.6230367
f 1076/1516/1076 1077/1517/1077 1075/1515/1075
vt 0.7588164 0.2966081
vt 0.7705272 0.2793884
vt 0.7607038 0.2973871
f 1078/1518/1078 972/1519/972 1079/1520/1079
vt 0.9686907 0.7102491
vt 0.9676374 0.7101644
f 1058/1498/1058 1080/1521/1080 1081/1522/1081
vt 0.3236232 0.8752851
vt 0.4279204 0.8721529
vt 0.4279206 0.8752843
f 1082/1523/1082 1021/1524/1021 1023/1525/1023
vt 0.7548984 0.2093149
vt 0.7705324 0.2197608
vt 0.7548919 0.2156351
f 1083/1526/1083 1008/1527/1008 1084/1528/1084
vt 0.0103484 0.9512571
vt 0.0122798 0.9706302
vt 0.0116514 0.9708909
f 1085/1529/1085 1086/1530/1086 1087/1531/1087
vt 0.9858749 0.6482424
vt 0.9718369 0.7105184
vt 0.9707922 0.7104263
f 1088/1532/1088 1089/1533/1089 1090/1534/1090
vt 0.2186179 0.5441276
vt 0.2151486 0.5831859
vt 0.2150138 0.5441276
f 1091/1535/1091 1092/1536/1092 1093/1537/1093
vt 0.9878926 0.6487010
vt 0.9739220 0.7107074
vt 0.9728770 0.7106123
f 1094/1538/1094 1095/1539/1095 1096/1540/1096
vt 0.2692922 0.7782673
vt 0.2553372 0.7163834
vt 0.2703638 0.7783759
f 1097/1541/1097 1098/1542/1098 1099/1543/1099
vt 0.2397365 0.6596593
vt 0.2501928 0.7167494
vt 0.2364182 0.7236616
f 1100/1544/1100 1101/1545/1101 1102/1546/1102
vt 0.2120582 0.6254321
vt 0.2107900 0.6248059
vt 0.2116911 0.6158276
f 1103/1547/1103 1104/1548/1104 1105/1549/1105
vt 0.2130951 0.6259443
vt 0.2142980 0.6145755
f 1106/1550/1106 1105/1549/1105 1107/1551/1107
vt 0.2165980 0.6133040
vt 0.2171736 0.6282227
f 1108/1552/1108 1109/1553/1109 1107/1551/1107
vt 0.2148243 0.6268885
f 1109/1553/1109 1110/1554/1110 1107/1551/1107
f 1110/1554/1110 1106/1550/1106 1107/1551/1107
vt 0.4376898 0.9003276
f 1030/1470/1030 1111/1555/1111 1024/1464/1024
vt 0.2432622 0.6517811
vt 0.2452378 0.6506888
vt 0.2541403 0.6559085
f 1112/1556/1112 1113/1557/1113 1114/1558/1114
vt 0.2474305 0.6501334
f 1113/1557/1113 921/1559/921 1114/1558/1114
vt 0.2592326 0.6478121
f 1114/1558/1114 921/1559/921 1115/1560/1115
vt 0.2648259 0.7765657
vt 0.2333960 0.7286630
f 1116/1561/1116 1117/1562/1117 1101/1545/1101
vt 0.2348961 0.7272053
f 1117/1562/1117 1118/1563/1118 1101/1545/1101
vt 0.2358931 0.7255337
f 1118/1563/1118 1119/1564/1119 1101/1545/1101
f 1119/1564/1119 1102/1546/1102 1101/1545/1101
vt 0.9285355 0.6930504
vt 0.9351360 0.6984028
vt 0.9333366 0.6981165
f 1120/1565/1120 1121/1566/1121 1122/1567/1122
vt 0.2398102 0.6574120
f 1114/1558/1114 1100/1544/1100 1123/1568/1123
vt 0.2217827 0.7282297
vt 0.2235949 0.7284190
vt 0.2151820 0.7335821
f 1124/1569/1124 1125/1570/1125 1126/1571/1126
vt 0.2281201 0.7295023
f 1125/1570/1125 1127/1572/1127 1126/1571/1126
vt 0.2081408 0.7629966
f 1126/1571/1126 1127/1572/1127 1128/1573/1128
vt 0.2299324 0.7296916
f 1127/1572/1127 1129/1574/1129 1128/1573/1128
f 1128/1573/1128 1129/1574/1129 1116/1561/1116
vt 0.2317318 0.7294052
f 1129/1574/1129 1130/1575/1130 1116/1561/1116
f 1116/1561/1116 1130/1575/1130 1117/1562/1117
vt 0.2404566 0.6552575
f 1123/1568/1123 1072/1576/1072 1114/1558/1114
vt 0.2416330 0.6533381
f 1072/1576/1072 1077/1577/1077 1114/1558/1114
f 1114/1558/1114 1077/1577/1077 1112/1556/1112
vt 0.2158339 0.7318806
vt 0.2169039 0.7304059
f 1126/1571/1126 1131/1578/1131 1132/1579/1132
vt 0.2183192 0.7292582
f 1132/1579/1132 1133/1580/1133 1126/1571/1126
vt 0.2199833 0.7285159
f 1133/1580/1133 1134/1581/1134 1126/1571/1126
f 1126/1571/1126 1134/1581/1134 1124/1569/1124
vt 0.2584834 0.7161142
vt 0.2635598 0.6591390
vt 0.2595235 0.7160203
f 1135/1582/1135 1136/1583/1136 1137/1584/1137
vt 0.2049611 0.6175389
vt 0.2040704 0.6230367
f 1138/1585/1138 1115/1586/1115 920/1357/920
vt 0.8964328 0.8329539
vt 0.8995554 0.8761229
f 1139/1587/1139 981/1588/981 975/1413/975
vt 0.9417245 0.3759969
f 958/1395/958 1140/1589/1140 959/1396/959
vt 0.1013642 0.5441296
vt 0.1065530 0.4652199
vt 0.1065555 0.5441296
f 1141/1590/1141 1142/1591/1142 1143/1592/1143
vt 0.7462009 0.2595347
vt 0.7450974 0.2570458
vt 0.7705076 0.2595127
f 1027/1593/1027 1028/1594/1028 1144/1595/1144
vt 0.1851125 0.5085623
vt 0.1871455 0.5085618
f 1004/1442/1004 1145/1596/1145 1146/1597/1146
vt 0.9224355 0.6020152
vt 0.9417244 0.6020152
f 1007/1445/1007 1147/1598/1147 1148/1599/1148
vt 0.8906664 0.8877111
vt 0.8910758 0.8908165
f 1014/1453/1014 1149/1600/1149 1150/1601/1150
vt 0.7225181 0.0748543
vt 0.7229268 0.0779585
f 1151/1602/1151 961/1447/961 1152/1603/1152
vt 0.7878689 0.1170963
vt 0.7836969 0.0490606
vt 0.7878687 0.0342706
f 1153/1604/1153 1154/1605/1154 1155/1606/1155
vt 0.4279204 0.9222521
vt 0.3236232 0.9191204
vt 0.4279206 0.9191207
f 1149/1607/1149 1156/1608/1156 1150/1609/1150
vt 0.9414736 0.6971302
vt 0.9214942 0.6636361
vt 0.9432858 0.6969409
f 1142/1610/1142 1014/1611/1014 1157/1612/1157
vt 0.9810218 0.6488337
f 1059/1499/1059 1058/1498/1058 1158/1613/1158
vt 0.8910742 0.8846059
f 1149/1600/1149 1014/1453/1014 1159/1614/1159
vt 0.9417245 0.3587084
vt 0.9224356 0.3524044
f 1160/1615/1160 1161/1616/1161 998/1436/998
vt 0.9890116 0.6492048
f 1059/1499/1059 1154/1617/1154 1094/1538/1094
vt 0.7506192 0.2664599
vt 0.7492994 0.2645087
vt 0.7705132 0.2644814
f 1162/1618/1162 1163/1619/1163 1164/1620/1164
vt 0.2440407 0.9512575
vt 0.2377377 0.9705418
vt 0.2377378 0.9512575
f 1165/1621/1165 1166/1622/1166 1167/1623/1167
vt 0.3236232 0.9159895
vt 0.4279206 0.9159897
f 1150/1609/1150 1168/1624/1168 1015/1625/1015
vt 0.1167174 0.4652196
vt 0.1167193 0.5441295
f 1169/1626/1169 960/1397/960 1170/1627/1170
vt 0.0111114 0.9713045
vt 0.0106977 0.9718446
f 1085/1529/1085 1171/1628/1171 1172/1629/1172
vt 0.2130958 0.5061918
vt 0.2131205 0.5441276
f 977/1630/977 1093/1537/1093 1173/1631/1173
vt 0.9097353 0.6219860
vt 0.8904482 0.6156820
vt 0.9097353 0.6156820
f 1174/1632/1174 1175/1633/1175 1176/1634/1176
vt 0.2566458 0.9512575
vt 0.2503430 0.9705418
vt 0.2503430 0.9512575
f 1177/1635/1177 1178/1636/1178 1179/1637/1179
vt 0.1830884 0.5441281
vt 0.1810465 0.5085634
vt 0.1830795 0.5085629
f 1180/1638/1180 1181/1639/1181 1182/1640/1182
vt 0.7140369 0.0895439
f 973/1411/973 972/1410/972 1183/1641/1183
vt 0.9447000 0.0349807
f 1184/1642/1184 970/1408/970 955/1392/955
vt 0.1995502 0.5441277
vt 0.1932454 0.5796955
vt 0.1932548 0.5441279
f 1185/1643/1185 1186/1644/1186 1187/1645/1187
vt 0.0099210 0.6602505
vt 0.1964170 0.6569954
vt 0.1964445 0.6602505
f 1188/1646/1188 1189/1647/1189 1190/1648/1190
vt 0.6974732 0.0914177
vt 0.7005451 0.0839555
vt 0.7024512 0.0864395
f 1164/1649/1164 1191/1650/1191 1192/1651/1192
vt 0.9086506 0.8329530
vt 0.9057649 0.8761222
vt 0.9057581 0.8329532
f 1193/1652/1193 1194/1653/1194 1195/1654/1195
vt 0.3236232 0.8972029
vt 0.4279206 0.8940714
vt 0.4279206 0.8972028
f 1196/1655/1196 1197/1656/1197 1198/1657/1198
vt 0.2518679 0.4547473
vt 0.2487071 0.5441273
f 1199/1658/1199 1200/1659/1200 952/1389/952
f 1085/1529/1085 1087/1531/1087 1171/1628/1171
vt 0.9639868 0.0475881
vt 0.9447000 0.0475881
f 1201/1660/1201 989/1427/989 1202/1661/1202
vt 0.6992142 0.0138502
vt 0.6992142 0.0097662
vt 0.7659658 0.0097659
f 1203/1662/1203 1204/1663/1204 1205/1664/1205
vt 0.9741602 0.7683520
vt 0.9697432 0.7103366
f 1206/1665/1206 1080/1521/1080 1207/1666/1207
vt 0.9057739 0.8993016
vt 0.9347935 0.9122064
f 1208/1667/1208 1059/1668/1059 1017/1456/1017
vt 0.7213199 0.0839555
vt 0.7194139 0.0864395
f 1168/1669/1168 971/1409/971 1209/1670/1209
vt 0.2227384 0.5441276
vt 0.2209418 0.5011299
vt 0.2228882 0.4990666
f 1210/1671/1210 1211/1672/1211 1212/1673/1212
vt 0.3236232 0.8784161
vt 0.4279206 0.8784155
f 1213/1674/1213 1023/1525/1023 1214/1675/1214
vt 0.0911974 0.4652203
vt 0.0912003 0.5441298
f 1215/1676/1215 966/1404/966 1216/1677/1216
vt 0.7836969 0.1170963
f 1095/1678/1095 1154/1605/1154 1153/1604/1153
vt 0.9848062 0.6482036
f 1059/1499/1059 1088/1532/1088 1217/1679/1217
vt 0.7492299 0.2346429
vt 0.7705058 0.2396367
vt 0.7475842 0.2371301
f 1218/1680/1218 1219/1681/1219 1211/1682/1211
vt 0.4984559 0.7543288
vt 0.5095578 0.7417443
vt 0.5947921 0.8488192
f 1220/1683/1220 930/1684/930 989/1685/989
vt 0.7627288 0.2976509
f 972/1519/972 1221/1686/1221 1079/1520/1079
vt 0.9467495 0.6979694
vt 0.9635463 0.7098830
vt 0.9482497 0.6994271
f 1222/1687/1222 1223/1688/1223 1224/1689/1224
vt 0.2053685 0.5441277
vt 0.2024395 0.5797205
vt 0.2024543 0.5441277
f 1225/1690/1225 1226/1691/1226 1227/1692/1227
vt 0.6199481 0.0342703
vt 0.6147333 0.0490603
vt 0.6105614 0.0342703
f 1228/1693/1228 1229/1694/1229 1230/1695/1230
vt 0.9860219 0.7847357
vt 0.9778102 0.7672266
vt 0.9890116 0.7864393
f 1231/1696/1231 1232/1697/1232 1233/1698/1233
vt 0.2842160 0.4547698
vt 0.2800408 0.5441271
vt 0.2800995 0.4547671
f 1234/1699/1234 1235/1700/1235 1236/1701/1236
vt 0.7571952 0.2037860
vt 0.7588166 0.2025445
f 1008/1527/1008 1146/1702/1146 1145/1703/1145
vt 0.0098388 0.6504847
vt 0.0098850 0.6472300
vt 0.1963622 0.6504847
f 1087/1704/1087 1086/1705/1086 1237/1706/1237
vt 0.9417666 0.8329503
vt 0.9130503 0.8817098
vt 0.9130698 0.8329529
f 1238/1707/1238 1214/1708/1214 1239/1709/1239
vt 0.2714527 0.7784291
vt 0.2574387 0.7162060
vt 0.2725214 0.7783903
f 1240/1710/1240 1241/1711/1241 1242/1712/1242
vt 0.9760064 0.7677703
vt 0.9825318 0.7828344
vt 0.9750879 0.7680562
f 1243/1713/1243 1244/1714/1244 1245/1715/1245
vt 0.7878687 0.0220183
vt 0.6992142 0.0261024
vt 0.6992142 0.0220183
f 1246/1716/1246 1247/1717/1247 1248/1718/1248
vt 0.2188292 0.9512575
vt 0.0129543 0.9705416
f 1019/1719/1019 1249/1720/1249 1085/1529/1085
vt 0.9224356 0.5488780
vt 0.9417245 0.5315902
f 1250/1721/1250 1251/1722/1251 1065/1505/1065
f 1015/1454/1015 1014/1453/1014 1150/1601/1150
vt 0.6925467 0.0730321
vt 0.7005451 0.0719613
vt 0.6993469 0.0748543
f 1252/1723/1252 1213/1724/1213 1253/1725/1253
vt 0.1996254 0.4547026
vt 0.2172791 0.4589170
vt 0.1996219 0.4589016
f 1254/1726/1254 1233/1727/1233 1232/1728/1232
vt 0.6944483 0.0874757
vt 0.6993469 0.0810629
f 1144/1729/1144 1255/1730/1255 1191/1650/1191
vt 0.0972959 0.4652202
vt 0.0952631 0.4652203
f 1122/1731/1122 965/1403/965 1256/1732/1256
vt 0.7450961 0.2421079
vt 0.7461991 0.2396189
f 1257/1733/1257 1212/1734/1212 1219/1681/1219
vt 0.9216723 0.6458793
vt 0.9417245 0.6466426
vt 0.9211323 0.6462933
f 1258/1735/1258 1259/1736/1259 1189/1737/1189
vt 0.7705227 0.2744195
vt 0.7540414 0.2731795
vt 0.7705191 0.2694506
f 1260/1738/1260 1261/1739/1261 1262/1740/1262
vt 0.2120579 0.4628221
vt 0.2116908 0.4724269
vt 0.2107895 0.4634485
f 1244/1741/1244 1263/1742/1263 1264/1743/1264
vt 0.2259411 0.5441273
vt 0.2255619 0.4944925
vt 0.2264577 0.4913450
f 1265/1744/1265 1266/1745/1266 1267/1746/1267
vt 0.9417244 0.6205763
vt 0.9224356 0.6440360
vt 0.9224356 0.6205763
f 1268/1747/1268 1269/1748/1269 1270/1749/1270
vt 0.7475864 0.2620233
f 1163/1619/1163 1271/1750/1271 1164/1620/1164
vt 0.2171734 0.4600313
vt 0.2142978 0.4736789
vt 0.2148239 0.4613658
f 1233/1751/1233 1272/1752/1272 1231/1753/1231
vt 0.3236232 0.9034651
vt 0.4279206 0.9003338
vt 0.4279206 0.9034651
f 1273/1754/1273 1208/1755/1208 1017/1756/1017
vt 0.7878689 0.1692455
f 1254/1757/1254 1095/1678/1095 1153/1604/1153
vt 0.2924343 0.4768506
vt 0.2923908 0.5441271
vt 0.2882742 0.5441271
f 1274/1758/1274 1275/1759/1275 1276/1760/1276
vt 0.2610769 0.5441272
vt 0.2677503 0.4547588
vt 0.2676890 0.5441271
f 1277/1761/1277 1278/1762/1278 1279/1763/1279
vt 0.7520307 0.2686911
vt 0.7533643 0.2712722
f 1272/1764/1272 1262/1740/1262 1263/1765/1263
vt 0.9417762 0.9122073
vt 0.9146591 0.8877079
vt 0.9142494 0.8846030
f 1280/1766/1280 1281/1767/1281 1282/1768/1282
vt 0.3236231 0.9379073
vt 0.4279204 0.9347771
vt 0.4279203 0.9379084
f 1009/1769/1009 975/1770/975 981/1771/981
vt 0.2165980 0.4749506
f 1162/1772/1162 1272/1752/1272 1233/1751/1233
vt 0.7169296 0.0675710
f 1009/1448/1009 961/1447/961 1283/1773/1283
vt 0.2735520 0.7782293
f 1242/1712/1242 1135/1582/1135 1284/1774/1284
vt 0.2063403 0.6233126
vt 0.2051585 0.6231092
f 1138/1585/1138 1285/1775/1285 1286/1776/1286
vt 0.7722540 0.1599160
vt 0.7451649 0.1284600
vt 0.7647664 0.1322895
f 945/1777/945 955/1778/955 949/1779/949
vt 0.7014154 0.0614742
vt 0.7078282 0.0663729
vt 0.7049354 0.0675712
f 1287/1780/1287 1288/1781/1288 1289/1782/1289
vt 0.9492466 0.7010992
f 1224/1689/1224 1223/1688/1223 1169/1783/1169
vt 0.2718670 0.4547617
f 1290/1784/1290 1279/1763/1279 1278/1762/1278
vt 0.2077909 0.6237017
vt 0.2067751 0.6173230
vt 0.2082573 0.6169894
f 1291/1785/1291 1292/1786/1292 1293/1787/1293
vt 0.9417245 0.5896410
vt 0.9224355 0.5834541
vt 0.9417244 0.5834541
f 1294/1788/1294 1295/1789/1295 1296/1790/1296
vt 0.9497717 0.7029709
f 1169/1783/1169 1223/1688/1223 1297/1791/1297
vt 0.9224356 0.3587084
f 1140/1589/1140 1298/1792/1298 1160/1615/1160
vt 0.4376899 0.8627529
vt 0.5419873 0.8627541
f 1057/1497/1057 1299/1793/1299 1300/1794/1300
vt 0.2130949 0.4623100
f 1231/1753/1231 1272/1752/1272 1301/1795/1301
vt 0.9224356 0.5315902
vt 0.9417245 0.5143017
f 1302/1796/1302 1303/1797/1303 1251/1722/1251
vt 0.1106211 0.5441295
vt 0.1085899 0.6230363
vt 0.1085883 0.5441295
f 1304/1798/1304 1129/1799/1129 1305/1800/1305
vt 0.6105614 0.0301859
vt 0.6992142 0.0301862
f 1228/1693/1228 1306/1801/1306 1307/1802/1307
vt 0.9753063 0.7795714
f 1011/1450/1011 1308/1803/1308 1012/1451/1012
vt 0.1732603 0.5796909
f 1029/1469/1029 1309/1804/1309 962/1399/962
vt 0.0103337 0.9727105
f 1188/1805/1188 1085/1529/1085 1172/1629/1172
vt 0.9026601 0.8757138
f 982/1806/982 1195/1654/1195 1194/1653/1194
vt 0.9057153 0.7665970
vt 0.9026037 0.7661912
vt 0.9347858 0.7536583
f 1024/1807/1024 1026/1808/1026 1310/1809/1310
vt 0.9086148 0.7677930
f 1024/1807/1024 1310/1809/1310 1030/1810/1030
vt 0.0891675 0.5441300
vt 0.0891645 0.4652206
f 1215/1676/1215 1311/1811/1311 1120/1812/1120
vt 0.8994980 0.7666050
vt 0.8635296 0.7537299
f 1026/1808/1026 1039/1813/1039 1128/1814/1128
vt 0.8966109 0.7678086
f 1039/1813/1039 1041/1815/1041 1128/1814/1128
vt 0.8941322 0.7697197
f 1128/1814/1128 1041/1815/1041 1069/1816/1069
vt 0.9220863 0.6453394
f 1237/1817/1237 1259/1736/1259 1258/1735/1258
vt 0.1810451 0.4652181
vt 0.1732584 0.4706690
vt 0.1187501 0.4652195
f 1312/1818/1312 971/1819/971 1297/1820/1297
vt 0.9769132 0.7674936
f 1089/1533/1089 1313/1821/1313 1243/1713/1243
f 1120/1565/1120 1014/1611/1014 1142/1610/1142
vt 0.2580509 0.4547519
vt 0.2611420 0.4547541
f 1277/1761/1277 1314/1822/1314 1315/1823/1315
vt 0.9287758 0.7536678
f 1128/1814/1128 1116/1824/1116 1026/1808/1026
vt 0.9304027 0.7534791
f 1116/1824/1116 1316/1825/1316 1026/1808/1026
f 1026/1808/1026 1316/1825/1316 1310/1809/1310
vt 0.2661948 0.7769113
vt 0.2676684 0.7777988
vt 0.2690080 0.7810999
f 1316/1826/1316 1317/1827/1317 1310/1828/1310
f 1310/1828/1310 1317/1827/1317 1097/1541/1097
f 1242/1712/1242 1284/1774/1284 1310/1828/1310
vt 0.2745389 0.7779317
f 1284/1774/1284 1318/1829/1318 1310/1828/1310
vt 0.2756581 0.7774277
f 1310/1828/1310 1318/1829/1318 1229/1830/1229
vt 0.8081891 0.0646017
vt 0.8071532 0.0565987
vt 0.8106732 0.0626955
f 1046/1831/1046 1319/1832/1319 1047/1833/1047
vt 0.8906339 0.7782082
vt 0.8910466 0.7813138
f 1050/1834/1050 1055/1835/1055 1128/1814/1128
vt 0.8922486 0.7842075
f 1055/1835/1055 1051/1836/1051 1128/1814/1128
vt 0.9302574 0.6962267
vt 0.9316726 0.6973742
f 964/1837/964 1120/1565/1120 1256/1838/1256
vt 0.8966432 0.7885919
f 974/1412/974 1057/1839/1057 1139/1587/1139
vt 0.7536709 0.2272785
vt 0.7544383 0.2247081
vt 0.7705182 0.2296988
f 1320/1840/1320 1321/1841/1321 1287/1842/1287
vt 0.9809096 0.7819891
f 1245/1715/1245 1264/1843/1264 1206/1665/1206
vt 0.1932419 0.4652177
vt 0.2036245 0.4706683
vt 0.1932420 0.4706686
f 1322/1844/1322 1323/1845/1323 1324/1846/1324
vt 0.9142514 0.8908133
f 1281/1767/1281 1280/1766/1280 1325/1847/1325
vt 0.9130315 0.7841820
vt 0.9417692 0.7536620
f 1238/1707/1238 1044/1848/1044 1326/1849/1326
vt 0.9142265 0.7812877
f 1044/1848/1044 1045/1850/1045 1326/1849/1326
vt 0.9146317 0.7781822
f 1326/1849/1326 1045/1850/1045 1042/1851/1042
vt 0.8922315 0.7722070
f 1069/1816/1069 1067/1852/1067 1128/1814/1128
vt 0.8910381 0.7751021
f 1067/1852/1067 1048/1853/1048 1128/1814/1128
f 1128/1814/1128 1048/1853/1048 1050/1834/1050
vt 0.8635498 0.8329579
f 1051/1836/1051 1327/1854/1327 1128/1814/1128
vt 0.2548924 0.5441272
vt 0.2549593 0.4547495
f 1328/1855/1328 1199/1658/1199 1329/1856/1329
vt 0.3236232 0.8846784
vt 0.4279206 0.8815469
vt 0.4279206 0.8846781
f 1330/1857/1330 1282/1858/1282 1281/1859/1281
vt 0.9142191 0.7750766
f 1042/1851/1042 1035/1860/1035 1326/1849/1326
vt 0.9130164 0.7721829
f 1035/1860/1035 1033/1861/1033 1326/1849/1326
f 1326/1849/1326 1033/1861/1033 1310/1809/1310
vt 0.9111045 0.7696984
f 1033/1861/1033 1034/1862/1034 1310/1809/1310
f 1310/1809/1310 1034/1862/1034 1030/1810/1030
f 1097/1541/1097 1099/1543/1099 1310/1828/1310
f 1099/1543/1099 1240/1710/1240 1310/1828/1310
f 1310/1828/1310 1240/1710/1240 1242/1712/1242
vt 0.9674938 0.7707239
vt 0.9566157 0.7748514
vt 0.9549864 0.7732943
f 1331/1863/1331 1332/1864/1332 1333/1865/1333
vt 0.1996281 0.6335521
vt 0.1996245 0.6293529
vt 0.2172812 0.6293373
f 1334/1866/1334 1335/1867/1335 1109/1868/1109
f 1295/1789/1295 1066/1506/1066 1296/1790/1296
vt 0.2257738 0.6043694
vt 0.2264633 0.6019107
vt 0.2487776 0.6335086
f 1336/1869/1336 1337/1870/1337 1338/1871/1338
vt 0.2266927 0.5994102
f 1337/1870/1337 1339/1872/1339 1338/1871/1338
vt 0.2264591 0.5969096
f 1338/1871/1338 1339/1872/1339 1340/1873/1340
vt 0.2186716 0.6128983
vt 0.2211038 0.6110777
f 1341/1874/1341 1342/1875/1342 1338/1871/1338
vt 0.9795484 0.6497213
vt 0.9649152 0.7099831
f 1018/1876/1018 1010/1449/1010 1343/1877/1343
vt 0.7548825 0.2794090
vt 0.7548807 0.2780661
f 972/1519/972 1323/1878/1323 1344/1879/1344
f 1334/1866/1334 1109/1868/1109 1338/1871/1338
vt 0.2167251 0.6142517
f 1109/1868/1109 1108/1880/1108 1338/1871/1338
f 1338/1871/1338 1108/1880/1108 1341/1874/1341
vt 0.2230710 0.6089921
f 1342/1875/1342 1345/1881/1345 1338/1871/1338
vt 0.2246367 0.6067432
f 1345/1881/1345 1346/1882/1346 1338/1871/1338
f 1338/1871/1338 1346/1882/1346 1336/1869/1336
f 1200/1659/1200 1340/1873/1340 1265/1744/1265
vt 0.7548963 0.2898388
f 972/1519/972 1324/1883/1324 1323/1878/1323
f 1256/1838/1256 1120/1565/1120 1122/1567/1122
vt 0.2883323 0.4547726
vt 0.2841578 0.5441271
f 1347/1884/1347 1348/1885/1348 1234/1699/1234
vt 0.2237743 0.5441276
vt 0.2228891 0.5891882
f 1349/1886/1349 1350/1887/1350 1210/1671/1210
vt 0.2244380 0.5914133
vt 0.2250296 0.5441276
vt 0.2255629 0.5937623
f 1351/1888/1351 1352/1889/1352 1353/1890/1353
vt 0.8925999 0.8329539
vt 0.8922716 0.8817123
f 1354/1891/1354 976/1414/976 1355/1892/1355
vt 0.6147333 0.1170957
vt 0.6105613 0.1170957
f 1356/1893/1356 1357/1894/1357 1229/1694/1229
f 1357/1894/1357 1230/1695/1230 1229/1694/1229
vt 0.6944483 0.0684414
vt 0.7024512 0.0694772
f 1219/1895/1219 1082/1896/1082 1213/1724/1213
vt 0.9417762 0.7406264
f 1326/1849/1326 1310/1809/1310 1228/1897/1228
vt 0.9224356 0.4797257
vt 0.9417245 0.4624375
vt 0.9417245 0.4797257
f 1358/1898/1358 1359/1899/1359 1360/1900/1360
vt 0.2186700 0.4753563
vt 0.2211023 0.4771771
f 1163/1901/1163 952/1389/952 1271/1902/1271
vt 0.7551653 0.2918631
f 1324/1883/1324 972/1519/972 1361/1903/1361
vt 0.2024385 0.5085350
f 1362/1904/1362 1225/1690/1225 1227/1692/1227
vt 0.1065572 0.6230365
f 1305/1800/1305 1127/1905/1127 1143/1592/1143
vt 0.9781792 0.6500669
f 1016/1906/1016 1223/1688/1223 1222/1687/1222
f 1014/1453/1014 1017/1456/1017 1016/1455/1016
vt 0.9897748 0.3112949
vt 0.9736872 0.3113165
vt 0.9897671 0.3063259
f 1363/1907/1363 1364/1908/1364 1365/1909/1365
vt 0.2626530 0.6588622
f 1241/1711/1241 1366/1910/1366 1135/1582/1135
vt 0.9897761 0.2566362
vt 0.9741297 0.2579587
vt 0.9741315 0.2566156
f 1367/1911/1367 1138/1912/1138 920/1913/920
vt 0.9712797 0.2673337
vt 0.9726133 0.2647526
vt 0.9897681 0.2665740
f 1107/1914/1107 1105/1915/1105 1368/1916/1368
vt 0.9732903 0.2628450
f 1105/1915/1105 1369/1917/1369 1368/1916/1368
vt 0.2515618 0.7166495
vt 0.2573147 0.6570374
vt 0.2529307 0.7165541
f 1370/1918/1370 1371/1919/1371 1372/1920/1372
vt 0.9897715 0.2616053
vt 0.9737426 0.2612911
vt 0.9740217 0.2597907
f 1373/1921/1373 1293/1922/1293 1292/1923/1292
vt 0.2557113 0.6564516
f 1101/1545/1101 1374/1924/1374 1370/1918/1370
vt 0.9698681 0.2695648
vt 0.9897621 0.2715432
vt 0.9685483 0.2715159
f 1108/1925/1108 1375/1926/1375 1341/1927/1341
vt 0.9668354 0.2740013
f 1341/1927/1341 1375/1926/1375 1342/1928/1342
vt 0.9654498 0.2764901
vt 0.9897565 0.2765121
vt 0.9643463 0.2789788
f 1345/1929/1345 1376/1930/1376 1346/1931/1346
vt 0.9635448 0.2814684
vt 0.9897529 0.2814810
vt 0.9630576 0.2839580
f 1336/1932/1336 1377/1933/1377 1337/1934/1337
vt 0.7878687 0.0179341
vt 0.6992142 0.0179342
f 1378/1935/1378 1248/1718/1248 1379/1936/1379
vt 0.9630573 0.2889374
vt 0.9897522 0.2914189
vt 0.9635441 0.2914272
f 1340/1937/1340 1380/1938/1380 1353/1939/1353
vt 0.9643451 0.2939167
vt 0.9897547 0.2963880
vt 0.9654481 0.2964057
f 1351/1940/1351 1319/1941/1319 1350/1942/1350
vt 0.2053530 0.5083842
vt 0.2085691 0.5441276
f 1381/1943/1381 1382/1944/1382 1225/1690/1225
vt 0.9668332 0.2988945
f 1319/1941/1319 1383/1945/1383 1350/1942/1350
vt 0.9729198 0.3087463
f 1384/1946/1384 1365/1909/1365 1364/1908/1364
vt 0.9720032 0.3067488
f 1384/1946/1384 1385/1947/1385 1365/1909/1365
vt 0.9897605 0.3013569
vt 0.9707558 0.3047585
vt 0.9684787 0.3013818
f 1386/1948/1386 1092/1949/1092 1387/1950/1387
vt 0.9741378 0.3174736
vt 0.9897811 0.3162638
vt 0.9741408 0.3203896
f 1226/1951/1226 1388/1952/1388 1389/1953/1389
vt 0.7976360 0.0913352
vt 0.8081891 0.0815642
vt 0.8106732 0.0834703
f 1309/1954/1309 1052/1955/1052 1390/1956/1390
vt 0.8226675 0.0834703
vt 0.8251514 0.0815642
vt 0.8357048 0.0913352
f 1070/1957/1070 1071/1958/1071 1391/1959/1391
vt 0.8270580 0.0790800
f 1071/1958/1071 1040/1960/1040 1391/1959/1391
vt 0.8357048 0.0730829
f 1391/1959/1391 1040/1960/1040 1367/1961/1367
vt 0.7976360 0.0730829
vt 0.8050848 0.0761873
f 1388/1962/1388 1299/1963/1299 1309/1954/1309
vt 0.8062830 0.0790800
f 1299/1963/1299 1056/1964/1056 1309/1954/1309
f 1309/1954/1309 1056/1964/1056 1052/1955/1052
vt 0.8135661 0.0846685
f 1390/1956/1390 1054/1965/1054 1309/1954/1309
vt 0.8166704 0.0850773
f 1054/1965/1054 1049/1966/1049 1309/1954/1309
f 1309/1954/1309 1049/1966/1049 1391/1959/1391
vt 0.8197747 0.0846685
f 1049/1966/1049 1068/1967/1068 1391/1959/1391
f 1391/1959/1391 1068/1967/1068 1070/1957/1070
vt 0.8282557 0.0761873
f 1040/1960/1040 1392/1968/1392 1367/1961/1367
vt 0.8286647 0.0730829
f 1392/1968/1392 1025/1969/1025 1367/1961/1367
f 1207/1666/1207 1245/1715/1245 1206/1665/1206
vt 0.9198282 0.6470353
vt 0.9205029 0.6466529
f 1259/1736/1259 1205/1970/1205 1190/1971/1190
vt 0.7705259 0.2247299
f 1321/1841/1321 1393/1972/1393 1287/1842/1287
vt 0.9732255 0.7686598
vt 0.9771256 0.7802765
f 1394/1973/1394 1395/1974/1395 1011/1450/1011
vt 0.8350561 0.0681564
f 1025/1969/1025 1373/1975/1373 1367/1961/1367
vt 0.3236232 0.9285139
vt 0.4279204 0.9253833
vt 0.4279204 0.9285146
f 1396/1976/1396 1159/1977/1159 1355/1978/1355
vt 0.9224355 0.6143895
f 1268/1747/1268 1397/1979/1397 1005/1443/1005
vt 0.1891881 0.5441279
vt 0.1912115 0.5085608
vt 0.1912214 0.5441279
f 1398/1980/1398 1399/1981/1399 1400/1982/1400
vt 0.9291874 0.6947519
f 1120/1565/1120 964/1837/964 1215/1983/1215
vt 0.8046761 0.0730829
f 1388/1962/1388 1401/1984/1401 1299/1963/1299
vt 0.4279204 0.9316459
f 976/1985/976 1396/1976/1396 1355/1978/1355
f 1138/1912/1138 1373/1921/1373 1292/1923/1292
vt 0.8966674 0.8981029
f 1014/1453/1014 1013/1452/1013 1402/1986/1402
f 1385/1947/1385 1386/1948/1386 1365/1909/1365
f 1376/1930/1376 1342/1928/1342 1375/1926/1375
f 1380/1938/1380 1351/1940/1351 1353/1939/1353
vt 0.9585912 0.7759436
vt 0.9607840 0.7764992
f 1403/1987/1403 1331/1863/1331 1322/1988/1322
vt 0.9897517 0.2864500
f 1404/1989/1404 1337/1934/1337 1377/1933/1377
vt 0.9690647 0.7701811
f 1223/1688/1223 1405/1990/1405 1331/1863/1331
f 1377/1933/1377 1346/1931/1346 1376/1930/1376
f 1214/1708/1214 1280/1766/1280 1282/1768/1282
vt 0.2111177 0.5441276
vt 0.2085503 0.5803696
f 1406/1991/1406 1364/1992/1364 1382/1944/1382
vt 0.9224356 0.3397960
vt 0.9417245 0.3397960
f 1000/1438/1000 1407/1993/1407 1408/1994/1408
f 1158/1613/1158 1081/1522/1081 1010/1449/1010
f 1375/1926/1375 1107/1914/1107 1368/1916/1368
vt 0.9086660 0.8981010
f 1208/1667/1208 1198/1995/1198 1059/1668/1059
vt 0.9417245 0.4451491
vt 0.9224356 0.4278615
vt 0.9417245 0.4278615
f 1409/1996/1409 1410/1997/1410 1020/1998/1020
vt 0.9538099 0.7713751
f 1411/1999/1411 1331/1863/1331 1333/1865/1333
vt 0.2082569 0.4712651
vt 0.2089146 0.4641637
vt 0.2097955 0.4717429
f 1412/2000/1412 1413/2001/1413 1261/2002/1261
vt 0.2579851 0.5441272
f 1414/2003/1414 1329/1856/1329 1314/1822/1314
f 952/1389/952 951/1388/951 1028/1468/1028
vt 0.7551669 0.2072906
f 1008/1527/1008 1083/1526/1083 1399/2004/1399
f 1200/1659/1200 1267/1746/1267 952/1389/952
vt 0.8062830 0.0670857
vt 0.7982846 0.0681564
vt 0.8001862 0.0635659
f 1062/2005/1062 1363/2006/1363 1365/2007/1365
vt 0.8166704 0.0610887
vt 0.8117439 0.0546970
vt 0.8166704 0.0540484
f 1036/2008/1036 1380/2009/1380 1404/2010/1404
vt 0.8032110 0.0596236
f 1046/1831/1046 1365/2007/1365 1386/2011/1386
vt 0.8135661 0.0614973
f 1047/1833/1047 1380/2009/1380 1043/2012/1043
vt 0.8226675 0.0626955
vt 0.8301295 0.0596235
vt 0.8251514 0.0646017
f 1038/2013/1038 1375/2014/1375 1031/2015/1031
vt 0.8215969 0.0546970
vt 0.8197747 0.0614973
f 1036/2008/1036 1377/2016/1377 1037/2017/1037
vt 0.8261876 0.0565987
f 1037/2017/1037 1376/2018/1376 1038/2013/1038
vt 0.8270580 0.0670857
vt 0.8331547 0.0635656
f 1032/2019/1032 1375/2014/1375 1368/2020/1368
vt 0.8282557 0.0699785
f 1032/2019/1032 1373/1975/1373 1111/2021/1111
vt 0.8050848 0.0699785
f 1415/2022/1415 1388/1962/1388 1363/2006/1363
vt 0.9223469 0.6447107
f 1259/1736/1259 1416/2023/1416 1269/1748/1269
f 1116/1561/1116 1370/1918/1370 1316/1826/1316
vt 0.7878687 0.0301862
vt 0.7784820 0.0342706
f 1417/2024/1417 1155/1606/1155 1418/2025/1418
vt 0.7705026 0.2495747
vt 0.7438083 0.2470872
vt 0.7705032 0.2446058
f 1419/2026/1419 1267/2027/1267 1252/2028/1252
vt 0.3236235 0.8940715
vt 0.4279206 0.8909405
f 1192/2029/1192 1420/2030/1420 1197/1656/1197
vt 0.0098538 0.9758705
f 1274/2031/1274 1085/1529/1085 1188/1805/1188
vt 0.7627288 0.2015005
vt 0.7607039 0.2017650
f 1181/2032/1181 1008/1527/1008 1182/2033/1182
f 1159/1614/1159 1014/1453/1014 1355/1892/1355
f 1301/1795/1301 1263/1742/1263 1244/1741/1244
vt 0.9450853 0.6972271
f 1157/1612/1157 1016/1906/1016 1421/2034/1421
vt 0.9869056 0.6484032
f 1422/2035/1422 1096/1540/1096 1089/1533/1089
vt 0.1964720 0.6635060
vt 0.0099485 0.7231934
vt 0.0099485 0.6635060
f 1205/2036/1205 1275/2037/1275 1274/2038/1274
vt 0.3236231 0.8690228
vt 0.4279204 0.8690218
f 1288/2039/1288 982/1420/982 1194/2040/1194
vt 0.7705041 0.2545437
vt 0.7442961 0.2545564
f 1423/2041/1423 1028/1594/1028 951/2042/951
vt 0.9417245 0.3208833
vt 0.9224356 0.3145788
vt 0.9417245 0.3145788
f 1424/2043/1424 1425/2044/1425 1177/2045/1177
f 1243/1713/1243 1090/1534/1090 1089/1533/1089
vt 0.2167233 0.4740030
f 952/1389/952 1163/1901/1163 1162/2046/1162
vt 0.2251320 0.9705418
vt 0.2188292 0.9705418
f 1019/1719/1019 1426/2047/1426 1427/2048/1427
vt 0.4279206 0.9128587
vt 0.3236232 0.9097271
vt 0.4279206 0.9097275
f 1013/2049/1013 973/2050/973 1402/2051/1402
vt 0.1085858 0.4652197
f 1157/2052/1157 1304/1798/1304 1305/1800/1305
vt 0.9417245 0.4970139
f 1428/2053/1428 1358/1898/1358 1360/1900/1360
f 961/1447/961 971/1409/971 1152/1603/1152
vt 0.9530899 0.7669731
f 1223/1688/1223 1312/2054/1312 1297/1791/1297
vt 0.7438086 0.2520667
f 951/2042/951 953/2055/953 1423/2041/1423
vt 0.2759832 0.4547645
vt 0.2718068 0.5441271
f 1429/2056/1429 1430/2057/1430 1290/1784/1290
f 1168/1624/1168 1013/2049/1013 1015/1625/1015
vt 0.9740694 0.3145434
f 1388/1952/1388 1431/2058/1431 1363/1907/1363
vt 0.2266917 0.4888446
f 953/1390/953 952/1389/952 1432/2059/1432
vt 0.9224356 0.3334913
vt 0.9417245 0.3334913
f 1408/1994/1408 1433/2060/1433 1434/2061/1434
f 1003/1441/1003 1182/1640/1182 1145/1596/1145
vt 0.3236232 0.9222516
f 1159/1977/1159 1152/2062/1152 1149/1607/1149
f 1182/2033/1182 1008/1527/1008 1145/1703/1145
vt 0.1912093 0.4706687
f 1361/2063/1361 1322/1844/1322 1324/1846/1324
vt 0.7225181 0.0810628
f 1152/1603/1152 971/1409/971 1156/2064/1156
f 1189/1737/1189 1259/1736/1259 1190/1971/1190
vt 0.9224356 0.3271875
vt 0.9224356 0.3208833
f 1424/2043/1424 1435/2065/1435 1436/2066/1436
vt 0.7194139 0.0694772
f 961/1447/961 1437/2067/1437 1283/1773/1283
f 1144/1595/1144 1271/1750/1271 1027/1593/1027
vt 0.3236232 0.8815472
f 1253/2068/1253 1214/1675/1214 1282/1858/1282
vt 0.2130967 0.5820633
f 1385/2069/1385 1093/1537/1093 1092/1536/1092
vt 0.7571945 0.2953671
f 1438/2070/1438 972/1519/972 1078/1518/1078
vt 0.1932445 0.5085601
f 1400/1982/1400 1083/2071/1083 1187/1645/1187
vt 0.9057482 0.7897804
f 1061/2072/1061 1193/1652/1193 1195/1654/1195
vt 0.1126517 0.4652197
vt 0.1146865 0.5441295
vt 0.1126537 0.5441295
f 1222/2073/1222 1439/2074/1439 1440/2075/1440
vt 0.2314347 0.9512575
vt 0.2251320 0.9512575
f 1441/2076/1441 1426/2047/1426 1442/2077/1442
f 1274/2038/1274 1190/1648/1190 1205/2036/1205
f 1219/1681/1219 1212/1734/1212 1211/1682/1211
vt 0.7109325 0.0659642
f 1008/1446/1008 1009/1448/1009 980/2078/980
vt 0.9531636 0.7692205
f 1443/2079/1443 1331/1863/1331 1411/1999/1411
vt 0.1995355 0.5085578
f 1084/2080/1084 1227/1692/1227 1185/1643/1185
vt 0.7109325 0.0899528
vt 0.7060061 0.0963441
vt 0.7078282 0.0895439
f 1273/2081/1273 1260/2082/1260 1444/2083/1444
f 1081/1522/1081 1394/1973/1394 1011/1450/1011
f 1154/1605/1154 1418/2025/1418 1155/1606/1155
vt 0.6989382 0.0779585
f 1330/2084/1330 1252/1723/1252 1253/1725/1253
vt 0.9097359 0.3721634
f 933/1370/933 1445/2085/1445 934/1371/934
vt 0.1830803 0.5796930
f 1446/2086/1446 1029/1469/1029 1180/1638/1180
f 952/1389/952 1267/1746/1267 1432/2059/1432
vt 0.8995616 0.8993022
f 1447/2087/1447 1014/1453/1014 1402/1986/1402
vt 0.6925467 0.0828850
f 1423/2088/1423 1330/2084/1330 1255/1730/1255
vt 0.1013659 0.6230365
f 1143/1592/1143 1125/2089/1125 1141/1590/1141
vt 0.1830782 0.4706688
vt 0.1851109 0.4652179
vt 0.1851109 0.4706688
f 1079/2090/1079 1411/2091/1411 1078/2092/1078
vt 0.0097637 0.7958995
vt 0.1962872 0.7958995
vt 0.0097911 0.7991546
f 985/2093/985 991/2094/991 990/2095/990
vt 0.4376898 0.8940650
f 1026/1466/1026 1392/2096/1392 1039/1479/1039
vt 0.9417747 0.9252415
f 1280/1766/1280 1418/2097/1418 1059/1668/1059
vt 0.9224355 0.5958281
vt 0.9417244 0.5958281
f 1148/1599/1148 1448/2098/1448 1449/2099/1449
f 1209/1670/1209 971/1409/971 973/1411/973
vt 0.2759238 0.5441271
f 1236/1701/1236 1450/2100/1450 1429/2056/1429
vt 0.9097355 0.5339285
vt 0.8904484 0.5166423
f 1451/2101/1451 1452/2102/1452 929/1366/929
f 1202/1661/1202 956/1393/956 1201/1660/1201
vt 0.3236232 0.8909406
vt 0.4279206 0.8878093
f 1191/2103/1191 1325/2104/1325 1420/2030/1420
f 1017/1456/1017 1059/1668/1059 1018/1457/1018
vt 0.7548205 0.2214814
f 1381/2105/1381 1008/1527/1008 1393/1972/1393
vt 0.6147333 0.1692448
vt 0.6105613 0.1692448
f 1357/1894/1357 1335/2106/1335 1334/2107/1334
vt 0.9369482 0.6982135
f 1121/1566/1121 1120/1565/1120 1453/2108/1453
vt 0.4279206 0.9065964
f 973/2050/973 1447/2109/1447 1402/2051/1402
vt 0.7878687 0.0138500
f 1454/2110/1454 1379/1936/1379 1203/1662/1203
vt 0.1146879 0.6230363
vt 0.1126552 0.6230363
f 1440/2075/1440 1118/2111/1118 1117/2112/1117
vt 0.1167207 0.6230363
f 960/1397/960 1119/2113/1119 1170/1627/1170
vt 0.8995500 0.8329536
f 1455/2114/1455 982/1806/982 981/1588/981
vt 0.1912102 0.6230367
vt 0.1912103 0.6175863
f 1113/2115/1113 1076/1516/1076 1456/2116/1456
f 1023/1463/1023 1239/1709/1239 1214/1708/1214
vt 0.0098098 0.7926449
vt 0.1963333 0.7926449
f 991/2094/991 984/2117/984 992/2118/992
f 1261/2002/1261 1264/1743/1264 1263/1742/1263
vt 0.1106187 0.4652197
f 1421/2119/1421 1440/2075/1440 1304/1798/1304
vt 0.8904483 0.5857882
f 947/1384/947 1457/2120/1457 926/1363/926
f 1186/1644/1186 1400/1982/1400 1187/1645/1187
vt 0.1830793 0.6230367
vt 0.1810467 0.6175859
f 1123/2121/1123 1458/2122/1458 1073/1513/1073
f 1060/1500/1060 1207/1666/1207 1080/1521/1080
f 1232/1697/1232 1096/1540/1096 1095/1539/1095
vt 0.2677515 0.6334943
f 1459/2123/1459 1277/1761/1277 1279/1763/1279
f 1327/1854/1327 1355/1892/1355 1014/1453/1014
f 1175/1633/1175 945/1382/945 1176/1634/1176
vt 0.7442952 0.2445974
f 1267/2027/1267 1266/2124/1266 1252/2028/1252
vt 0.8904486 0.3412309
vt 0.9097359 0.3412309
f 918/1355/918 1460/2125/1460 1461/2126/1461
vt 0.9224355 0.5896410
f 1449/2099/1449 1462/2127/1462 1294/1788/1294
vt 0.3236232 0.9065962
f 1183/2128/1183 1017/1756/1017 1447/2109/1447
vt 0.8941571 0.7866889
f 1053/2129/1053 1354/1891/1354 1051/1836/1051
vt 0.9224356 0.5143017
f 1463/2130/1463 1428/2053/1428 1303/1797/1303
f 1082/1896/1082 1287/1780/1287 1289/1782/1289
vt 0.9097355 0.5512154
vt 0.8904484 0.5339285
f 1464/2131/1464 1465/2132/1465 1451/2101/1451
vt 0.5419873 0.9379008
vt 0.4376899 0.9347708
vt 0.5419873 0.9347697
f 1300/2133/1300 1401/2134/1401 1466/2135/1466
vt 0.9130543 0.8937070
vt 0.9111493 0.8961924
f 1420/2136/1420 1059/1668/1059 1197/2137/1197
vt 0.9026431 0.7901924
vt 0.8995375 0.7897870
f 1466/2138/1466 1455/2114/1455 1300/2139/1300
vt 0.2085493 0.5078857
f 1321/2140/1321 1406/1991/1406 1382/1944/1382
vt 0.0098561 0.7893901
vt 0.1963795 0.7893901
f 992/2118/992 988/2141/988 995/2142/995
vt 0.8904482 0.6282901
f 1467/2143/1467 1174/1632/1174 941/1378/941
f 1263/1765/1263 1262/1740/1262 1261/1739/1261
f 1439/2074/1439 1119/2113/1119 1118/2111/1118
vt 0.7436458 0.2495769
f 1419/2026/1419 953/2055/953 1432/2144/1432
vt 0.5419871 0.9253763
f 1468/2145/1468 1062/1502/1062 1046/1486/1046
f 1300/2139/1300 1139/1587/1139 1057/1839/1057
vt 0.2040698 0.4652175
vt 0.2049606 0.4707156
f 1469/2146/1469 1344/2147/1344 1323/1845/1323
vt 0.2244369 0.4968415
f 1257/2148/1257 1352/1889/1352 1349/1886/1349
vt 0.2440407 0.9705418
f 1165/1621/1165 1178/1636/1178 1470/2149/1470
vt 0.0099024 0.7861354
vt 0.1964256 0.7861354
f 995/2142/995 987/2150/987 996/2151/996
vt 0.1810454 0.4706689
f 1221/2152/1221 971/1819/971 1312/1818/1312
vt 0.9738743 0.7791388
f 1471/2153/1471 1012/1451/1012 1308/1803/1308
vt 0.2067748 0.4709314
vt 0.2077904 0.4645526
f 1472/2154/1472 1395/2155/1395 1412/2000/1412
vt 0.9838434 0.7835189
f 1301/2156/1301 1313/1821/1313 1231/1696/1231
vt 0.7213199 0.0719613
f 961/1447/961 1396/2157/1396 1437/2067/1437
vt 0.7547727 0.2762340
f 1260/1738/1260 1344/1879/1344 1472/2158/1472
vt 0.9725860 0.7788204
f 1469/2159/1469 1405/1990/1405 1471/2153/1471
f 1280/1766/1280 1059/1668/1059 1420/2136/1420
vt 0.9097356 0.4820693
vt 0.8904484 0.4820691
f 1473/2160/1473 930/1367/930 1220/2161/1220
vt 0.7049354 0.0883461
f 1196/2162/1196 1164/1649/1164 1192/1651/1192
f 1331/1863/1331 1443/2079/1443 1312/2054/1312
f 1237/1817/1237 1416/2023/1416 1259/1736/1259
vt 0.9097356 0.4647826
f 1473/2160/1473 939/1376/939 1474/2163/1474
f 1316/1826/1316 1372/1920/1372 1317/1827/1317
vt 0.2605686 0.7159252
f 1318/1829/1318 1356/2164/1356 1229/1830/1229
f 1284/1774/1284 1137/1584/1137 1318/1829/1318
vt 0.1871437 0.4706688
vt 0.1891764 0.4652178
vt 0.1891764 0.4706687
f 1438/2165/1438 1332/2166/1332 1475/2167/1475
vt 0.2563897 0.7162959
f 1099/1543/1099 1476/2168/1476 1240/1710/1240
f 1187/1645/1187 1084/2080/1084 1185/1643/1185
vt 0.2589329 0.6576529
vt 0.2542839 0.7164679
f 1372/1920/1372 1477/2169/1477 1478/2170/1478
f 1387/1950/1387 1319/1941/1319 1386/1948/1386
vt 0.2644567 0.6594060
f 1137/1584/1137 1335/2171/1335 1356/2164/1356
f 1001/1439/1001 1461/2126/1461 1460/2125/1460
vt 0.9628948 0.2864477
f 1404/1989/1404 1340/1937/1340 1339/2172/1339
vt 0.2617344 0.6585763
f 1476/2168/1476 1479/2173/1479 1241/1711/1241
vt 0.2608067 0.6582804
f 1098/1542/1098 1480/2174/1480 1476/2168/1476
vt 0.2598721 0.6579726
f 1478/2170/1478 1481/2175/1481 1098/1542/1098
vt 0.7230601 0.6052659
vt 0.8418404 0.5813237
vt 0.8425377 0.5981661
f 1249/2176/1249 1482/2177/1482 1358/2178/1358
f 1014/1611/1014 1016/1906/1016 1157/1612/1157
f 971/1819/971 961/1398/961 1297/1820/1297
vt 0.9785483 0.7808871
f 1206/1665/1206 1413/2179/1413 1394/1973/1394
f 1343/1877/1343 1012/1451/1012 1405/1990/1405
f 1233/1727/1233 952/1389/952 1162/2046/1162
vt 0.7878687 0.0261024
f 1483/2180/1483 1307/1802/1307 1247/1717/1247
f 1183/1641/1183 972/1410/972 1273/2081/1273
vt 0.1963810 0.6439748
vt 0.1964085 0.6472300
f 1086/1705/1086 1269/2181/1269 1416/2182/1416
vt 0.7544937 0.2747336
f 1260/1738/1260 1472/2158/1472 1412/2183/1412
vt 0.1995365 0.5796977
f 1227/1692/1227 1389/2184/1389 1185/1643/1185
f 1016/1906/1016 1222/1687/1222 1421/2034/1421
vt 0.7559505 0.2054047
f 1484/2185/1484 1008/1527/1008 1399/2004/1399
vt 0.7559493 0.2937486
f 1361/1903/1361 972/1519/972 1475/2186/1475
f 1332/1864/1332 1331/1863/1331 1403/1987/1403
vt 0.1963145 0.7991546
vt 0.0098186 0.8024101
f 994/2187/994 989/2188/989 990/2095/990
f 1143/1592/1143 1157/2052/1157 1305/1800/1305
f 1016/1906/1016 1343/1877/1343 1223/1688/1223
f 1422/2035/1422 1059/1499/1059 1094/1538/1094
f 1017/1456/1017 1014/1453/1014 1447/2087/1447
vt 0.7705512 0.2976407
f 1221/1686/1221 972/1519/972 971/2189/971
vt 0.3236232 0.9316450
f 975/1770/975 1437/2190/1437 976/1985/976
vt 0.2110947 0.5070770
f 1320/2191/1320 1173/1631/1173 1406/1991/1406
f 1317/1827/1317 1478/2170/1478 1097/1541/1097
vt 0.0554240 0.5441312
vt 0.0554205 0.4652219
f 1120/1812/1120 1327/2192/1327 1014/2193/1014
vt 0.2726684 0.6418968
f 1110/2194/1110 1335/2171/1335 1136/1583/1136
vt 0.2675560 0.6446435
f 1104/2195/1104 1479/2173/1479 1480/2174/1480
vt 0.2637721 0.6463560
vt 0.2651948 0.6457455
f 1481/2175/1481 1291/2196/1291 1485/2197/1485
vt 0.2691783 0.6437982
vt 0.2704898 0.6431138
f 1366/1910/1366 1103/2198/1103 1106/2199/1106
f 1480/2174/1480 1485/2197/1485 1104/2195/1104
f 1369/1917/1369 1373/1921/1373 1368/1916/1368
vt 0.2605209 0.6474937
vt 0.2619527 0.6470612
f 1371/1919/1371 1286/2200/1286 1285/2201/1285
f 1285/2201/1285 1477/2169/1477 1371/1919/1371
vt 0.1912091 0.4652178
f 1475/2167/1475 1403/2202/1403 1361/2063/1361
vt 0.1146845 0.4652196
f 1224/2203/1224 1170/1627/1170 1439/2074/1439
vt 0.0098662 0.6537400
vt 0.1963895 0.6537400
f 1171/2204/1171 1237/1706/1237 1258/2205/1258
f 1252/2028/1252 1257/1733/1257 1219/1681/1219
vt 0.0993288 0.4652202
vt 0.0972986 0.5441298
f 1121/2206/1121 1486/2207/1486 1122/1731/1122
f 1217/1679/1217 1090/1534/1090 1207/1666/1207
f 1331/1863/1331 1469/2159/1469 1322/1988/1322
f 1208/1755/1208 1196/1655/1196 1198/1657/1198
f 1088/1532/1088 1059/1499/1059 1422/2035/1422
vt 0.9819778 0.2383738
vt 0.9898001 0.2383840
f 1458/2208/1458 1391/2209/1391 1367/1911/1367
vt 0.9741451 0.2461858
f 1367/1911/1367 920/1913/920 922/2210/922
vt 0.9744142 0.2441616
f 922/2210/922 1456/2211/1456 1367/1911/1367
vt 0.9751983 0.2422762
f 1456/2211/1456 1076/2212/1076 1367/1911/1367
vt 0.9764435 0.2406576
f 1367/1911/1367 1076/2212/1076 1075/2213/1075
vt 0.9780651 0.2394165
f 1075/2213/1075 1074/2214/1074 1367/1911/1367
vt 0.9799528 0.2386377
f 1074/2214/1074 1073/2215/1073 1367/1911/1367
f 1367/1911/1367 1073/2215/1073 1458/2208/1458
vt 0.9741472 0.3267099
f 1186/2216/1186 1389/1953/1389 1388/1952/1388
vt 0.9898000 0.3345161
vt 0.9819778 0.3345242
f 1388/1952/1388 1309/2217/1309 1487/2218/1487
vt 0.9799528 0.3342597
f 1487/2218/1487 1446/2219/1446 1388/1952/1388
vt 0.9780654 0.3334802
f 1446/2219/1446 1488/2220/1488 1388/1952/1388
vt 0.9764441 0.3322388
f 1388/1952/1388 1488/2220/1488 1002/2221/1002
vt 0.9751992 0.3306199
f 1002/2221/1002 1489/2222/1489 1388/1952/1388
vt 0.9744159 0.3287342
f 1489/2222/1489 1490/2223/1490 1388/1952/1388
f 1388/1952/1388 1490/2223/1490 1186/2216/1186
f 922/1359/922 1113/2115/1113 1456/2116/1456
vt 0.0098936 0.6569954
f 1172/2224/1172 1258/2205/1258 1189/1647/1189
vt 0.1187533 0.6230363
f 960/1397/960 1309/1804/1309 1102/2225/1102
f 1272/1764/1272 1164/1620/1164 1262/1740/1262
vt 0.1810465 0.6230366
vt 0.1732600 0.6175859
f 1458/2122/1458 1100/2226/1100 1391/2227/1391
f 1100/2226/1100 1102/2225/1102 1391/2227/1391
f 1391/2227/1391 1102/2225/1102 1309/1804/1309
vt 0.1912124 0.5796949
f 1490/2228/1490 1398/1980/1398 1400/1982/1400
vt 0.8904484 0.5512154
f 928/1365/928 1491/2229/1491 1464/2131/1464
vt 0.1106225 0.6230363
f 1440/2075/1440 1130/2230/1130 1304/1798/1304
f 1325/1847/1325 1280/1766/1280 1420/2136/1420
vt 0.9097359 0.3659768
vt 0.8904486 0.3597903
vt 0.9097359 0.3597904
f 1492/2231/1492 1493/2232/1493 1494/2233/1494
vt 0.4376898 0.8721467
f 1055/1495/1055 1390/2234/1390 1051/1491/1051
f 1320/1840/1320 1287/1842/1287 977/1415/977
vt 0.2580521 0.6335013
f 1495/2235/1495 1328/1855/1328 1414/2003/1414
f 1003/1441/1003 1446/2086/1446 1180/1638/1180
vt 0.0099485 0.7828809
vt 0.1964720 0.7828809
f 996/2151/996 986/2236/986 997/2237/997
vt 0.9417245 0.3271875
f 1434/2061/1434 1435/2065/1435 1496/2238/1496
vt 0.1891794 0.5796944
f 1489/2239/1489 1004/1442/1004 1398/1980/1398
f 1271/1902/1271 952/1389/952 1027/1467/1027
f 1410/1997/1410 957/1394/957 1020/1998/1020
vt 0.4376899 0.9316396
f 1466/2135/1466 1415/2240/1415 1061/1501/1061
vt 0.1013616 0.4652200
vt 0.0993314 0.5441298
f 1453/2241/1453 1497/2242/1497 1121/2206/1121
vt 0.8904484 0.3721634
f 1498/2243/1498 1492/2231/1492 1445/2085/1445
f 1494/2233/1494 917/1354/917 919/1356/919
vt 0.6105614 0.0179342
vt 0.6105614 0.0138505
f 1203/1662/1203 1499/2244/1499 1500/2245/1500
vt 0.0932351 0.6230367
vt 0.0912025 0.6230367
f 1216/1677/1216 1132/2246/1132 1131/2247/1131
vt 0.6992142 0.0473078
vt 0.6199481 0.0473076
f 1228/1693/1228 1238/2248/1238 1326/2249/1326
f 978/1416/978 1218/1680/1218 979/1417/979
vt 0.6324637 0.0097663
f 1500/2245/1500 997/2250/997 1203/1662/1203
f 1146/1702/1146 1008/1527/1008 1484/2185/1484
vt 0.0993333 0.6230365
f 1124/2251/1124 1141/1590/1141 1125/2089/1125
vt 0.6105614 0.0220183
f 1379/1936/1379 1501/2252/1501 1499/2244/1499
vt 0.2801000 0.6334858
vt 0.2759839 0.6334885
f 1450/2100/1450 1502/2253/1502 1503/2254/1503
vt 0.9224356 0.4451491
f 1359/1899/1359 1504/2255/1504 1409/1996/1409
vt 0.2611431 0.6334990
f 1495/2235/1495 1277/1761/1277 1505/2256/1505
vt 0.2718678 0.6334914
f 1430/2057/1430 1503/2254/1503 1506/2257/1506
f 1279/1763/1279 1506/2257/1506 1459/2123/1459
vt 0.7784820 0.0473078
vt 0.6992142 0.0342706
f 1280/2258/1280 1507/2259/1507 1418/2025/1418
vt 0.3236232 0.8878096
f 1255/2260/1255 1281/1859/1281 1325/2104/1325
vt 0.9026541 0.8329534
f 1466/2138/1466 1195/1654/1195 1508/2261/1508
f 1060/1500/1060 1059/1499/1059 1217/1679/1217
vt 0.2063395 0.4649417
f 1344/2147/1344 1308/2262/1308 1472/2154/1472
vt 0.3236232 0.8721539
f 1289/2263/1289 1194/2040/1194 1021/1524/1021
vt 0.1891785 0.5085614
f 1398/1980/1398 1146/1597/1146 1484/2264/1484
vt 0.0891698 0.6230367
f 1311/1811/1311 1131/2247/1131 1126/2265/1126
vt 0.0554268 0.6230381
f 1327/2192/1327 1126/2265/1126 1128/2266/1128
vt 0.2314347 0.9705418
f 1441/2076/1441 1166/1622/1166 1509/2267/1509
vt 0.2924343 0.6114028
f 1276/1760/1276 1275/1759/1275 986/2268/986
vt 0.1964720 0.7231934
f 986/2236/986 1204/2269/1204 997/2237/997
vt 0.1830781 0.4652179
f 1221/2152/1221 1443/2270/1443 1079/2090/1079
vt 0.7548888 0.2185510
f 1362/2271/1362 1084/1528/1084 1008/1527/1008
vt 0.2186330 0.5852593
vt 0.2209790 0.5441276
vt 0.2209429 0.5871249
f 1387/2272/1387 1510/2273/1510 1383/2274/1383
vt 0.9086415 0.7885789
f 1063/2275/1063 1022/1462/1022 1193/1652/1193
vt 0.6105614 0.0261024
f 1248/1718/1248 1511/2276/1511 1501/2252/1501
vt 0.9111257 0.7866696
f 1468/2277/1468 1239/1709/1239 1022/1462/1022
f 1059/1668/1059 1198/1995/1198 1197/2137/1197
vt 0.0952678 0.6230366
f 1132/2246/1132 965/1403/965 1133/2278/1133
vt 0.2518690 0.6335062
vt 0.2549606 0.6335037
f 1512/2279/1512 1328/1855/1328 1513/2280/1513
vt 0.2517998 0.5441272
f 1338/1871/1338 1514/2281/1514 1512/2279/1512
f 1453/2108/1453 1120/1565/1120 1142/1610/1142
f 972/1519/972 1438/2070/1438 1475/2186/1475
vt 0.7705512 0.2015087
f 1008/1527/1008 1181/2032/1181 961/2282/961
f 1349/1886/1349 1212/1673/1212 1257/2148/1257
f 1383/2274/1383 1210/1671/1210 1350/1887/1350
vt 0.2842162 0.6334831
f 1235/1700/1235 1515/2283/1515 1502/2253/1502
vt 0.2883324 0.6334803
f 1515/2283/1515 1276/1760/1276 1516/2284/1516
vt 0.2053539 0.5798711
f 1431/2285/1431 1382/1944/1382 1364/1992/1364
f 1247/1717/1247 1306/1801/1306 1511/2276/1511
vt 0.2186318 0.5029957
f 1218/2286/1218 1510/2273/1510 1091/1535/1091
vt 0.0973006 0.6230365
f 1486/2207/1486 1124/2251/1124 1134/2287/1134
f 965/1403/965 1134/2287/1134 1133/2278/1133
f 1018/1876/1018 1059/1499/1059 1158/1613/1158
f 1260/2082/1260 1196/2162/1196 1444/2083/1444
vt 0.1871436 0.4652179
f 1078/2092/1078 1333/2288/1333 1438/2165/1438
vt 0.7060060 0.0595726
f 1393/2289/1393 980/2078/980 1288/1781/1288
f 1254/1726/1254 952/1389/952 1233/1727/1233
vt 0.2151476 0.5050694
f 979/2290/979 1091/1535/1091 1093/1537/1093
f 1396/2157/1396 961/1447/961 1151/1602/1151
f 971/1409/971 1168/1669/1168 1156/2064/1156
f 1249/1720/1249 1086/1530/1086 1085/1529/1085
f 1115/1560/1115 1374/1924/1374 1114/1558/1114
vt 0.2110956 0.5811781
f 1384/2291/1384 1173/1631/1173 1385/2069/1385
f 1265/1744/1265 1353/1890/1353 1352/1889/1352
f 1106/2199/1106 1136/1583/1136 1366/1910/1366
vt 0.2089149 0.6240907
f 1293/1787/1293 1485/2292/1485 1291/1785/1291
vt 0.2097958 0.6165117
f 1369/2293/1369 1104/1548/1104 1485/2292/1485
vt 0.7932307 0.7732509
f 42/43/42 359/424/359 1517/2294/1517
vt 0.5227631 0.2807013
f 1518/2295/1518 503/683/503 449/579/449
vt 0.5227631 0.0688874
vt 0.5227631 0.0832837
f 1519/2296/1519 306/343/306 1520/2297/1520
vt 0.5227631 0.2472283
f 1521/2298/1521 427/540/427 503/683/503
vt 0.5227633 0.3180723
vt 0.5227633 0.3532847
f 1522/2299/1522 258/286/258 1523/2300/1523
f 1518/2295/1518 451/581/451 1522/2299/1522
vt 0.5227631 0.2042061
vt 0.5227631 0.1767651
f 376/446/376 1524/2301/1524 1525/2302/1525
vt 0.5227631 0.0544911
f 343/400/343 1519/2296/1519 1526/2303/1526
vt 0.5227631 0.2229708
f 1524/2301/1524 427/540/427 1527/2304/1527
vt 0.5227631 0.1556058
f 237/261/237 1525/2302/1525 1528/2305/1528
vt 0.7932307 0.7700672
f 1517/2294/1517 263/294/263 1529/2306/1529
vt 0.5227631 0.0357192
vt 0.5227631 0.0097632
f 265/420/265 1530/2307/1530 1531/2308/1531
vt 0.5227634 0.4075292
vt 0.5227634 0.4946171
f 1532/2309/1532 351/412/351 1533/2310/1533
f 344/401/344 1526/2303/1526 1530/2307/1530
vt 0.5227631 0.1041862
f 1520/2297/1520 252/280/252 1534/2311/1534
vt 0.7932307 0.7668835
f 1529/2306/1529 265/296/265 1531/2312/1531
f 1523/2300/1523 257/285/257 1532/2309/1532
vt 0.5227631 0.1193164
f 1534/2311/1534 211/232/211 1535/2313/1535
vt 0.5227631 0.1344466
f 213/234/213 1528/2305/1528 1536/2314/1536
vt 0.7403832 0.7859855
f 443/566/443 491/2315/491 335/387/335
f 211/232/211 1536/2314/1536 1535/2313/1535
vt 0.4702115 0.4971802
vt 0.4702053 0.4982216
f 534/2316/534 530/756/530 1537/2317/1537
vt 0.4701993 0.4992608
f 530/756/530 1538/2318/1538 1537/2317/1537
vt 0.4601278 0.5435359
f 480/637/480 5/5/5 1539/2319/1539
vt 0.4601278 0.5456265
vt 0.4601278 0.5466719
f 525/744/525 1540/2320/1540 1541/2321/1541
vt 0.4701870 0.5013413
vt 0.4701931 0.5003014
f 514/715/514 1541/2322/1541 1542/2323/1542
f 515/716/515 1542/2323/1542 1538/2318/1538
vt 0.4601279 0.5445800
f 508/702/508 533/2324/533 1540/2320/1540
f 534/2316/534 536/773/536 488/653/488
f 478/635/478 1539/2319/1539 533/2324/533
vt 0.4072795 0.5148647
vt 0.4563527 0.4733795
f 1543/2325/1543 455/2326/455 4/4/4
f 1543/2325/1543 6/6/6 513/714/513
f 1519/2296/1519 460/597/460 1526/2303/1526
f 1534/2311/1534 429/542/429 379/453/379
f 1525/2302/1525 269/301/269 1528/2305/1528
f 391/472/391 1521/2298/1521 1518/2295/1518
f 537/787/537 1527/2304/1527 1521/2298/1521
f 1520/2297/1520 465/608/465 1519/2296/1519
f 111/119/111 1517/2294/1517 1529/2306/1529
f 1526/2303/1526 382/456/382 1530/2307/1530
f 1525/2302/1525 223/246/223 459/596/459
f 1533/2310/1533 393/475/393 1532/2309/1532
f 1535/2313/1535 271/303/271 429/542/429
f 1532/2309/1532 392/473/392 1523/2300/1523
f 1523/2300/1523 390/470/390 1522/2299/1522
f 1522/2299/1522 391/472/391 1518/2295/1518
f 1530/2307/1530 110/458/110 1531/2308/1531
f 1520/2297/1520 379/453/379 381/455/381
f 1536/2314/1536 269/301/269 271/303/271
f 224/247/224 1524/2301/1524 1527/2304/1527
f 110/117/110 1529/2306/1529 1531/2312/1531
f 55/56/55 42/43/42 1517/2294/1517
f 42/43/42 44/45/44 544/841/544
vt 0.3544327 0.5456249
vt 0.3544327 0.5466701
f 1544/2327/1544 434/819/434 1545/2328/1545
f 1543/2325/1543 518/726/518 455/588/455
f 519/727/519 1543/2325/1543 513/714/513
vt 0.3544327 0.5435347
f 1546/2329/1546 519/727/519 278/312/278
vt 0.5753335 0.5003008
f 1547/2330/1547 434/552/434 288/323/288
vt 0.5753211 0.4982212
vt 0.5753150 0.4971799
f 1548/2331/1548 103/107/103 185/2332/185
vt 0.5753272 0.4992602
f 1549/2333/1549 372/438/372 1548/2331/1548
f 1547/2330/1547 290/325/290 1549/2333/1549
vt 0.3544327 0.5445785
f 1546/2329/1546 82/84/82 187/2334/187
vt 0.5753167 0.4961406
f 185/2332/185 105/109/105 1550/2335/1550
f 187/2334/187 84/86/84 1544/2327/1544
f 1550/2335/1550 351/412/351 186/411/186
vt 0.4702098 0.4961410
vt 0.4702002 0.4951009
f 452/582/452 1551/2336/1551 532/2337/532
f 316/678/316 544/841/544 44/45/44
vt 0.2975479 0.9620776
vt 0.3003052 0.9603136
vt 0.3012550 0.9645262
f 1552/2338/1552 1553/2339/1553 1554/2340/1554
vt 0.2968955 0.9576775
f 1552/2338/1552 1555/2341/1555 1553/2339/1553
vt 0.2946197 0.9651132
vt 0.3012383 0.9665912
f 1556/2342/1556 1554/2340/1554 1557/2343/1557
vt 0.2949001 0.9637722
f 1558/2344/1558 1552/2338/1552 1554/2340/1554
vt 0.3000656 0.9550598
vt 0.2962329 0.9515377
vt 0.3010429 0.9536467
f 1559/2345/1559 1560/2346/1560 1561/2347/1561
vt 0.3063590 0.9563543
vt 0.3020938 0.9520831
f 1562/2348/1562 1561/2347/1561 1563/2349/1563
vt 0.2966385 0.9497215
f 1563/2349/1563 1560/2346/1560 1564/2350/1564
f 1558/2344/1558 1555/2341/1555 1552/2338/1552
vt 0.2935704 0.9634604
f 1565/2351/1565 1555/2341/1555 1558/2344/1558
vt 0.2932687 0.9648114
f 1565/2351/1565 1556/2342/1556 1566/2352/1566
vt 0.2905591 0.9605170
vt 0.2861625 0.9611558
vt 0.2888142 0.9577476
f 1567/2353/1567 1568/2354/1568 1569/2355/1569
vt 0.2930214 0.9568124
f 1567/2353/1567 1569/2355/1569 1570/2356/1570
vt 0.2919177 0.9645097
vt 0.2922344 0.9631768
f 1571/2357/1571 1568/2354/1568 1572/2358/1572
f 1572/2358/1572 1568/2354/1568 1567/2353/1567
f 1572/2358/1572 1567/2353/1567 1570/2356/1570
f 1570/2356/1570 1565/2351/1565 1572/2358/1572
f 1571/2357/1571 1565/2351/1565 1566/2352/1566
vt 0.2835386 0.9579515
vt 0.2799740 0.9618426
vt 0.2821139 0.9569254
f 1573/2359/1573 1574/2360/1574 1575/2361/1575
vt 0.2846677 0.9587418
vt 0.2876122 0.9558319
f 1569/2355/1569 1576/2362/1576 1577/2363/1577
vt 0.2955577 0.9545612
vt 0.2958539 0.9532351
f 1559/2345/1559 1578/2364/1578 1579/2365/1579
vt 0.3049928 0.9627425
vt 0.3022079 0.9590914
vt 0.3033396 0.9583647
f 1580/2366/1580 1581/2367/1581 1582/2368/1582
vt 0.2860025 0.9532211
f 1583/2369/1583 1573/2359/1573 1575/2361/1575
vt 0.2850198 0.9515890
vt 0.2805454 0.9557879
f 1584/2370/1584 1575/2361/1575 1585/2371/1585
vt 0.3042981 0.9487254
f 1586/2372/1586 1562/2348/1562 1563/2349/1563
vt 0.3047753 0.9574133
f 1587/2373/1587 1559/2345/1559 1561/2347/1561
vt 0.2912660 0.9530947
vt 0.2909827 0.9514002
f 1588/2374/1588 1583/2369/1583 1589/2375/1589
vt 0.2992868 0.9561790
f 1559/2345/1559 1581/2367/1581 1590/2376/1590
vt 0.2959784 0.9691059
vt 0.3003750 0.9684671
vt 0.2977233 0.9718753
f 1591/2377/1591 1592/2378/1592 1593/2379/1593
vt 0.2935161 0.9728105
f 1591/2377/1591 1593/2379/1593 1594/2380/1594
vt 0.2943030 0.9664460
f 1556/2342/1556 1592/2378/1592 1595/2381/1595
f 1595/2381/1595 1592/2378/1592 1591/2377/1591
f 1595/2381/1595 1591/2377/1591 1594/2380/1594
vt 0.2929670 0.9661625
f 1594/2380/1594 1596/2382/1596 1595/2381/1595
f 1556/2342/1556 1596/2382/1596 1566/2352/1566
vt 0.2889895 0.9675453
vt 0.2862323 0.9693093
vt 0.2852825 0.9650967
f 1597/2383/1597 1598/2384/1598 1599/2385/1599
vt 0.2896419 0.9719454
f 1597/2383/1597 1600/2386/1600 1598/2384/1598
vt 0.2852992 0.9630316
f 1571/2357/1571 1599/2385/1599 1601/2387/1601
vt 0.2916374 0.9658507
f 1602/2388/1602 1597/2383/1597 1599/2385/1599
f 1602/2388/1602 1600/2386/1600 1597/2383/1597
f 1596/2382/1596 1600/2386/1600 1602/2388/1602
f 1596/2382/1596 1571/2357/1571 1566/2352/1566
vt 0.3065635 0.9677803
vt 0.3067186 0.9624200
f 1603/2389/1603 1580/2366/1580 1604/2390/1604
vt 0.3127563 0.9691633
vt 0.3086220 0.9620577
vt 0.3127563 0.9612230
f 1605/2391/1605 1606/2392/1606 1607/2393/1607
vt 0.2974836 0.9459370
f 1608/2394/1608 1563/2349/1563 1564/2350/1564
vt 0.2906969 0.9495379
f 1609/2395/1609 1583/2369/1583 1584/2370/1584
vt 0.3036348 0.9629774
f 1610/2396/1610 1553/2339/1553 1581/2367/1581
f 1589/2375/1589 1579/2365/1579 1588/2374/1588
vt 0.2829318 0.9480404
vt 0.2901303 0.9455616
f 1609/2395/1609 1611/2397/1611 1612/2398/1612
vt 0.3097582 0.9540311
f 1613/2399/1613 1606/2392/1606 1562/2348/1562
vt 0.2868971 0.9546928
f 1588/2374/1588 1577/2363/1577 1614/2400/1614
f 1606/2392/1606 1603/2389/1603 1604/2390/1604
f 1577/2363/1577 1573/2359/1573 1614/2400/1614
vt 0.2817622 0.9722096
vt 0.2815446 0.9668804
vt 0.2831978 0.9712582
f 1615/2401/1615 1616/2402/1616 1617/2403/1617
f 1564/2350/1564 1589/2375/1589 1609/2395/1609
f 1578/2364/1578 1588/2374/1588 1579/2365/1579
vt 0.2909797 0.9750617
vt 0.2952715 0.9765282
vt 0.2906836 0.9763878
f 1618/2404/1618 1619/2405/1619 1620/2406/1620
vt 0.3035074 0.9670979
f 1580/2366/1580 1621/2407/1621 1610/2396/1610
f 1564/2350/1564 1612/2398/1612 1608/2394/1608
vt 0.2964072 0.9840613
vt 0.3015176 0.9780338
vt 0.3036057 0.9815825
f 1622/2408/1622 1623/2409/1623 1624/2410/1624
vt 0.2955548 0.9782227
vt 0.2996404 0.9749300
vt 0.3005349 0.9764017
f 1625/2411/1625 1626/2412/1626 1627/2413/1627
vt 0.2780603 0.9614152
f 1585/2371/1585 1574/2360/1574 1628/2414/1628
vt 0.2854946 0.9759762
vt 0.2864718 0.9745631
f 1629/2415/1629 1617/2403/1617 1630/2416/1630
vt 0.2989252 0.9737909
f 1619/2405/1619 1631/2417/1631 1626/2412/1626
vt 0.2903045 0.9780852
vt 0.2958406 0.9800850
vt 0.2898990 0.9799014
f 1632/2418/1632 1633/2419/1633 1634/2420/1634
vt 0.2914947 0.9544390
f 1635/2421/1635 1569/2355/1569 1577/2363/1577
vt 0.2737812 0.9604596
vt 0.2771590 0.9532737
f 1585/2371/1585 1636/2422/1636 1637/2423/1637
f 1625/2411/1625 1623/2409/1623 1633/2419/1633
f 1625/2411/1625 1620/2406/1620 1619/2405/1619
vt 0.3018698 0.9708810
f 1592/2378/1592 1621/2407/1621 1638/2424/1638
f 1604/2390/1604 1582/2368/1582 1587/2373/1587
vt 0.2950427 0.9751839
f 1639/2425/1639 1593/2379/1593 1631/2417/1631
vt 0.3044235 0.9726975
f 1626/2412/1626 1640/2426/1640 1627/2413/1627
f 1578/2364/1578 1570/2356/1570 1635/2421/1635
vt 0.2890538 0.9836859
f 1641/2427/1641 1633/2419/1633 1622/2408/1622
f 1629/2415/1629 1620/2406/1620 1632/2418/1632
f 1593/2379/1593 1638/2424/1638 1631/2417/1631
vt 0.2830301 0.9625250
f 1568/2354/1568 1642/2428/1642 1576/2362/1576
vt 0.3059920 0.9738350
f 1627/2413/1627 1643/2429/1643 1623/2409/1623
f 1618/2404/1618 1594/2380/1594 1639/2425/1639
f 1584/2370/1584 1637/2423/1637 1611/2397/1611
vt 0.3093784 0.9763492
f 1624/2410/1624 1643/2429/1643 1644/2430/1644
vt 0.3084771 0.9682077
f 1640/2426/1640 1645/2431/1645 1643/2429/1643
vt 0.2844437 0.9775398
f 1646/2432/1646 1615/2401/1615 1629/2415/1629
vt 0.3048467 0.9673969
f 1640/2426/1640 1647/2433/1647 1603/2389/1603
f 1643/2429/1643 1605/2391/1605 1644/2430/1644
vt 0.2843296 0.9705316
vt 0.2872507 0.9734439
f 1630/2416/1630 1648/2434/1648 1649/2435/1649
f 1630/2416/1630 1618/2404/1618 1620/2406/1620
f 1634/2420/1634 1629/2415/1629 1632/2418/1632
vt 0.2949755 0.9571685
f 1578/2364/1578 1555/2341/1555 1650/2436/1650
vt 0.2829027 0.9666455
f 1616/2402/1616 1642/2428/1642 1651/2437/1651
f 1649/2435/1649 1598/2384/1598 1600/2386/1600
f 1616/2402/1616 1648/2434/1648 1617/2403/1617
vt 0.2822393 0.9808975
f 1652/2438/1652 1634/2420/1634 1641/2427/1641
vt 0.2801785 0.9732686
vt 0.2798188 0.9672029
f 1653/2439/1653 1654/2440/1654 1615/2401/1615
vt 0.3029989 0.9716715
f 1631/2417/1631 1655/2441/1655 1626/2412/1626
f 1651/2437/1651 1598/2384/1598 1648/2434/1648
f 1642/2428/1642 1599/2385/1599 1651/2437/1651
vt 0.2767792 0.9755918
f 1656/2442/1656 1646/2432/1646 1652/2438/1652
f 1606/2392/1606 1587/2373/1587 1562/2348/1562
vt 0.2779154 0.9675652
f 1657/2443/1657 1574/2360/1574 1654/2440/1654
vt 0.2816907 0.9622260
f 1573/2359/1573 1642/2428/1642 1658/2444/1658
f 1654/2440/1654 1658/2444/1658 1616/2402/1616
vt 0.2737812 0.9683999
f 1659/2445/1659 1653/2439/1653 1656/2442/1656
f 1621/2407/1621 1554/2340/1554 1610/2396/1610
f 1590/2376/1590 1553/2339/1553 1555/2341/1555
f 1655/2441/1655 1621/2407/1621 1647/2433/1647
f 1636/2422/1636 1657/2443/1657 1659/2445/1659
vt 0.2915620 0.9724544
f 1618/2404/1618 1600/2386/1600 1660/2446/1660
f 1661/2338/1661 1662/2339/1662 1663/2340/1663
f 1661/2338/1661 1664/2341/1664 1662/2339/1662
f 1665/2342/1665 1663/2340/1663 1666/2343/1666
f 1667/2344/1667 1661/2338/1661 1663/2340/1663
f 1668/2347/1668 1669/2365/1669 1670/2346/1670
f 1671/2348/1671 1668/2347/1668 1672/2349/1672
f 1673/2350/1673 1668/2347/1668 1670/2346/1670
f 1667/2344/1667 1664/2341/1664 1661/2338/1661
f 1674/2351/1674 1664/2341/1664 1667/2344/1667
f 1674/2351/1674 1665/2342/1665 1675/2352/1675
f 1676/2353/1676 1677/2354/1677 1678/2355/1678
f 1676/2353/1676 1678/2355/1678 1679/2356/1679
f 1680/2357/1680 1677/2354/1677 1681/2358/1681
f 1681/2358/1681 1677/2354/1677 1676/2353/1676
f 1681/2358/1681 1676/2353/1676 1679/2356/1679
f 1679/2356/1679 1674/2351/1674 1681/2358/1681
f 1680/2357/1680 1674/2351/1674 1675/2352/1675
f 1682/2361/1682 1683/2444/1683 1684/2360/1684
f 1678/2355/1678 1685/2362/1685 1686/2363/1686
f 1687/2345/1687 1688/2364/1688 1669/2365/1669
f 1689/2366/1689 1690/2367/1690 1691/2368/1691
f 1692/2369/1692 1693/2359/1693 1682/2361/1682
f 1692/2369/1692 1694/2371/1694 1695/2370/1695
f 1696/2372/1696 1671/2348/1671 1672/2349/1672
f 1668/2347/1668 1691/2368/1691 1687/2345/1687
f 1697/2375/1697 1698/2400/1698 1692/2369/1692
f 1687/2345/1687 1690/2367/1690 1699/2376/1699
f 1700/2377/1700 1701/2378/1701 1702/2379/1702
f 1700/2377/1700 1702/2379/1702 1703/2380/1703
f 1665/2342/1665 1701/2378/1701 1704/2381/1704
f 1704/2381/1704 1701/2378/1701 1700/2377/1700
f 1704/2381/1704 1700/2377/1700 1703/2380/1703
f 1703/2380/1703 1705/2382/1705 1704/2381/1704
f 1665/2342/1665 1705/2382/1705 1675/2352/1675
f 1706/2383/1706 1707/2384/1707 1708/2385/1708
f 1706/2383/1706 1709/2386/1709 1707/2384/1707
f 1680/2357/1680 1708/2385/1708 1710/2387/1710
f 1711/2388/1711 1706/2383/1706 1708/2385/1708
f 1711/2388/1711 1709/2386/1709 1706/2383/1706
f 1705/2382/1705 1709/2386/1709 1711/2388/1711
f 1705/2382/1705 1680/2357/1680 1675/2352/1675
f 1712/2390/1712 1713/2433/1713 1689/2366/1689
f 1714/2391/1714 1715/2392/1715 1716/2393/1716
f 1696/2372/1696 1673/2350/1673 1717/2394/1717
f 1697/2375/1697 1695/2370/1695 1718/2395/1718
f 1719/2396/1719 1662/2339/1662 1690/2367/1690
f 1697/2375/1697 1669/2365/1669 1720/2374/1720
f 1721/2398/1721 1695/2370/1695 1722/2397/1722
f 1723/2399/1723 1715/2392/1715 1671/2348/1671
f 1720/2374/1720 1686/2363/1686 1698/2400/1698
f 1724/2431/1724 1712/2390/1712 1715/2392/1715
f 1686/2363/1686 1693/2359/1693 1698/2400/1698
f 1725/2440/1725 1726/2403/1726 1727/2401/1727
f 1673/2350/1673 1697/2375/1697 1718/2395/1718
f 1688/2364/1688 1720/2374/1720 1669/2365/1669
f 1728/2404/1728 1729/2405/1729 1730/2406/1730
f 1689/2366/1689 1731/2407/1731 1719/2396/1719
f 1673/2350/1673 1721/2398/1721 1717/2394/1717
f 1732/2408/1732 1733/2409/1733 1734/2410/1734
f 1735/2411/1735 1736/2412/1736 1737/2413/1737
f 1682/2361/1682 1738/2414/1738 1694/2371/1694
f 1739/2415/1739 1726/2403/1726 1740/2416/1740
f 1729/2405/1729 1741/2417/1741 1736/2412/1736
f 1742/2420/1742 1735/2411/1735 1743/2419/1743
f 1744/2421/1744 1678/2355/1678 1686/2363/1686
f 1694/2371/1694 1745/2422/1745 1746/2423/1746
f 1743/2419/1743 1737/2413/1737 1733/2409/1733
f 1747/2418/1747 1729/2405/1729 1735/2411/1735
f 1701/2378/1701 1731/2407/1731 1748/2424/1748
f 1749/2373/1749 1689/2366/1689 1691/2368/1691
f 1750/2425/1750 1702/2379/1702 1741/2417/1741
f 1736/2412/1736 1751/2426/1751 1737/2413/1737
f 1688/2364/1688 1679/2356/1679 1744/2421/1744
f 1742/2420/1742 1732/2408/1732 1752/2427/1752
f 1740/2416/1740 1747/2418/1747 1739/2415/1739
f 1702/2379/1702 1748/2424/1748 1741/2417/1741
f 1677/2354/1677 1753/2428/1753 1685/2362/1685
f 1737/2413/1737 1754/2429/1754 1733/2409/1733
f 1728/2404/1728 1703/2380/1703 1750/2425/1750
f 1722/2397/1722 1694/2371/1694 1746/2423/1746
f 1734/2410/1734 1754/2429/1754 1755/2430/1755
f 1751/2426/1751 1724/2431/1724 1754/2429/1754
f 1756/2432/1756 1727/2401/1727 1739/2415/1739
f 1757/2441/1757 1758/2389/1758 1751/2426/1751
f 1754/2429/1754 1714/2391/1714 1755/2430/1755
f 1740/2416/1740 1759/2434/1759 1760/2435/1760
f 1740/2416/1740 1728/2404/1728 1730/2406/1730
f 1742/2420/1742 1739/2415/1739 1747/2418/1747
f 1688/2364/1688 1664/2341/1664 1761/2436/1761
f 1762/2402/1762 1753/2428/1753 1763/2437/1763
f 1760/2435/1760 1707/2384/1707 1709/2386/1709
f 1762/2402/1762 1759/2434/1759 1726/2403/1726
f 1764/2438/1764 1742/2420/1742 1752/2427/1752
f 1765/2443/1765 1727/2401/1727 1766/2439/1766
f 1741/2417/1741 1757/2441/1757 1736/2412/1736
f 1763/2437/1763 1707/2384/1707 1759/2434/1759
f 1753/2428/1753 1708/2385/1708 1763/2437/1763
f 1764/2438/1764 1766/2439/1766 1756/2432/1756
f 1715/2392/1715 1749/2373/1749 1671/2348/1671
f 1738/2414/1738 1725/2440/1725 1765/2443/1765
f 1693/2359/1693 1753/2428/1753 1683/2444/1683
f 1684/2360/1684 1762/2402/1762 1725/2440/1725
f 1767/2442/1767 1765/2443/1765 1766/2439/1766
f 1731/2407/1731 1663/2340/1663 1719/2396/1719
f 1699/2376/1699 1662/2339/1662 1664/2341/1664
f 1757/2441/1757 1731/2407/1731 1713/2433/1713
f 1745/2422/1745 1765/2443/1765 1768/2445/1768
f 1728/2404/1728 1709/2386/1709 1769/2446/1769
f 1770/2338/1770 1771/2339/1771 1772/2340/1772
f 1770/2338/1770 1773/2341/1773 1771/2339/1771
f 1774/2342/1774 1772/2340/1772 1775/2343/1775
f 1776/2344/1776 1770/2338/1770 1772/2340/1772
f 1777/2347/1777 1778/2365/1778 1779/2346/1779
f 1780/2348/1780 1777/2347/1777 1781/2349/1781
f 1782/2350/1782 1777/2347/1777 1779/2346/1779
f 1776/2344/1776 1773/2341/1773 1770/2338/1770
f 1783/2351/1783 1773/2341/1773 1776/2344/1776
f 1783/2351/1783 1774/2342/1774 1784/2352/1784
f 1785/2353/1785 1786/2354/1786 1787/2355/1787
f 1785/2353/1785 1787/2355/1787 1788/2356/1788
f 1789/2357/1789 1786/2354/1786 1790/2358/1790
f 1790/2358/1790 1786/2354/1786 1785/2353/1785
f 1790/2358/1790 1785/2353/1785 1788/2356/1788
f 1788/2356/1788 1783/2351/1783 1790/2358/1790
f 1789/2357/1789 1783/2351/1783 1784/2352/1784
f 1791/2361/1791 1792/2444/1792 1793/2360/1793
f 1787/2355/1787 1794/2362/1794 1795/2363/1795
f 1796/2345/1796 1797/2364/1797 1778/2365/1778
f 1798/2366/1798 1799/2367/1799 1800/2368/1800
f 1801/2369/1801 1802/2359/1802 1791/2361/1791
f 1801/2369/1801 1803/2371/1803 1804/2370/1804
f 1805/2372/1805 1780/2348/1780 1781/2349/1781
f 1777/2347/1777 1800/2368/1800 1796/2345/1796
f 1806/2375/1806 1807/2400/1807 1801/2369/1801
f 1796/2345/1796 1799/2367/1799 1808/2376/1808
f 1809/2377/1809 1810/2378/1810 1811/2379/1811
f 1809/2377/1809 1811/2379/1811 1812/2380/1812
f 1774/2342/1774 1810/2378/1810 1813/2381/1813
f 1813/2381/1813 1810/2378/1810 1809/2377/1809
f 1813/2381/1813 1809/2377/1809 1812/2380/1812
f 1812/2380/1812 1814/2382/1814 1813/2381/1813
f 1774/2342/1774 1814/2382/1814 1784/2352/1784
f 1815/2383/1815 1816/2384/1816 1817/2385/1817
f 1815/2383/1815 1818/2386/1818 1816/2384/1816
f 1789/2357/1789 1817/2385/1817 1819/2387/1819
f 1820/2388/1820 1815/2383/1815 1817/2385/1817
f 1820/2388/1820 1818/2386/1818 1815/2383/1815
f 1814/2382/1814 1818/2386/1818 1820/2388/1820
f 1814/2382/1814 1789/2357/1789 1784/2352/1784
f 1821/2390/1821 1822/2433/1822 1798/2366/1798
f 1823/2391/1823 1824/2392/1824 1825/2393/1825
f 1826/2394/1826 1781/2349/1781 1782/2350/1782
f 1827/2395/1827 1801/2369/1801 1804/2370/1804
f 1828/2396/1828 1771/2339/1771 1799/2367/1799
f 1806/2375/1806 1778/2365/1778 1829/2374/1829
f 1827/2395/1827 1830/2397/1830 1831/2398/1831
f 1832/2399/1832 1824/2392/1824 1780/2348/1780
f 1829/2374/1829 1795/2363/1795 1807/2400/1807
f 1833/2431/1833 1821/2390/1821 1824/2392/1824
f 1795/2363/1795 1802/2359/1802 1807/2400/1807
f 1834/2401/1834 1835/2402/1835 1836/2403/1836
f 1782/2350/1782 1806/2375/1806 1827/2395/1827
f 1778/2365/1778 1837/2421/1837 1829/2374/1829
f 1838/2404/1838 1839/2405/1839 1840/2406/1840
f 1798/2366/1798 1841/2407/1841 1828/2396/1828
f 1782/2350/1782 1831/2398/1831 1826/2394/1826
f 1842/2408/1842 1843/2409/1843 1844/2410/1844
f 1845/2411/1845 1846/2412/1846 1847/2413/1847
f 1791/2361/1791 1848/2414/1848 1803/2371/1803
f 1849/2415/1849 1836/2403/1836 1850/2416/1850
f 1839/2405/1839 1851/2417/1851 1846/2412/1846
f 1852/2420/1852 1845/2411/1845 1853/2419/1853
f 1837/2421/1837 1787/2355/1787 1795/2363/1795
f 1803/2371/1803 1854/2422/1854 1855/2423/1855
f 1853/2419/1853 1847/2413/1847 1843/2409/1843
f 1856/2418/1856 1839/2405/1839 1845/2411/1845
f 1810/2378/1810 1841/2407/1841 1857/2424/1857
f 1858/2373/1858 1798/2366/1798 1800/2368/1800
f 1859/2425/1859 1811/2379/1811 1851/2417/1851
f 1846/2412/1846 1860/2426/1860 1847/2413/1847
f 1797/2364/1797 1788/2356/1788 1837/2421/1837
f 1861/2427/1861 1853/2419/1853 1842/2408/1842
f 1849/2415/1849 1840/2406/1840 1856/2418/1856
f 1811/2379/1811 1857/2424/1857 1851/2417/1851
f 1786/2354/1786 1862/2428/1862 1794/2362/1794
f 1847/2413/1847 1863/2429/1863 1843/2409/1843
f 1838/2404/1838 1812/2380/1812 1859/2425/1859
f 1804/2370/1804 1855/2423/1855 1830/2397/1830
f 1844/2410/1844 1863/2429/1863 1864/2430/1864
f 1860/2426/1860 1833/2431/1833 1863/2429/1863
f 1865/2432/1865 1834/2401/1834 1849/2415/1849
f 1866/2441/1866 1867/2389/1867 1860/2426/1860
f 1863/2429/1863 1823/2391/1823 1864/2430/1864
f 1850/2416/1850 1868/2434/1868 1869/2435/1869
f 1840/2406/1840 1869/2435/1869 1838/2404/1838
f 1852/2420/1852 1849/2415/1849 1856/2418/1856
f 1797/2364/1797 1773/2341/1773 1870/2436/1870
f 1835/2402/1835 1862/2428/1862 1871/2437/1871
f 1869/2435/1869 1816/2384/1816 1818/2386/1818
f 1835/2402/1835 1868/2434/1868 1836/2403/1836
f 1872/2438/1872 1852/2420/1852 1861/2427/1861
f 1873/2443/1873 1834/2401/1834 1874/2439/1874
f 1851/2417/1851 1866/2441/1866 1846/2412/1846
f 1871/2437/1871 1816/2384/1816 1868/2434/1868
f 1862/2428/1862 1817/2385/1817 1871/2437/1871
f 1875/2442/1875 1865/2432/1865 1872/2438/1872
f 1824/2392/1824 1858/2373/1858 1780/2348/1780
f 1848/2414/1848 1876/2440/1876 1873/2443/1873
f 1802/2359/1802 1862/2428/1862 1792/2444/1792
f 1793/2360/1793 1835/2402/1835 1876/2440/1876
f 1877/2445/1877 1874/2439/1874 1875/2442/1875
f 1841/2407/1841 1772/2340/1772 1828/2396/1828
f 1808/2376/1808 1771/2339/1771 1773/2341/1773
f 1866/2441/1866 1841/2407/1841 1822/2433/1822
f 1854/2422/1854 1873/2443/1873 1877/2445/1877
f 1838/2404/1838 1818/2386/1818 1878/2446/1878
f 1879/2338/1879 1880/2340/1880 1881/2339/1881
f 1879/2338/1879 1881/2339/1881 1882/2341/1882
f 1883/2342/1883 1880/2340/1880 1884/2344/1884
f 1884/2344/1884 1880/2340/1880 1879/2338/1879
f 1885/2346/1885 1886/2345/1886 1887/2347/1887
f 1887/2347/1887 1888/2348/1888 1889/2349/1889
f 1885/2346/1885 1889/2349/1889 1890/2350/1890
f 1884/2344/1884 1879/2338/1879 1882/2341/1882
f 1882/2341/1882 1891/2351/1891 1884/2344/1884
f 1883/2342/1883 1891/2351/1891 1892/2352/1892
f 1893/2353/1893 1894/2355/1894 1895/2354/1895
f 1893/2353/1893 1896/2356/1896 1894/2355/1894
f 1897/2357/1897 1895/2354/1895 1898/2387/1898
f 1899/2358/1899 1893/2353/1893 1895/2354/1895
f 1899/2358/1899 1896/2356/1896 1893/2353/1893
f 1891/2351/1891 1896/2356/1896 1899/2358/1899
f 1891/2351/1891 1897/2357/1897 1892/2352/1892
f 1900/2361/1900 1901/2444/1901 1902/2359/1902
f 1903/2362/1903 1894/2355/1894 1904/2363/1904
f 1905/2364/1905 1886/2345/1886 1906/2365/1906
f 1907/2367/1907 1908/2366/1908 1909/2368/1909
f 1910/2369/1910 1902/2359/1902 1911/2400/1911
f 1912/2370/1912 1900/2361/1900 1910/2369/1910
f 1913/2372/1913 1888/2348/1888 1914/2399/1914
f 1887/2347/1887 1909/2368/1909 1915/2373/1915
f 1916/2375/1916 1911/2400/1911 1917/2374/1917
f 1886/2345/1886 1907/2367/1907 1909/2368/1909
f 1918/2377/1918 1919/2379/1919 1920/2378/1920
f 1918/2377/1918 1921/2380/1921 1919/2379/1919
f 1883/2342/1883 1920/2378/1920 1922/2343/1922
f 1923/2381/1923 1918/2377/1918 1920/2378/1920
f 1923/2381/1923 1921/2380/1921 1918/2377/1918
f 1924/2382/1924 1921/2380/1921 1923/2381/1923
f 1924/2382/1924 1883/2342/1883 1892/2352/1892
f 1925/2383/1925 1926/2385/1926 1927/2384/1927
f 1925/2383/1925 1927/2384/1927 1928/2386/1928
f 1897/2357/1897 1926/2385/1926 1929/2388/1929
f 1929/2388/1929 1926/2385/1926 1925/2383/1925
f 1929/2388/1929 1925/2383/1925 1928/2386/1928
f 1928/2386/1928 1924/2382/1924 1929/2388/1929
f 1897/2357/1897 1924/2382/1924 1892/2352/1892
f 1930/2390/1930 1931/2433/1931 1932/2389/1932
f 1933/2393/1933 1934/2431/1934 1935/2391/1935
f 1936/2394/1936 1889/2349/1889 1913/2372/1913
f 1937/2395/1937 1910/2369/1910 1916/2375/1916
f 1881/2339/1881 1938/2396/1938 1907/2367/1907
f 1916/2375/1916 1906/2365/1906 1885/2346/1885
f 1939/2397/1939 1937/2395/1937 1940/2398/1940
f 1888/2348/1888 1933/2393/1933 1914/2399/1914
f 1917/2374/1917 1904/2363/1904 1941/2421/1941
f 1942/2392/1942 1932/2389/1932 1934/2431/1934
f 1902/2359/1902 1904/2363/1904 1911/2400/1911
f 1943/2403/1943 1944/2440/1944 1945/2401/1945
f 1890/2350/1890 1916/2375/1916 1885/2346/1885
f 1917/2374/1917 1905/2364/1905 1906/2365/1906
f 1946/2405/1946 1947/2404/1947 1948/2406/1948
f 1908/2366/1908 1949/2407/1949 1931/2433/1931
f 1940/2398/1940 1890/2350/1890 1936/2394/1936
f 1950/2408/1950 1951/2409/1951 1952/2419/1952
f 1953/2413/1953 1946/2405/1946 1954/2411/1954
f 1955/2371/1955 1956/2360/1956 1900/2361/1900
f 1957/2416/1957 1945/2401/1945 1958/2415/1958
f 1946/2405/1946 1959/2417/1959 1960/2425/1960
f 1952/2419/1952 1961/2418/1961 1962/2420/1962
f 1941/2421/1941 1894/2355/1894 1896/2356/1896
f 1963/2423/1963 1964/2414/1964 1955/2371/1955
f 1951/2409/1951 1954/2411/1954 1952/2419/1952
f 1946/2405/1946 1961/2418/1961 1954/2411/1954
f 1949/2407/1949 1920/2378/1920 1965/2424/1965
f 1909/2368/1909 1930/2390/1930 1915/2373/1915
f 1960/2425/1960 1919/2379/1919 1921/2380/1921
f 1966/2426/1966 1967/2412/1967 1953/2413/1953
f 1905/2364/1905 1896/2356/1896 1968/2436/1968
f 1969/2427/1969 1952/2419/1952 1962/2420/1962
f 1958/2415/1958 1948/2406/1948 1957/2416/1957
f 1965/2424/1965 1919/2379/1919 1959/2417/1959
f 1970/2428/1970 1895/2354/1895 1903/2362/1903
f 1951/2409/1951 1966/2426/1966 1953/2413/1953
f 1947/2404/1947 1921/2380/1921 1971/2446/1971
f 1963/2423/1963 1912/2370/1912 1939/2397/1939
f 1972/2410/1972 1973/2429/1973 1951/2409/1951
f 1973/2429/1973 1932/2389/1932 1966/2426/1966
f 1974/2432/1974 1945/2401/1945 1975/2439/1975
f 1932/2389/1932 1976/2441/1976 1966/2426/1966
f 1935/2391/1935 1973/2429/1973 1977/2430/1977
f 1957/2416/1957 1978/2434/1978 1943/2403/1943
f 1947/2404/1947 1957/2416/1957 1948/2406/1948
f 1962/2420/1962 1958/2415/1958 1974/2432/1974
f 1905/2364/1905 1882/2341/1882 1979/2376/1979
f 1980/2402/1980 1970/2428/1970 1901/2444/1901
f 1981/2435/1981 1927/2384/1927 1978/2434/1978
f 1978/2434/1978 1980/2402/1980 1943/2403/1943
f 1962/2420/1962 1982/2438/1982 1969/2427/1969
f 1975/2439/1975 1944/2440/1944 1983/2443/1983
f 1976/2441/1976 1959/2417/1959 1967/2412/1967
f 1927/2384/1927 1984/2437/1984 1978/2434/1978
f 1926/2385/1926 1970/2428/1970 1984/2437/1984
f 1974/2432/1974 1985/2442/1985 1982/2438/1982
f 1888/2348/1888 1930/2390/1930 1942/2392/1942
f 1983/2443/1983 1956/2360/1956 1964/2414/1964
f 1902/2359/1902 1970/2428/1970 1903/2362/1903
f 1980/2402/1980 1956/2360/1956 1944/2440/1944
f 1975/2439/1975 1986/2445/1986 1985/2442/1985
f 1880/2340/1880 1949/2407/1949 1938/2396/1938
f 1979/2376/1979 1881/2339/1881 1907/2367/1907
f 1976/2441/1976 1949/2407/1949 1965/2424/1965
f 1983/2443/1983 1987/2422/1987 1986/2445/1986
f 1947/2404/1947 1928/2386/1928 1981/2435/1981
f 1988/2338/1988 1989/2340/1989 1990/2339/1990
f 1988/2338/1988 1990/2339/1990 1991/2341/1991
f 1992/2342/1992 1989/2340/1989 1993/2344/1993
f 1993/2344/1993 1989/2340/1989 1988/2338/1988
f 1994/2346/1994 1995/2345/1995 1996/2347/1996
f 1997/2349/1997 1998/2373/1998 1999/2348/1999
f 2000/2350/2000 1996/2347/1996 1997/2349/1997
f 1993/2344/1993 1988/2338/1988 1991/2341/1991
f 1991/2341/1991 2001/2351/2001 1993/2344/1993
f 1992/2342/1992 2001/2351/2001 2002/2352/2002
f 2003/2353/2003 2004/2355/2004 2005/2354/2005
f 2003/2353/2003 2006/2356/2006 2004/2355/2004
f 2007/2357/2007 2005/2354/2005 2008/2387/2008
f 2009/2358/2009 2003/2353/2003 2005/2354/2005
f 2009/2358/2009 2006/2356/2006 2003/2353/2003
f 2001/2351/2001 2006/2356/2006 2009/2358/2009
f 2001/2351/2001 2007/2357/2007 2002/2352/2002
f 2010/2360/2010 2011/2359/2011 2012/2361/2012
f 2013/2362/2013 2004/2355/2004 2014/2363/2014
f 2015/2364/2015 1995/2345/1995 2016/2365/2016
f 2017/2367/2017 2018/2366/2018 2019/2368/2019
f 2012/2361/2012 2020/2400/2020 2021/2369/2021
f 2022/2371/2022 2021/2369/2021 2023/2370/2023
f 2024/2372/2024 1999/2348/1999 2025/2399/2025
f 1996/2347/1996 2019/2368/2019 1998/2373/1998
f 2026/2375/2026 2020/2400/2020 2027/2374/2027
f 1995/2345/1995 2017/2367/2017 2019/2368/2019
f 2028/2377/2028 2029/2379/2029 2030/2378/2030
f 2028/2377/2028 2031/2380/2031 2029/2379/2029
f 1992/2342/1992 2030/2378/2030 2032/2343/2032
f 2033/2381/2033 2028/2377/2028 2030/2378/2030
f 2033/2381/2033 2031/2380/2031 2028/2377/2028
f 2034/2382/2034 2031/2380/2031 2033/2381/2033
f 2034/2382/2034 1992/2342/1992 2002/2352/2002
f 2035/2383/2035 2036/2385/2036 2037/2384/2037
f 2035/2383/2035 2037/2384/2037 2038/2386/2038
f 2007/2357/2007 2036/2385/2036 2039/2388/2039
f 2039/2388/2039 2036/2385/2036 2035/2383/2035
f 2039/2388/2039 2035/2383/2035 2038/2386/2038
f 2038/2386/2038 2034/2382/2034 2039/2388/2039
f 2007/2357/2007 2034/2382/2034 2002/2352/2002
f 2018/2366/2018 2040/2389/2040 2041/2390/2041
f 2042/2393/2042 2043/2431/2043 2044/2391/2044
f 2000/2350/2000 2024/2372/2024 2045/2394/2045
f 2046/2395/2046 2021/2369/2021 2026/2375/2026
f 1990/2339/1990 2047/2396/2047 2017/2367/2017
f 2027/2374/2027 1994/2346/1994 2026/2375/2026
f 2048/2398/2048 2023/2370/2023 2046/2395/2046
f 2025/2399/2025 2049/2392/2049 2042/2393/2042
f 2027/2374/2027 2014/2363/2014 2050/2421/2050
f 2041/2390/2041 2043/2431/2043 2049/2392/2049
f 2011/2359/2011 2014/2363/2014 2020/2400/2020
f 2051/2401/2051 2052/2402/2052 2053/2440/2053
f 2000/2350/2000 2026/2375/2026 1994/2346/1994
f 2027/2374/2027 2015/2364/2015 2016/2365/2016
f 2054/2405/2054 2055/2404/2055 2056/2406/2056
f 2018/2366/2018 2057/2407/2057 2058/2433/2058
f 2048/2398/2048 2000/2350/2000 2045/2394/2045
f 2059/2408/2059 2060/2409/2060 2061/2419/2061
f 2062/2411/2062 2063/2412/2063 2054/2405/2054
f 2064/2414/2064 2012/2361/2012 2022/2371/2022
f 2065/2415/2065 2066/2403/2066 2051/2401/2051
f 2054/2405/2054 2067/2417/2067 2068/2425/2068
f 2069/2420/2069 2062/2411/2062 2070/2418/2070
f 2050/2421/2050 2004/2355/2004 2006/2356/2006
f 2071/2423/2071 2064/2414/2064 2022/2371/2022
f 2060/2409/2060 2062/2411/2062 2061/2419/2061
f 2062/2411/2062 2056/2406/2056 2070/2418/2070
f 2057/2407/2057 2030/2378/2030 2072/2424/2072
f 2019/2368/2019 2041/2390/2041 1998/2373/1998
f 2068/2425/2068 2029/2379/2029 2031/2380/2031
f 2073/2413/2073 2074/2441/2074 2063/2412/2063
f 2015/2364/2015 2006/2356/2006 2075/2436/2075
f 2059/2408/2059 2069/2420/2069 2076/2427/2076
f 2065/2415/2065 2056/2406/2056 2077/2416/2077
f 2072/2424/2072 2029/2379/2029 2067/2417/2067
f 2078/2428/2078 2005/2354/2005 2013/2362/2013
f 2079/2429/2079 2073/2413/2073 2060/2409/2060
f 2055/2404/2055 2031/2380/2031 2080/2446/2080
f 2081/2397/2081 2022/2371/2022 2023/2370/2023
f 2082/2410/2082 2079/2429/2079 2060/2409/2060
f 2043/2431/2043 2083/2426/2083 2079/2429/2079
f 2065/2415/2065 2084/2439/2084 2085/2432/2085
f 2083/2426/2083 2058/2433/2058 2074/2441/2074
f 2044/2391/2044 2079/2429/2079 2086/2430/2086
f 2077/2416/2077 2087/2434/2087 2066/2403/2066
f 2055/2404/2055 2077/2416/2077 2056/2406/2056
f 2069/2420/2069 2065/2415/2065 2085/2432/2085
f 2015/2364/2015 1991/2341/1991 2088/2376/2088
f 2052/2402/2052 2078/2428/2078 2089/2444/2089
f 2090/2435/2090 2037/2384/2037 2087/2434/2087
f 2087/2434/2087 2052/2402/2052 2066/2403/2066
f 2069/2420/2069 2091/2438/2091 2076/2427/2076
f 2051/2401/2051 2092/2443/2092 2084/2439/2084
f 2074/2441/2074 2067/2417/2067 2063/2412/2063
f 2037/2384/2037 2093/2437/2093 2087/2434/2087
f 2036/2385/2036 2078/2428/2078 2093/2437/2093
f 2091/2438/2091 2084/2439/2084 2094/2442/2094
f 1998/2373/1998 2049/2392/2049 1999/2348/1999
f 2053/2440/2053 2064/2414/2064 2092/2443/2092
f 2011/2359/2011 2078/2428/2078 2013/2362/2013
f 2053/2440/2053 2089/2444/2089 2010/2360/2010
f 2094/2442/2094 2092/2443/2092 2095/2445/2095
f 1989/2340/1989 2057/2407/2057 2047/2396/2047
f 2088/2376/2088 1990/2339/1990 2017/2367/2017
f 2074/2441/2074 2057/2407/2057 2072/2424/2072
f 2092/2443/2092 2096/2422/2096 2095/2445/2095
f 2055/2404/2055 2038/2386/2038 2090/2435/2090
f 2097/2338/2097 2098/2340/2098 2099/2339/2099
f 2097/2338/2097 2099/2339/2099 2100/2341/2100
f 2101/2342/2101 2098/2340/2098 2102/2344/2102
f 2102/2344/2102 2098/2340/2098 2097/2338/2097
f 2103/2347/2103 2104/2365/2104 2105/2345/2105
f 2106/2349/2106 2107/2373/2107 2108/2348/2108
f 2109/2346/2109 2106/2349/2106 2110/2350/2110
f 2102/2344/2102 2097/2338/2097 2100/2341/2100
f 2100/2341/2100 2111/2351/2111 2102/2344/2102
f 2101/2342/2101 2111/2351/2111 2112/2352/2112
f 2113/2353/2113 2114/2355/2114 2115/2354/2115
f 2113/2353/2113 2116/2356/2116 2114/2355/2114
f 2117/2357/2117 2115/2354/2115 2118/2387/2118
f 2119/2358/2119 2113/2353/2113 2115/2354/2115
f 2119/2358/2119 2116/2356/2116 2113/2353/2113
f 2111/2351/2111 2116/2356/2116 2119/2358/2119
f 2111/2351/2111 2117/2357/2117 2112/2352/2112
f 2120/2360/2120 2121/2359/2121 2122/2361/2122
f 2123/2362/2123 2114/2355/2114 2124/2363/2124
f 2125/2364/2125 2105/2345/2105 2104/2365/2104
f 2126/2367/2126 2127/2366/2127 2128/2368/2128
f 2129/2369/2129 2121/2359/2121 2130/2400/2130
f 2131/2370/2131 2122/2361/2122 2129/2369/2129
f 2132/2372/2132 2108/2348/2108 2133/2399/2133
f 2105/2345/2105 2107/2373/2107 2103/2347/2103
f 2134/2375/2134 2130/2400/2130 2135/2374/2135
f 2105/2345/2105 2126/2367/2126 2128/2368/2128
f 2136/2377/2136 2137/2379/2137 2138/2378/2138
f 2136/2377/2136 2139/2380/2139 2137/2379/2137
f 2101/2342/2101 2138/2378/2138 2140/2343/2140
f 2141/2381/2141 2136/2377/2136 2138/2378/2138
f 2141/2381/2141 2139/2380/2139 2136/2377/2136
f 2142/2382/2142 2139/2380/2139 2141/2381/2141
f 2142/2382/2142 2101/2342/2101 2112/2352/2112
f 2143/2383/2143 2144/2385/2144 2145/2384/2145
f 2143/2383/2143 2145/2384/2145 2146/2386/2146
f 2117/2357/2117 2144/2385/2144 2147/2388/2147
f 2147/2388/2147 2144/2385/2144 2143/2383/2143
f 2147/2388/2147 2143/2383/2143 2146/2386/2146
f 2146/2386/2146 2142/2382/2142 2147/2388/2147
f 2117/2357/2117 2142/2382/2142 2112/2352/2112
f 2127/2366/2127 2148/2389/2148 2149/2390/2149
f 2150/2392/2150 2151/2391/2151 2152/2393/2152
f 2153/2394/2153 2106/2349/2106 2132/2372/2132
f 2154/2395/2154 2129/2369/2129 2134/2375/2134
f 2099/2339/2099 2155/2396/2155 2126/2367/2126
f 2134/2375/2134 2104/2365/2104 2109/2346/2109
f 2156/2397/2156 2154/2395/2154 2157/2398/2157
f 2133/2399/2133 2150/2392/2150 2152/2393/2152
f 2135/2374/2135 2124/2363/2124 2158/2421/2158
f 2149/2390/2149 2159/2431/2159 2150/2392/2150
f 2121/2359/2121 2124/2363/2124 2130/2400/2130
f 2160/2401/2160 2161/2402/2161 2162/2440/2162
f 2110/2350/2110 2134/2375/2134 2109/2346/2109
f 2104/2365/2104 2158/2421/2158 2125/2364/2125
f 2163/2405/2163 2164/2404/2164 2165/2406/2165
f 2127/2366/2127 2166/2407/2166 2167/2433/2167
f 2153/2394/2153 2154/2395/2154 2110/2350/2110
f 2168/2408/2168 2169/2409/2169 2170/2419/2170
f 2171/2413/2171 2163/2405/2163 2172/2411/2172
f 2173/2414/2173 2122/2361/2122 2174/2371/2174
f 2175/2415/2175 2176/2403/2176 2160/2401/2160
f 2163/2405/2163 2177/2417/2177 2178/2425/2178
f 2179/2420/2179 2172/2411/2172 2180/2418/2180
f 2158/2421/2158 2114/2355/2114 2116/2356/2116
f 2181/2422/2181 2174/2371/2174 2182/2423/2182
f 2169/2409/2169 2172/2411/2172 2170/2419/2170
f 2172/2411/2172 2165/2406/2165 2180/2418/2180
f 2166/2407/2166 2138/2378/2138 2183/2424/2183
f 2107/2373/2107 2127/2366/2127 2149/2390/2149
f 2178/2425/2178 2137/2379/2137 2139/2380/2139
f 2171/2413/2171 2184/2441/2184 2185/2412/2185
f 2125/2364/2125 2116/2356/2116 2186/2436/2186
f 2168/2408/2168 2179/2420/2179 2187/2427/2187
f 2175/2415/2175 2165/2406/2165 2188/2416/2188
f 2183/2424/2183 2137/2379/2137 2177/2417/2177
f 2189/2428/2189 2115/2354/2115 2123/2362/2123
f 2190/2429/2190 2171/2413/2171 2169/2409/2169
f 2164/2404/2164 2139/2380/2139 2191/2446/2191
f 2182/2423/2182 2131/2370/2131 2156/2397/2156
f 2192/2410/2192 2190/2429/2190 2169/2409/2169
f 2159/2431/2159 2193/2426/2193 2190/2429/2190
f 2194/2432/2194 2160/2401/2160 2195/2439/2195
f 2193/2426/2193 2167/2433/2167 2184/2441/2184
f 2151/2391/2151 2190/2429/2190 2196/2430/2196
f 2188/2416/2188 2197/2434/2197 2176/2403/2176
f 2165/2406/2165 2198/2435/2198 2188/2416/2188
f 2179/2420/2179 2175/2415/2175 2194/2432/2194
f 2125/2364/2125 2100/2341/2100 2199/2376/2199
f 2161/2402/2161 2189/2428/2189 2200/2444/2200
f 2198/2435/2198 2145/2384/2145 2197/2434/2197
f 2197/2434/2197 2161/2402/2161 2176/2403/2176
f 2187/2427/2187 2194/2432/2194 2201/2438/2201
f 2160/2401/2160 2202/2443/2202 2195/2439/2195
f 2184/2441/2184 2177/2417/2177 2185/2412/2185
f 2145/2384/2145 2203/2437/2203 2197/2434/2197
f 2144/2385/2144 2189/2428/2189 2203/2437/2203
f 2194/2432/2194 2204/2442/2204 2201/2438/2201
f 2108/2348/2108 2149/2390/2149 2150/2392/2150
f 2162/2440/2162 2173/2414/2173 2202/2443/2202
f 2121/2359/2121 2189/2428/2189 2123/2362/2123
f 2162/2440/2162 2200/2444/2200 2120/2360/2120
f 2195/2439/2195 2205/2445/2205 2204/2442/2204
f 2098/2340/2098 2166/2407/2166 2155/2396/2155
f 2199/2376/2199 2099/2339/2099 2126/2367/2126
f 2184/2441/2184 2166/2407/2166 2183/2424/2183
f 2202/2443/2202 2181/2422/2181 2205/2445/2205
f 2164/2404/2164 2146/2386/2146 2198/2435/2198
vt 0.7352389 0.1335090
vt 0.7432324 0.2093154
vt 0.7371237 0.2261361
f 1201/2447/1201 1464/2448/1464 1451/2449/1451
f 1/1/1 107/113/107 2/2/2
f 4/4/4 74/76/74 5/5/5
f 7/7/7 325/497/325 8/8/8
f 10/10/10 389/469/389 11/11/11
f 13/13/13 430/620/430 14/14/14
f 16/16/16 529/753/529 17/17/17
f 19/19/19 138/150/138 20/20/20
f 22/22/22 334/385/334 23/23/23
vt 0.4106104 0.6385875
f 25/25/25 413/2450/413 26/26/26
f 28/28/28 118/127/118 29/29/29
f 31/31/31 420/530/420 32/32/32
f 45/46/45 339/436/339 46/47/46
f 48/49/48 352/413/352 49/50/49
f 51/52/51 268/643/268 52/53/52
vt 0.8460783 0.7764345
f 54/55/54 93/2451/93 43/44/43
f 58/60/58 302/825/302 59/61/59
f 64/66/64 447/576/447 65/67/65
f 67/69/67 308/345/308 68/70/68
f 70/72/70 482/782/482 71/73/71
f 4/4/4 455/2326/455 73/75/73
vt 0.5797235 0.9441595
f 75/77/75 402/2452/402 76/78/76
f 82/84/82 279/313/279 83/85/83
f 85/87/85 72/74/72 86/88/86
f 33/33/33 32/32/32 87/90/87
f 89/92/89 302/337/302 90/93/90
f 91/94/91 54/97/54 94/98/94
vt 0.3976049 0.6868660
f 99/103/99 531/2453/531 100/104/100
f 47/48/47 500/700/500 102/106/102
f 103/107/103 398/483/398 104/108/104
f 106/110/106 421/762/421 64/66/64
vt 0.3625759 0.6240281
f 9/112/9 8/2454/8 107/113/107
f 108/114/108 207/227/207 81/115/81
vt 0.8460783 0.7668833
f 110/117/110 383/2455/383 94/118/94
f 112/120/112 462/600/462 113/121/113
f 63/126/63 437/818/437 118/127/118
f 119/128/119 431/767/431 120/129/120
f 123/132/123 377/449/377 124/133/124
vt 0.5743956 0.9615173
f 126/135/126 328/2456/328 127/136/127
vt 0.3938365 0.6525654
f 88/91/88 400/2457/400 129/138/129
vt 0.3630308 0.6816831
f 130/139/130 70/2458/70 131/140/131
f 70/72/70 130/745/130 68/142/68
f 34/143/34 370/812/370 133/144/133
vt 0.3265820 0.6531465
f 137/149/137 158/2459/158 138/150/138
f 139/151/139 88/91/88 87/90/87
vt 0.3265820 0.6385872
f 15/153/15 14/2460/14 29/29/29
f 141/154/141 285/319/285 142/155/142
vt 0.8460783 0.9313458
f 98/157/98 97/2461/97 144/158/144
f 148/162/148 466/612/466 149/163/149
f 151/165/151 67/69/67 69/71/69
f 143/156/143 311/348/311 153/168/153
f 155/170/155 470/623/470 156/171/156
f 161/176/161 446/575/446 162/177/162
f 164/179/164 486/646/486 165/180/165
vt 0.3760937 0.6531468
f 171/186/171 388/2462/388 172/187/172
f 174/189/174 233/256/233 175/190/175
f 177/192/177 192/207/192 178/193/178
f 180/195/180 457/591/457 181/196/181
vt 0.0172766 0.5093723
f 186/201/186 310/347/310 517/2463/517
vt 0.0166098 0.5101773
f 517/2463/517 1546/2464/1546 187/202/187
vt 0.0147822 0.5111569
vt 0.0137427 0.5112667
f 187/202/187 1544/2465/1544 1545/2466/1545
vt 0.0127095 0.5111083
vt 0.0117510 0.5106895
f 1545/2466/1545 1547/2467/1547 1549/2468/1549
vt 0.0109305 0.5100432
f 1549/2468/1549 1548/2469/1548 185/200/185
vt 0.0099078 0.5082382
f 185/200/185 1550/2470/1550 186/201/186
f 186/201/186 517/2463/517 187/202/187
f 187/202/187 1545/2466/1545 1549/2468/1549
f 1549/2468/1549 185/200/185 187/202/187
f 188/203/188 374/441/374 189/204/189
f 191/206/191 528/752/528 192/207/192
f 125/209/125 124/784/124 194/210/194
f 190/205/190 492/658/492 195/212/195
f 21/21/21 246/534/246 61/217/61
f 194/218/194 531/2453/531 99/103/99
f 204/223/204 493/662/493 205/224/205
f 206/226/206 169/826/169 207/227/207
f 136/228/136 541/828/541 1/1/1
vt 0.1706861 0.0171574
f 210/231/210 442/2471/442 208/229/208
vt 0.1714921 0.0198784
f 442/2471/442 196/2472/196 208/229/208
vt 0.1716479 0.0227122
f 196/2472/196 195/2473/195 208/229/208
vt 0.1637891 0.0300893
f 195/2473/195 472/839/472 254/2474/254
f 472/839/472 384/838/384 254/2474/254
f 254/2474/254 208/229/208 195/2473/195
vt 0.5756233 0.1193164
f 211/232/211 62/2475/62 212/233/212
vt 0.0359652 0.0199268
f 214/235/214 512/2476/512 215/236/215
vt 0.1666115 0.1863627
vt 0.1685387 0.1840810
f 166/2477/166 128/240/128 164/2478/164
vt 0.1633954 0.1693573
f 128/240/128 542/2479/542 217/238/217
f 164/2478/164 128/240/128 218/239/218
vt 0.1666130 0.1582503
f 542/2479/542 169/184/169 320/2480/320
f 169/184/169 168/183/168 320/2480/320
vt 0.1681771 0.1602481
f 320/2480/320 239/2481/239 542/2479/542
vt 0.1701754 0.1633873
f 239/2481/239 182/2482/182 542/2479/542
vt 0.1716137 0.1668446
f 182/2482/182 181/2483/181 542/2479/542
vt 0.1723656 0.1716066
f 181/2483/181 501/2484/501 542/2479/542
f 501/2484/501 217/238/217 542/2479/542
f 219/241/219 276/310/276 220/242/220
f 43/44/43 93/2451/93 92/244/92
vt 0.4699030 0.2042063
f 222/245/222 267/2485/267 223/246/223
f 228/251/228 378/805/378 229/252/229
f 77/79/77 214/656/214 231/254/231
f 232/255/232 502/832/502 233/256/233
f 217/257/217 501/680/501 234/258/234
f 213/234/213 212/233/212 236/260/236
f 50/262/50 388/2462/388 171/186/171
f 238/264/238 180/195/180 182/197/182
f 240/266/240 500/679/500 241/267/241
f 497/722/497 232/837/232 231/271/231
f 232/837/232 243/269/243 231/271/231
f 166/181/166 165/180/165 247/275/247
f 249/277/249 156/407/156 250/278/250
f 251/279/251 62/2475/62 211/232/211
vt 0.6135234 0.9441595
f 253/281/253 208/2486/208 254/282/254
vt 0.5755908 0.4075762
f 256/284/256 304/2487/304 257/285/257
vt 0.7403832 0.9313462
f 209/287/209 419/2488/419 144/158/144
f 260/289/260 540/810/540 261/290/261
vt 0.4072790 0.1366502
f 262/291/262 2206/2489/2206 225/292/225
f 263/294/263 360/425/360 264/295/264
vt 0.3993779 0.6380063
f 9/9/9 201/2490/201 266/297/266
f 269/301/269 538/791/538 270/302/270
vt 0.1829496 0.0198784
vt 0.1837557 0.0171574
f 189/2491/189 374/2492/374 96/100/96
vt 0.1851688 0.0146964
f 374/2492/374 467/2493/467 96/100/96
f 467/2493/467 152/167/152 96/100/96
f 272/304/272 228/619/228 273/305/273
f 96/100/96 272/304/272 274/306/274
f 274/306/274 189/2491/189 96/100/96
f 60/307/60 522/733/522 275/308/275
f 276/310/276 498/671/498 277/311/277
f 278/312/278 479/636/479 279/313/279
f 113/121/113 462/600/462 280/314/280
f 248/276/248 247/275/247 282/316/282
f 245/272/245 246/274/246 199/216/199
f 102/321/102 297/332/297 287/322/287
f 250/278/250 313/689/313 242/268/242
f 288/323/288 435/553/435 289/324/289
f 102/321/102 500/679/500 291/326/291
f 293/328/293 130/745/130 85/87/85
f 297/332/297 292/327/292 39/39/39
f 298/333/298 400/486/400 299/334/299
vt 0.3622051 0.6380066
f 301/336/301 59/2494/59 302/337/302
f 304/341/304 256/380/256 305/342/305
f 306/343/306 117/694/117 251/279/251
f 307/344/307 357/738/357 308/345/308
f 309/346/309 517/2463/517 310/347/310
f 312/349/312 496/666/496 313/350/313
f 317/355/317 51/52/51 38/356/38
vt 0.4072790 0.1451119
f 168/358/168 2207/2495/2207 319/359/319
f 324/364/324 487/688/487 221/365/221
f 23/367/23 162/177/162 325/368/325
vt 0.3265820 0.6380066
f 116/370/116 59/2496/59 301/371/301
f 326/372/326 522/733/522 60/307/60
vt 0.4144867 0.6760460
f 328/374/328 126/2497/126 198/375/198
f 330/377/330 41/42/41 175/378/175
f 332/382/332 307/344/307 67/69/67
f 333/383/333 318/652/318 38/38/38
f 115/384/115 134/830/134 334/385/334
f 184/386/184 183/567/183 335/387/335
vt 0.4007736 0.6360844
f 337/389/337 504/2498/504 284/390/284
f 36/36/36 52/788/52 339/392/339
f 340/393/340 375/442/375 150/394/150
vt 0.3265820 0.6671246
f 61/217/61 197/2499/197 137/149/137
vt 0.2074176 0.1989250
f 159/174/159 140/482/140 505/2500/505
f 140/482/140 397/481/397 505/2500/505
f 341/397/341 160/175/160 159/174/159
vt 0.2038367 0.1946155
f 191/396/191 193/2501/193 341/397/341
f 159/174/159 505/2500/505 191/396/191
f 68/142/68 293/328/293 342/398/342
vt 0.5756232 0.0544911
f 261/399/261 540/2502/540 343/400/343
f 345/402/345 481/693/481 346/403/346
f 287/322/287 318/652/318 157/406/157
f 349/408/349 253/281/253 96/409/96
f 257/285/257 304/2487/304 186/411/186
f 352/413/352 333/603/333 37/414/37
f 218/418/218 217/257/217 354/416/354
f 217/257/217 235/259/235 354/416/354
f 264/419/264 261/399/261 344/401/344
f 359/424/359 348/842/348 360/425/360
f 215/236/215 512/2476/512 296/331/296
f 512/2476/512 314/352/314 491/657/491
f 296/331/296 512/2476/512 491/657/491
vt 0.3879126 0.6962425
f 361/426/361 324/2503/324 332/382/332
f 362/427/362 468/614/468 363/428/363
f 365/430/365 528/752/528 366/431/366
f 91/94/91 368/433/368 183/198/183
f 368/433/368 350/834/350 147/161/147
f 350/834/350 96/100/96 147/161/147
vt 0.3265820 0.6822644
f 370/435/370 34/2504/34 339/436/339
f 290/325/290 289/324/289 371/437/371
f 132/141/132 394/477/394 85/439/85
f 373/440/373 467/613/467 374/441/374
f 375/442/375 155/170/155 157/172/157
f 200/219/200 99/103/99 310/443/310
f 237/261/237 236/260/236 323/445/323
f 286/447/286 400/2457/400 88/91/88
f 143/448/143 154/840/154 377/449/377
f 215/450/215 208/2486/208 253/281/253
vt 0.6193467 0.9703842
f 378/451/378 228/2505/228 272/452/272
f 379/453/379 303/798/303 380/454/380
f 382/456/382 423/598/423 383/457/383
f 255/283/255 254/282/254 384/459/384
f 79/460/79 2207/2495/2207 205/224/205
vt 0.1460687 0.2015791
f 364/2506/364 286/320/286 367/463/367
f 286/320/286 199/216/199 367/463/367
f 199/216/199 198/215/198 126/824/126
vt 0.1506049 0.1946155
f 126/824/126 178/2507/178 365/462/365
f 126/824/126 365/462/365 199/216/199
vt 0.3966323 0.6385876
f 385/464/385 298/2508/298 25/25/25
vt 0.3265820 0.6094693
f 174/468/174 176/2509/176 389/469/389
f 390/470/390 342/474/342 293/471/293
f 133/144/133 47/48/47 46/47/46
f 392/473/392 122/476/122 342/474/342
f 393/475/393 453/583/453 122/476/122
vt 0.3910051 0.6677049
f 240/478/240 242/2510/242 395/479/395
vt 0.3910053 0.6816831
f 395/479/395 72/2511/72 85/439/85
f 85/439/85 394/477/394 395/479/395
f 140/482/140 87/522/87 396/480/396
vt 0.2122012 0.2163562
f 87/522/87 476/698/476 490/2512/490
f 396/480/396 87/522/87 490/2512/490
f 372/438/372 371/437/371 398/483/398
f 299/334/299 400/486/400 399/485/399
f 400/486/400 286/320/286 363/484/363
f 286/320/286 364/2506/364 363/484/363
f 60/62/60 481/638/481 345/487/345
f 188/203/188 442/565/442 210/489/210
f 256/380/256 450/690/450 401/490/401
f 389/493/389 176/550/176 402/491/402
f 176/550/176 230/717/230 402/491/402
f 141/494/141 432/785/432 404/495/404
f 7/7/7 3/3/3 2/2/2
f 350/410/350 543/833/543 405/498/405
f 329/376/329 108/799/108 109/499/109
vt 0.1824669 0.1764112
f 407/502/407 408/507/408 441/2513/441
vt 0.1878299 0.1863627
vt 0.1859027 0.1840809
f 408/507/408 510/2514/510 511/2515/511
vt 0.1839786 0.1809886
f 485/2516/485 408/507/408 511/2515/511
f 485/2516/485 441/2513/441 408/507/408
vt 0.1820760 0.1716064
f 441/2513/441 440/2517/440 407/502/407
vt 0.1828275 0.1668445
f 440/2517/440 458/2518/458 407/502/407
vt 0.1842660 0.1633871
f 458/2518/458 495/2519/495 407/502/407
vt 0.1862643 0.1602479
f 495/2519/495 473/2520/473 407/502/407
f 473/2520/473 406/501/406 407/502/407
f 406/501/406 79/81/79 81/83/81
f 408/503/408 407/609/407 409/504/409
vt 0.1975994 0.1920182
f 408/507/408 341/397/341 516/2521/516
vt 0.2014027 0.1931898
f 341/397/341 193/2501/193 461/2522/461
vt 0.2001763 0.1928134
f 461/2522/461 112/2523/112 341/397/341
vt 0.1987063 0.1923617
f 112/2523/112 114/2524/114 341/397/341
f 516/2521/516 341/397/341 114/2524/114
f 411/506/411 510/2514/510 408/507/408
f 516/2521/516 410/505/410 408/507/408
f 68/70/68 308/345/308 361/508/361
f 25/510/25 417/517/417 412/511/412
f 95/513/95 403/584/403 414/514/414
f 416/516/416 386/574/386 412/511/412
f 268/300/268 484/778/484 49/520/49
f 388/467/388 50/775/50 412/521/412
f 87/522/87 32/794/32 26/523/26
f 144/158/144 419/2488/419 418/525/418
f 137/526/137 422/533/422 159/527/159
vt 0.3620587 0.6385873
f 139/529/139 140/2525/140 420/530/420
f 329/376/329 160/500/160 341/531/341
vt 0.3913757 0.6728879
f 101/105/101 311/2526/311 310/443/310
f 338/391/338 120/719/120 421/532/421
f 422/533/422 199/594/199 246/534/246
f 11/379/11 389/493/389 423/535/423
f 89/92/89 18/18/18 17/17/17
f 426/538/426 39/564/39 292/539/292
f 271/303/271 270/302/270 428/541/428
f 430/543/430 158/173/158 160/175/160
f 58/309/58 275/308/275 262/291/262
f 123/132/123 125/134/125 431/545/431
f 433/547/433 483/642/483 106/548/106
f 40/41/40 273/305/273 176/550/176
vt 0.4004037 0.6234477
f 347/551/347 162/2527/162 23/23/23
f 434/552/434 524/741/524 435/553/435
f 343/400/343 540/2502/540 135/554/135
f 438/559/438 415/515/415 439/560/439
f 235/259/235 234/258/234 440/562/440
f 376/446/376 323/445/323 39/564/39
f 190/205/190 196/213/196 442/565/442
f 443/566/443 335/387/335 183/567/183
f 349/408/349 405/498/405 216/569/216
f 61/63/61 63/65/63 444/570/444
f 377/449/377 404/495/404 119/571/119
f 366/431/366 362/427/362 364/429/364
f 146/572/146 98/157/98 145/159/145
f 27/27/27 26/26/26 386/574/386
f 446/575/446 521/836/521 325/368/325
f 447/576/447 421/762/421 120/129/120
f 356/578/356 240/478/240 394/477/394
f 449/579/449 358/821/358 450/580/450
f 452/582/452 532/2337/532 453/583/453
f 422/533/422 21/21/21 20/20/20
f 438/559/438 91/587/91 95/513/95
vt 0.5971937 0.9441595
f 403/584/403 402/2528/402 75/585/75
f 454/586/454 368/616/368 91/587/91
f 455/588/455 526/747/526 448/589/448
f 456/590/456 516/724/516 114/122/114
f 440/562/440 234/258/234 457/591/457
f 450/580/450 256/284/256 258/286/258
f 430/543/430 30/793/30 138/593/138
f 92/244/92 184/386/184 336/388/336
vt 0.3612415 0.6671246
f 137/526/137 197/2529/197 199/594/199
f 223/246/223 267/2485/267 387/595/387
f 460/597/460 424/803/424 423/598/423
f 461/599/461 177/192/177 462/600/462
f 144/158/144 97/2461/97 152/601/152
f 255/283/255 272/452/272 96/409/96
f 8/40/8 41/42/41 330/377/330
vt 0.3947752 0.6671249
f 48/49/48 148/2530/148 333/603/333
f 94/118/94 54/55/54 55/56/55
vt 0.3590470 0.6816834
f 317/604/317 318/2531/318 287/605/287
f 310/347/310 186/201/186 304/341/304
f 381/455/381 380/454/380 464/607/464
f 407/609/407 81/115/81 207/227/207
f 147/568/147 146/572/146 445/573/445
f 131/140/131 70/2458/70 72/610/72
f 106/110/106 342/398/342 122/131/122
f 466/612/466 298/333/298 300/335/300
f 259/288/259 152/601/152 467/613/467
f 468/614/468 489/654/489 399/615/399
f 77/79/77 76/78/76 368/616/368
f 116/124/116 90/558/90 251/557/251
f 89/92/89 425/537/425 353/617/353
vt 0.3665057 0.6234477
f 346/403/346 163/2532/163 162/618/162
f 228/619/228 230/717/230 176/550/176
f 13/13/13 28/28/28 30/30/30
f 266/621/266 499/692/499 327/488/327
f 469/622/469 35/697/35 470/623/470
f 335/387/335 491/2315/491 369/624/369
f 117/125/117 135/147/135 134/146/134
f 387/466/387 267/299/267 172/298/172
f 62/64/62 251/557/251 437/556/437
vt 0.4111395 0.7014248
f 432/546/432 141/2533/141 143/448/143
f 195/625/195 492/705/492 471/626/471
f 473/628/473 238/264/238 319/359/319
f 474/630/474 527/749/527 475/631/475
f 472/627/472 471/626/471 477/633/477
f 478/635/478 279/313/279 479/636/479
f 482/639/482 65/723/65 276/310/276
f 57/58/57 161/176/161 353/415/353
f 331/641/331 401/710/401 483/642/483
f 268/643/268 51/52/51 317/355/317
f 485/645/485 511/709/511 486/646/486
f 132/141/132 131/140/131 487/647/487
vt 0.3966324 0.6697907
f 298/648/298 466/2534/466 417/517/417
f 444/570/444 206/740/206 198/215/198
f 318/652/318 333/383/333 150/164/150
f 488/653/488 536/773/536 104/108/104
f 476/632/476 475/631/475 489/654/489
f 454/586/454 512/712/512 214/656/214
vt 0.8460784 0.9433479
f 189/204/189 274/2535/274 492/658/492
f 78/659/78 2206/2489/2206 262/291/262
f 2206/2489/2206 78/659/78 494/663/494
f 78/659/78 167/661/167 494/663/494
f 235/259/235 441/563/441 354/416/354
f 441/563/441 485/645/485 354/416/354
f 495/664/495 180/195/180 238/264/238
f 71/665/71 482/639/482 219/241/219
f 78/80/78 14/59/14 109/544/109
f 264/667/264 360/817/360 439/668/439
f 405/498/405 229/252/229 497/669/497
f 498/671/498 526/747/526 285/672/285
f 106/548/106 483/642/483 337/673/337
f 477/633/477 520/731/520 499/675/499
f 475/631/475 527/749/527 300/676/300
f 44/45/44 336/388/336 369/624/369
f 181/196/181 457/591/457 234/258/234
f 281/315/281 507/701/507 456/590/456
f 427/540/427 292/539/292 291/682/291
f 7/7/7 266/297/266 136/228/136
f 172/187/172 49/50/49 352/413/352
f 505/687/505 397/735/397 362/427/362
f 193/208/193 192/207/192 177/192/177
f 305/342/305 331/381/331 284/318/284
f 210/489/210 209/287/209 259/288/259
f 487/688/487 242/268/242 313/689/313
f 201/220/201 203/222/203 499/692/499
f 409/504/409 542/827/542 128/137/128
f 115/384/115 22/22/22 346/403/346
f 436/555/436 135/554/135 117/694/117
f 127/136/127 328/2456/328 341/695/341
f 416/516/416 321/808/321 385/464/385
f 490/655/490 489/654/489 468/614/468
f 35/697/35 506/699/506 312/349/312
vt 0.3593979 0.6525653
f 13/13/13 444/2536/444 63/126/63
f 413/524/413 474/774/474 476/698/476
f 506/699/506 71/665/71 496/666/496
f 311/348/311 143/156/143 142/155/142
f 400/486/400 298/333/298 385/649/385
f 133/144/133 241/811/241 500/700/500
f 507/701/507 283/317/283 282/316/282
f 508/702/508 83/85/83 279/313/279
f 90/93/90 116/370/116 16/16/16
f 33/33/33 129/138/129 245/703/245
f 24/24/24 163/2532/163 346/403/346
f 273/704/273 471/626/471 492/705/492
f 509/707/509 469/622/469 155/170/155
f 510/708/510 165/180/165 486/646/486
f 337/673/337 483/642/483 401/710/401
f 438/559/438 314/561/314 512/712/512
f 159/174/159 20/796/20 420/713/420
f 278/312/278 519/727/519 513/714/513
f 289/324/289 435/553/435 514/715/514
vt 0.2141229 0.0300893
f 230/717/230 543/2537/543 76/718/76
f 338/391/338 433/547/433 121/549/121
f 194/218/194 200/219/200 101/720/101
f 37/414/37 322/815/322 171/186/171
f 497/722/497 231/271/231 214/235/214
f 487/688/487 324/364/324 357/422/357
f 80/461/80 205/224/205 493/662/493
f 65/723/65 447/760/447 498/671/498
f 319/359/319 2207/2495/2207 79/460/79
f 282/316/282 410/755/410 516/724/516
f 458/592/458 457/591/457 180/195/180
vt 0.3544325 0.5005298
f 517/725/517 309/2538/309 518/726/518
f 311/728/311 101/720/101 200/219/200
f 56/660/56 262/291/262 275/308/275
f 446/730/446 326/372/326 520/731/520
f 57/729/57 275/308/275 522/733/522
f 397/735/397 396/696/396 468/614/468
f 523/736/523 509/707/509 375/442/375
f 324/737/324 361/508/361 308/345/308
vt 0.3265820 0.6962425
f 102/106/102 249/2539/249 370/435/370
f 204/223/204 225/292/225 494/663/494
f 225/292/225 2206/2489/2206 494/663/494
f 226/739/226 444/2536/444 13/13/13
f 225/248/225 169/184/169 206/740/206
f 11/11/11 175/190/175 233/256/233
f 514/715/514 435/553/435 524/741/524
f 524/743/524 83/85/83 508/702/508
f 479/636/479 513/714/513 6/6/6
f 142/746/142 285/672/285 526/747/526
f 523/736/523 340/393/340 527/749/527
f 411/750/411 247/275/247 165/180/165
f 357/422/357 307/691/307 450/690/450
f 145/159/145 418/525/418 295/751/295
f 505/687/505 366/431/366 528/752/528
f 529/753/529 16/16/16 301/371/301
f 410/755/410 282/316/282 247/275/247
f 530/756/530 371/437/371 289/324/289
f 488/653/488 398/483/398 371/437/371
f 161/734/161 522/733/522 326/372/326
f 477/633/477 471/626/471 273/704/273
vt 0.3265820 0.6234473
f 243/758/243 232/2540/232 174/468/174
f 463/606/463 53/54/53 52/53/52
f 448/589/448 526/747/526 498/671/498
f 521/732/521 520/731/520 477/633/477
f 529/761/529 380/801/380 303/340/303
f 100/211/100 74/771/74 73/763/73
f 531/764/531 194/210/194 453/765/453
f 73/763/73 448/577/448 431/767/431
f 5/769/5 531/764/531 532/766/532
vt 0.3445344 0.5082384
f 532/766/532 1551/2541/1551 534/770/534
vt 0.3435118 0.5100434
vt 0.3426912 0.5106897
f 534/770/534 1537/2542/1537 1538/2543/1538
vt 0.3417327 0.5111085
vt 0.3406993 0.5112669
f 1538/2543/1538 1542/2544/1542 1541/2545/1541
vt 0.3396598 0.5111572
f 1541/2545/1541 1540/2546/1540 533/768/533
vt 0.3378325 0.5101774
f 533/768/533 1539/2547/1539 5/769/5
f 5/769/5 532/766/532 534/770/534
f 534/770/534 1538/2543/1538 1541/2545/1541
f 1541/2545/1541 533/768/533 534/770/534
f 531/764/531 5/769/5 74/771/74
f 536/773/536 452/582/452 1533/2310/1533
f 1533/2310/1533 535/772/535 536/773/536
f 412/521/412 523/776/523 474/774/474
f 50/775/50 509/777/509 523/776/523
f 484/778/484 469/779/469 509/777/509
f 36/36/36 35/35/35 469/779/469
f 463/606/463 36/759/36 484/780/484
f 34/34/34 86/88/86 506/781/506
f 66/68/66 65/67/65 482/782/482
f 151/165/151 64/166/64 66/783/66
f 72/74/72 71/73/71 506/781/506
f 119/128/119 122/131/122 453/765/453
f 119/571/119 404/495/404 432/785/432
f 537/787/537 294/790/294 222/245/222
f 267/299/267 222/789/222 52/788/52
f 391/472/391 293/471/293 294/790/294
f 240/266/240 356/421/356 358/423/358
f 294/329/294 46/89/46 339/392/339
f 459/596/459 387/595/387 538/791/538
f 26/523/26 538/795/538 387/466/387
f 29/338/29 303/340/303 428/792/428
f 420/713/420 270/797/270 538/795/538
f 429/542/429 428/541/428 303/798/303
vt 0.4198410 0.6760460
f 198/375/198 206/2548/206 108/799/108
f 138/593/138 428/792/428 270/797/270
f 163/178/163 24/800/24 529/761/529
f 425/640/425 17/339/17 29/338/29
f 107/602/107 424/536/424 464/802/464
f 465/608/465 464/607/464 424/803/424
f 178/193/178 192/207/192 528/752/528
f 23/367/23 464/802/464 380/801/380
f 445/573/445 295/751/295 296/804/296
f 497/669/497 229/252/229 378/805/378
f 496/666/496 219/241/219 221/243/221
f 415/515/415 414/514/414 244/807/244
f 401/490/401 307/691/307 332/685/332
vt 0.3594179 0.6677050
f 395/611/395 242/2549/242 487/647/487
f 1533/2310/1533 351/412/351 535/772/535
f 351/412/351 105/109/105 535/772/535
f 520/731/520 326/372/326 327/373/327
f 417/517/417 466/2534/466 321/808/321
f 241/811/241 133/144/133 370/812/370
f 12/12/12 260/831/260 243/758/243
f 463/606/463 287/605/287 297/814/297
f 332/685/332 324/364/324 220/366/220
f 466/612/466 148/162/148 322/362/322
f 539/809/539 260/289/260 502/681/502
f 470/623/470 312/349/312 250/351/250
f 48/263/48 171/186/171 322/815/322
f 518/726/518 309/2538/309 142/746/142
f 134/146/134 136/148/136 266/621/266
f 360/817/360 348/405/348 314/352/314
f 212/273/212 62/64/62 61/63/61
f 527/749/527 340/393/340 149/395/149
f 284/318/284 504/684/504 277/686/277
f 385/649/385 321/361/321 323/363/323
f 261/290/261 439/668/439 244/270/244
f 320/360/320 319/359/319 238/264/238
vt 0.3265820 0.6525654
f 437/818/437 226/2550/226 15/153/15
f 84/86/84 83/85/83 524/743/524
f 236/650/236 212/273/212 245/272/245
f 284/390/284 331/641/331 433/547/433
f 135/147/135 540/810/540 541/820/541
f 503/683/503 291/682/291 358/821/358
vt 0.3620587 0.6525654
f 245/703/245 286/2551/286 139/529/139
f 489/654/489 475/631/475 299/677/299
vt 0.5971937 0.9703842
f 75/585/75 231/2552/231 244/807/244
vt 0.1530387 0.1931898
f 178/2507/178 126/824/126 179/2553/179
vt 0.1568421 0.1920183
f 126/824/126 128/240/128 507/2554/507
f 179/2553/179 126/824/126 280/823/280
vt 0.1636927 0.1889283
f 128/240/128 166/2477/166 248/2555/248
vt 0.1603390 0.1909328
f 248/2555/248 283/2556/283 128/240/128
f 283/2556/283 507/2554/507 128/240/128
f 507/2554/507 281/822/281 126/824/126
f 37/37/37 39/39/39 323/363/323
f 539/809/539 202/221/202 201/220/201
f 409/504/409 207/227/207 169/826/169
f 462/600/462 177/192/177 179/194/179
f 9/112/9 1/1/1 541/828/541
f 116/124/116 115/123/115 481/638/481
vt 0.4004037 0.6094696
f 134/830/134 345/2557/345 347/551/347
f 355/417/355 486/646/486 164/179/164
f 260/831/260 12/12/12 233/256/233
f 543/833/543 230/253/230 229/252/229
f 403/492/403 95/99/95 423/535/423
f 76/718/76 543/2537/543 350/834/350
f 95/99/95 94/98/94 383/835/383
f 521/836/521 40/41/40 8/40/8
f 232/837/232 497/722/497 384/838/384
f 53/54/53 297/814/297 38/356/38
f 154/840/154 305/496/305 404/495/404
f 437/556/437 90/558/90 302/825/302
vt 0.7403832 0.7764346
f 544/841/544 315/2558/315 348/842/348
f 203/222/203 502/681/502 232/837/232
f 205/224/205 2207/2495/2207 168/358/168
f 549/847/549 586/884/586 550/848/550
f 561/859/561 750/1352/750 562/860/562
f 573/871/573 911/1294/911 574/872/574
f 585/883/585 550/848/550 586/884/586
f 572/870/572 609/907/609 590/888/590
f 592/890/592 909/1336/909 593/891/593
f 565/863/565 596/894/596 595/893/595
vt 0.4684226 0.5877174
f 613/911/613 745/1044/745 563/2559/563
f 745/1044/745 561/1340/561 563/2559/563
f 563/2559/563 611/909/611 613/911/613
f 565/863/565 564/862/564 560/858/560
f 626/924/626 625/923/625 624/922/624
f 630/928/630 702/1000/702 631/929/631
f 633/931/633 732/1031/732 628/926/628
f 635/933/635 884/1222/884 636/934/636
f 637/935/637 636/934/636 638/936/638
f 639/937/639 638/936/638 640/938/640
f 642/940/642 641/939/641 640/938/640
f 551/849/551 591/889/591 552/850/552
f 644/942/644 678/976/678 645/943/645
f 647/945/647 844/1174/844 648/946/648
f 650/948/650 882/1220/882 651/949/651
f 653/951/653 827/1143/827 654/952/654
f 656/954/656 713/1011/713 657/955/657
f 659/957/659 733/1032/733 660/958/660
f 662/960/662 661/959/661 660/958/660
f 662/960/662 663/961/663 664/962/664
f 666/964/666 873/1210/873 667/965/667
f 669/967/669 786/1093/786 670/968/670
f 672/970/672 736/1035/736 673/971/673
f 675/973/675 708/1006/708 676/974/676
f 678/976/678 642/940/642 643/941/643
f 679/977/679 767/1072/767 680/978/680
f 682/980/682 681/979/681 680/978/680
f 653/951/653 655/953/655 684/982/684
f 686/984/686 829/1150/829 687/985/687
f 689/987/689 800/1109/800 690/988/690
f 692/990/692 848/1179/848 693/991/693
f 695/993/695 819/1133/819 696/994/696
f 698/996/698 697/995/697 696/994/696
f 698/996/698 699/997/699 700/998/700
f 630/928/630 701/999/701 700/998/700
f 703/1001/703 879/1217/879 704/1002/704
f 632/930/632 631/929/631 706/1004/706
f 708/1006/708 652/950/652 651/949/651
f 709/1007/709 860/1197/860 710/1008/710
f 712/1010/712 731/1030/731 713/1011/713
f 714/1012/714 742/1041/742 715/1013/715
f 717/1015/717 905/1267/905 718/1016/718
f 720/1018/720 719/1063/719 718/1019/718
f 720/1018/720 721/1020/721 722/1021/722
f 723/1022/723 722/1021/722 724/1023/724
f 672/970/672 674/972/674 726/1025/726
f 707/1005/707 706/1004/706 728/1027/728
f 712/1010/712 792/1100/792 730/1029/730
f 634/932/634 627/925/627 732/1031/732
f 659/957/659 685/983/685 684/982/684
f 734/1033/734 658/956/658 657/955/657
f 734/1033/734 735/1034/735 673/971/673
f 711/1009/711 710/1008/710 737/1036/737
f 739/1038/739 746/1046/746 740/1039/740
f 742/1041/742 682/980/682 683/981/683
f 743/1042/743 614/1042/614 610/1043/610
f 613/911/613 551/911/551 589/1044/589
f 739/1038/739 624/1085/624 623/1045/623
f 747/1047/747 702/1000/702 700/998/700
f 749/1049/749 904/1265/904 750/1050/750
f 704/1002/704 706/1004/706 631/929/631
f 752/1052/752 728/1027/728 706/1004/706
f 691/989/691 740/1039/740 728/1027/728
f 753/1053/753 786/1093/786 669/967/669
f 755/1055/755 584/1055/584 607/1056/607
f 593/1057/593 908/1270/908 575/1058/575
f 745/1044/745 589/1044/589 554/1060/554
f 693/991/693 664/962/664 663/961/663
f 720/1018/720 628/1097/628 732/1062/732
f 736/1035/736 557/1242/557 556/1064/556
f 760/1065/760 913/1334/913 761/1066/761
f 763/1068/763 677/975/677 676/974/676
f 765/1070/765 767/1072/767 677/975/677
f 766/1071/766 680/978/680 767/1072/767
f 768/1073/768 618/1073/618 621/1074/621
f 770/1075/770 711/1009/711 738/1037/738
f 772/1077/772 724/1023/724 722/1021/722
f 774/1079/774 884/1222/884 775/1080/775
f 688/986/688 683/981/683 680/978/680
f 777/1082/777 686/984/686 778/1083/778
f 717/1015/717 627/1254/627 624/1085/624
f 742/1041/742 586/1117/586 549/1086/549
f 780/1087/780 643/941/643 640/938/640
f 782/1089/782 645/943/645 643/941/643
f 782/1089/782 866/1203/866 646/944/646
f 592/890/592 594/892/594 566/892/566
f 783/1090/783 655/953/655 654/952/654
f 785/1092/785 881/1219/881 786/1093/786
f 690/988/690 741/1040/741 740/1039/740
f 787/1094/787 760/1065/760 762/1067/762
f 648/946/648 713/1011/713 731/1030/731
f 723/1022/723 585/1157/585 628/1097/628
f 790/1098/790 879/1217/879 703/1001/703
f 783/1090/783 864/1201/864 684/982/684
f 792/1100/792 591/1269/591 588/1101/588
f 794/1103/794 578/1103/578 582/1104/582
f 796/1105/796 668/966/668 797/1106/797
f 799/1108/799 875/1213/875 800/1109/800
f 802/1111/802 563/1339/563 562/1112/562
f 804/1114/804 821/1135/821 805/1115/805
f 687/985/687 715/1013/715 683/981/683
f 714/1012/714 587/1248/587 586/1117/586
f 807/1118/807 845/1175/845 808/1119/808
vt 0.0985050 0.8810258
f 810/1121/810 611/2560/611 811/1122/811
f 813/1124/813 868/1205/868 814/1125/814
f 816/1127/816 787/1094/787 788/1095/788
f 630/928/630 617/1130/617 583/1129/583
f 632/930/632 619/1247/619 617/1130/617
f 815/1126/815 814/1125/814 692/990/692
f 729/1028/729 622/1253/622 620/1132/620
f 710/1008/710 696/994/696 819/1133/819
f 820/1134/820 694/992/694 821/1135/821
f 822/1136/822 673/971/673 735/1034/735
f 824/1138/824 689/987/689 825/1139/825
f 695/993/695 579/1228/579 577/1141/577
f 662/960/662 601/1170/601 599/1142/599
f 827/1143/827 596/1161/596 565/1144/565
f 708/1006/708 606/1148/606 604/1147/604
f 675/973/675 590/1252/590 606/1148/606
f 828/1149/828 852/1187/852 829/1150/829
f 681/979/681 570/1160/570 571/1152/571
f 831/1153/831 861/1198/861 832/1154/832
f 560/1156/560 916/1156/916 769/1074/769
f 725/1024/725 550/1234/550 585/1157/585
f 834/1158/834 647/945/647 649/947/649
f 682/980/682 549/1086/549 570/1160/570
f 621/919/621 618/916/618 617/915/617
f 653/951/653 568/1184/568 596/1161/596
vt 0.1716908 0.8922569
f 836/1164/836 894/2561/894 837/1165/837
f 678/976/678 559/1327/559 558/1167/558
f 578/1103/578 794/1103/794 839/1168/839
f 840/1169/840 616/1169/616 618/1073/618
f 665/963/665 602/1162/602 601/1170/601
f 567/1171/567 600/1172/600 841/1172/841
f 843/1173/843 871/1208/871 638/936/638
f 823/1137/823 735/1034/735 657/955/657
f 845/1175/845 888/1233/888 846/1176/846
f 847/1177/847 856/1193/856 724/1023/724
f 734/1033/734 556/1064/556 555/1178/555
f 848/1179/848 882/1220/882 664/962/664
f 849/1180/849 609/1180/609 572/910/572
f 758/1060/758 554/1060/554 553/1181/553
f 670/968/670 721/1020/721 718/1019/718
f 744/1043/744 610/1043/610 609/1180/609
f 851/1182/851 608/1182/608 567/1171/567
f 594/892/594 906/1183/906 564/1183/564
f 667/965/667 674/972/674 673/971/673
f 727/1026/727 577/1141/577 576/1186/576
f 788/1095/788 871/1208/871 843/1173/843
f 852/1187/852 853/1189/853 687/985/687
f 832/1154/832 861/1198/861 774/1079/774
f 832/1188/832 776/1230/776 853/1189/853
f 778/1083/778 766/1071/766 765/1070/765
f 714/1012/714 716/1014/716 775/1191/775
f 725/1024/725 724/1023/724 856/1193/856
f 762/1067/762 761/1066/761 780/1087/780
f 695/993/695 727/1026/727 726/1025/726
f 805/1115/805 862/1199/862 857/1194/857
f 814/1125/814 868/1205/868 764/1069/764
f 692/990/692 814/1125/814 859/1196/859
f 709/1007/709 876/1214/876 748/1048/748
f 861/1198/861 817/1128/817 843/1173/843
f 805/1115/805 821/1135/821 759/1061/759
f 675/973/675 677/975/677 767/1072/767
f 863/1200/863 858/1195/858 857/1194/857
f 865/1202/865 863/1200/863 864/1201/864
f 865/1202/865 783/1090/783 784/1091/784
f 846/1176/846 784/1091/784 866/1203/866
f 867/1204/867 763/1068/763 764/1069/764
f 809/1120/809 782/1089/782 780/1087/780
f 869/1206/869 878/1216/878 870/1207/870
f 788/1095/788 762/1067/762 781/1088/781
f 872/1209/872 823/1137/823 844/1174/844
f 644/942/644 646/944/646 654/952/654
f 666/964/666 738/1037/738 737/1036/737
f 669/1211/669 671/1266/671 874/1212/874
f 797/1106/797 668/966/668 667/965/667
f 872/1209/872 797/1106/797 822/1136/822
f 686/984/686 688/986/688 766/1071/766
f 876/1214/876 883/1221/883 747/1047/747
f 809/1120/809 808/1119/808 866/1203/866
f 877/1215/877 789/1096/789 870/1207/870
f 825/1139/825 752/1052/752 704/1002/704
f 880/1218/880 869/1206/869 847/1177/847
f 880/1218/880 772/1077/772 773/1078/773
f 786/1093/786 881/1219/881 773/1078/773
f 650/948/650 665/963/665 664/962/664
f 703/1001/703 705/1003/705 747/1047/747
f 875/1213/875 874/1212/874 690/988/690
f 635/933/635 855/1258/855 775/1080/775
f 746/1046/746 729/1028/729 728/1027/728
f 828/1223/828 753/1315/753 754/1224/754
f 867/1204/867 854/1190/854 765/1070/765
f 877/1215/877 649/947/649 648/946/648
f 694/992/694 693/991/693 759/1061/759
f 689/987/689 691/989/691 752/1052/752
f 781/1088/781 640/938/640 638/936/638
f 885/1226/885 605/1226/605 615/1227/615
f 801/1110/801 800/1109/800 689/987/689
f 697/995/697 580/1145/580 579/1228/579
f 791/1099/791 703/1001/703 883/1221/883
f 870/1207/870 730/1029/730 856/1193/856
f 826/1140/826 825/1139/825 879/1217/879
f 776/1230/776 775/1191/775 716/1014/716
f 803/1113/803 562/1112/562 810/1121/810
f 887/1231/887 880/1218/880 881/1219/881
f 656/954/656 547/1275/547 552/1232/552
f 888/1233/888 901/1261/901 865/1202/865
f 862/1199/862 660/958/660 733/1032/733
f 793/1102/793 588/1101/588 550/1234/550
f 798/1107/798 797/1106/797 872/1209/872
f 661/959/661 599/1142/599 598/1236/598
f 835/1159/835 649/947/649 877/1215/877
f 891/1238/891 854/1190/854 867/1204/867
f 779/1084/779 778/1083/778 854/1190/854
f 754/1240/754 669/1211/669 875/1213/875
f 795/1104/795 582/1104/582 584/1055/584
f 833/1241/833 832/1188/832 852/1187/852
f 672/970/672 576/1186/576 557/1242/557
f 751/1243/751 912/1281/912 893/1244/893
f 641/939/641 629/1264/629 625/1246/625
f 707/1005/707 620/1132/620 619/1247/619
f 784/1091/784 654/952/654 646/944/646
f 659/957/659 598/1236/598 569/1185/569
vt 0.6813202 0.0664551
f 855/1192/855 633/2562/633 587/1248/587
f 895/1249/895 666/964/666 668/966/668
f 896/1250/896 878/1216/878 869/1206/869
f 679/977/679 571/1152/571 590/1252/590
f 746/1046/746 623/1045/623 622/1253/622
vt 0.2039427 0.2257432
f 719/1017/719 732/2563/732 627/1254/627
f 652/950/652 604/1147/604 603/1163/603
f 898/1255/898 709/1007/709 711/1009/711
f 899/1256/899 546/1256/546 545/1168/545
f 764/1069/764 676/974/676 651/949/651
f 635/933/635 634/1259/634 633/1257/633
f 637/935/637 626/1353/626 634/1259/634
f 900/1260/900 806/1116/806 805/1115/805
f 890/1237/890 877/1215/877 878/1216/878
f 859/1196/859 651/949/651 882/1220/882
f 903/1263/903 597/1263/597 608/1182/608
f 892/1239/892 867/1204/867 868/1205/868
f 642/940/642 558/1167/558 629/1264/629
f 836/1164/836 838/1166/838 904/1265/904
f 671/1266/671 718/1016/718 905/1267/905
f 906/1183/906 916/1156/916 560/1156/560
f 889/1235/889 872/1209/872 647/945/647
f 850/1181/850 553/1181/553 548/1268/548
f 572/910/572 551/911/551 613/911/613
f 712/1010/712 552/1232/552 591/1269/591
f 908/1270/908 593/1057/593 909/1271/909
f 748/1048/748 700/998/700 699/997/699
f 841/1172/841 600/1172/600 605/1226/605
f 771/1076/771 738/1037/738 666/964/666
f 811/1273/811 802/1111/802 803/1113/803
f 756/1056/756 607/1056/607 616/1169/616
f 874/1212/874 905/1267/905 741/1040/741
f 873/1210/873 726/1025/726 674/972/674
f 773/1078/773 722/1021/722 721/1020/721
f 658/956/658 555/1178/555 547/1275/547
f 701/999/701 583/1129/583 581/1146/581
f 789/1096/789 731/1030/731 730/1029/730
f 844/1174/844 657/955/657 713/1011/713
f 902/1262/902 900/1260/900 858/1195/858
f 759/1061/759 663/961/663 660/958/660
f 737/1036/737 819/1133/819 726/1025/726
f 907/1268/907 548/1268/548 546/1256/546
vt 0.9319216 0.1425067
f 574/1276/574 915/2564/915 757/1059/757
f 897/1251/897 869/1206/869 880/1218/880
f 843/1173/843 636/934/636 884/1222/884
f 705/1003/705 631/929/631 702/1000/702
f 911/1277/911 876/1214/876 709/1007/709
f 845/1291/845 908/1303/908 910/1292/910
f 617/915/617 616/914/616 607/905/607
f 717/1015/717 739/1038/739 741/1040/741
f 833/1225/833 754/1224/754 799/1320/799
f 831/1153/831 816/1127/816 817/1128/817
f 644/942/644 565/1144/565 559/1327/559
f 573/1229/573 883/1221/883 876/1214/876
f 853/1189/853 716/1014/716 715/1013/715
f 913/1334/913 807/1118/807 809/1120/809
f 818/1131/818 692/990/692 694/992/694
vt 0.3138608 0.8124744
f 802/1111/802 811/2565/811 611/1338/611
f 548/846/548 553/851/553 552/850/552
f 614/912/614 606/904/606 590/888/590
f 915/1341/915 755/1055/755 756/1056/756
f 792/1100/792 793/1102/793 856/1193/856
f 857/1194/857 733/1032/733 684/982/684
f 860/1197/860 699/997/699 696/994/696
f 639/937/639 625/1246/625 626/1353/626
vt 0.8904486 0.3474174
f 917/1354/917 2208/2566/2208 918/1355/918
f 920/1357/920 1115/1586/1115 921/1358/921
f 923/1360/923 938/1375/938 924/1361/924
f 926/1363/926 1457/2120/1457 927/1364/927
f 929/1366/929 1452/2102/1452 930/1367/930
f 932/1369/932 936/1373/936 933/1370/933
f 935/1372/935 937/1374/937 936/1373/936
f 935/1372/935 923/1360/923 925/1362/925
f 938/1375/938 1474/2163/1474 939/1376/939
f 940/1377/940 1467/2143/1467 941/1378/941
f 943/1380/943 940/1377/940 942/1379/942
vt 0.8904482 0.6093787
f 945/1382/945 2209/2567/2209 946/1383/946
vt 0.9446998 0.0097666
f 948/1385/948 963/2568/963 949/1386/949
f 954/1391/954 1184/1642/1184 955/1392/955
vt 0.9224356 0.4105729
f 957/1394/957 2210/2569/2210 958/1395/958
f 960/1397/960 1297/1820/1297 961/1398/961
f 963/1400/963 943/1380/943 944/1381/944
f 964/1402/964 1256/1732/1256 965/1403/965
f 967/1405/967 948/1385/948 950/1387/950
f 969/1407/969 967/1405/967 968/1406/968
f 974/1412/974 1139/1587/1139 975/1413/975
f 977/1415/977 1287/1842/1287 978/1416/978
vt 0.3236231 0.8627605
f 980/1418/980 1009/2570/1009 981/1419/981
f 998/1436/998 1161/1616/1161 999/1437/999
vt 0.1851134 0.5796936
f 1002/1440/1002 1488/2571/1488 1003/1441/1003
f 1005/1443/1005 1397/1979/1397 1006/1444/1006
f 1010/1449/1010 1081/1522/1081 1011/1450/1011
vt 0.7157813 0.4452296
vt 0.7200041 0.4448959
vt 0.7312170 0.4502391
f 1483/2572/1483 1246/2573/1246 1259/2574/1259
vt 0.7241700 0.4456663
f 1246/2573/1246 1378/2575/1378 1259/2574/1259
vt 0.7279944 0.4474889
f 1378/2575/1378 1454/2576/1454 1259/2574/1259
vt 0.7493020 0.4703329
vt 0.7082983 0.4490452
f 1259/2574/1259 1268/2577/1268 1155/2578/1155
vt 0.7529964 0.4755820
vt 0.7499615 0.5057088
f 1268/2577/1268 1005/2579/1005 1296/2580/1296
vt 0.7393001 0.5200727
f 1155/2578/1155 1296/2580/1296 1066/2581/1066
vt 0.7553481 0.4815531
vt 0.7562259 0.4879086
f 1005/2579/1005 1007/2582/1007 1148/2583/1148
vt 0.7555808 0.4942894
vt 0.7534523 0.5003364
f 1148/2583/1148 1449/2584/1449 1294/2585/1294
f 1294/2585/1294 1296/2580/1296 1005/2579/1005
f 1148/2583/1148 1294/2585/1294 1005/2579/1005
f 1296/2580/1296 1155/2578/1155 1268/2577/1268
vt 0.7117888 0.4466448
f 1155/2578/1155 1417/2586/1417 1483/2572/1483
vt 0.5850083 0.5059578
vt 0.6249858 0.4696227
vt 0.5825651 0.5564866
f 1254/2587/1254 1153/2588/1153 952/2589/952
vt 0.7303062 0.5355185
f 1153/2588/1153 1155/2578/1155 1065/2590/1065
vt 0.7230809 0.5518612
f 952/2589/952 1153/2588/1153 1251/2591/1251
f 1155/2578/1155 1483/2572/1483 1259/2574/1259
f 1066/2581/1066 1065/2590/1065 1155/2578/1155
f 1153/2588/1153 1065/2590/1065 1251/2591/1251
vt 0.5821771 0.5596678
vt 0.7142453 0.5864266
f 1199/2592/1199 952/2589/952 1428/2593/1428
vt 0.7177056 0.5689023
f 1428/2593/1428 952/2589/952 1303/2594/1303
f 1251/2591/1251 1303/2594/1303 952/2589/952
vt 0.5811880 0.5626940
f 1199/2592/1199 1428/2593/1428 1329/2595/1329
vt 0.5796391 0.5654517
vt 0.5718996 0.5955817
f 1314/2596/1314 1329/2595/1329 1085/2597/1085
vt 0.7126131 0.6042701
f 1329/2595/1329 1428/2593/1428 1360/2598/1360
vt 0.5698612 0.5758320
vt 0.5725408 0.5725313
f 1290/2599/1290 1278/2600/1278 1085/2597/1085
vt 0.5775179 0.5678809
f 1278/2600/1278 1315/2601/1315 1085/2597/1085
f 1315/2601/1315 1314/2596/1314 1085/2597/1085
f 1329/2595/1329 1360/2598/1360 1085/2597/1085
vt 0.5681256 0.5797136
f 1429/2602/1429 1290/2599/1290 1085/2597/1085
vt 0.5678889 0.5881482
vt 0.5674528 0.5839142
f 1234/2603/1234 1236/2604/1236 1085/2597/1085
f 1236/2604/1236 1429/2602/1429 1085/2597/1085
vt 0.5694054 0.5921276
f 1085/2597/1085 1347/2605/1347 1234/2603/1234
vt 0.7223001 0.7529463
vt 0.7518938 0.7185187
f 1442/2606/1442 1019/1459/1019 1160/2607/1160
f 1019/1459/1019 1085/2597/1085 1020/1460/1020
vt 0.7333202 0.6900482
f 959/2608/959 1019/1459/1019 957/1458/957
vt 0.7327144 0.7555172
vt 0.7274532 0.7548413
f 1167/2609/1167 1441/2610/1441 1442/2606/1442
vt 0.7426940 0.7535093
vt 0.7378581 0.7550441
f 1179/2611/1179 1165/2612/1165 1167/2609/1167
vt 0.7506984 0.7475352
vt 0.7470573 0.7510060
f 1424/2613/1424 1177/2614/1177 1179/2611/1179
vt 0.7553776 0.7387278
vt 0.7535054 0.7433902
f 1434/2615/1434 1496/2616/1496 1424/2613/1424
vt 0.7559683 0.7285254
vt 0.7562259 0.7337118
f 1000/2617/1000 1408/2618/1408 1434/2615/1434
vt 0.7545378 0.7233794
f 1160/2607/1160 998/2619/998 1000/2617/1000
vt 0.7422267 0.7051450
f 1140/2620/1140 1160/2607/1160 1019/1459/1019
f 1160/2607/1160 1000/2617/1000 1167/2609/1167
f 1000/2617/1000 1434/2615/1434 1424/2613/1424
f 1424/2613/1424 1179/2611/1179 1000/2617/1000
f 1179/2611/1179 1167/2609/1167 1000/2617/1000
f 1167/2609/1167 1442/2606/1442 1160/2607/1160
f 1019/1459/1019 959/2608/959 1140/2620/1140
vt 0.7129112 0.6221255
f 1360/2598/1360 1359/2621/1359 1085/2597/1085
vt 0.7151429 0.6397790
f 1359/2621/1359 1409/2622/1409 1085/2597/1085
f 1409/2622/1409 1020/1460/1020 1085/2597/1085
f 1021/1461/1021 1193/1652/1193 1022/1462/1022
f 1024/1464/1024 1111/1555/1111 1025/1465/1025
f 961/1398/961 1181/1639/1181 1029/1469/1029
f 1030/1470/1030 1034/1474/1034 1031/1471/1031
f 1033/1473/1033 1038/1478/1038 1031/1471/1031
f 1035/1475/1035 1042/1482/1042 1036/1476/1036
f 1033/1473/1033 1035/1475/1035 1037/1477/1037
f 1039/1479/1039 1392/2096/1392 1040/1480/1040
f 1042/1482/1042 1045/1485/1045 1043/1483/1043
f 1044/1484/1044 1047/1487/1047 1043/1483/1043
f 1044/1484/1044 1468/2145/1468 1046/1486/1046
f 1048/1488/1048 1068/1508/1068 1049/1489/1049
f 1051/1491/1051 1390/2234/1390 1052/1492/1052
f 1050/1490/1050 1049/1489/1049 1054/1494/1054
f 1053/1493/1053 1052/1492/1052 1056/1496/1056
f 1061/1501/1061 1415/2240/1415 1062/1502/1062
f 1064/1504/1064 1250/1721/1250 1065/1505/1065
f 1067/1507/1067 1070/1510/1070 1068/1508/1068
f 1069/1509/1069 1071/1511/1071 1070/1510/1070
f 1041/1481/1041 1040/1480/1040 1071/1511/1071
f 1072/1512/1072 1123/2121/1123 1073/1513/1073
f 1075/1515/1075 1077/1517/1077 1072/1512/1072
vt 0.1891775 0.6230367
f 1076/1516/1076 1112/2623/1112 1077/1517/1077
f 1058/1498/1058 1060/1500/1060 1080/1521/1080
f 1082/1523/1082 1289/2263/1289 1021/1524/1021
f 1088/1532/1088 1422/2035/1422 1089/1533/1089
f 1091/1535/1091 1387/2272/1387 1092/1536/1092
f 1094/1538/1094 1154/1617/1154 1095/1539/1095
f 1097/1541/1097 1478/2170/1478 1098/1542/1098
f 1100/1544/1100 1114/1558/1114 1101/1545/1101
f 1106/1550/1106 1103/1547/1103 1105/1549/1105
f 1030/1470/1030 1032/1472/1032 1111/1555/1111
f 1135/1582/1135 1366/1910/1366 1136/1583/1136
f 1138/1585/1138 1286/1776/1286 1115/1586/1115
f 1139/1587/1139 1455/2114/1455 981/1588/981
vt 0.9224356 0.3759969
f 958/1395/958 2211/2624/2211 1140/1589/1140
f 1141/1590/1141 1453/2241/1453 1142/1591/1142
f 1004/1442/1004 1003/1441/1003 1145/1596/1145
f 1007/1445/1007 1006/1444/1006 1147/1598/1147
f 1149/1607/1149 1152/2062/1152 1156/1608/1156
f 1160/1615/1160 1298/1792/1298 1161/1616/1161
f 1165/1621/1165 1470/2149/1470 1166/1622/1166
f 1150/1609/1150 1156/1608/1156 1168/1624/1168
f 1169/1626/1169 1297/1820/1297 960/1397/960
f 977/1630/977 979/2290/979 1093/1537/1093
vt 0.8904482 0.6219857
f 1174/1632/1174 2212/2625/2212 1175/1633/1175
vt 0.2566458 0.9705418
f 1177/1635/1177 1425/2626/1425 1178/1636/1178
f 1180/1638/1180 1029/1469/1029 1181/1639/1181
f 1184/1642/1184 969/1407/969 970/1408/970
f 1185/1643/1185 1389/2184/1389 1186/1644/1186
f 1188/1646/1188 1172/2224/1172 1189/1647/1189
f 1164/1649/1164 1144/1729/1144 1191/1650/1191
f 1193/1652/1193 1021/1461/1021 1194/1653/1194
f 1196/1655/1196 1192/2029/1192 1197/1656/1197
f 1199/1658/1199 1514/2281/1514 1200/1659/1200
f 1201/1660/1201 983/1421/983 989/1427/989
vt 0.7878687 0.0097656
f 1205/1664/1205 1259/2627/1259 1454/2110/1454
f 1454/2110/1454 1203/1662/1203 1205/1664/1205
f 1206/1665/1206 1394/1973/1394 1080/1521/1080
f 1210/1671/1210 1510/2273/1510 1211/1672/1211
f 1213/1674/1213 1082/1523/1082 1023/1525/1023
f 1215/1676/1215 964/1402/964 966/1404/966
f 1218/1680/1218 978/1416/978 1219/1681/1219
vt 0.5398846 0.6667411
vt 0.5407403 0.6497543
vt 0.5947921 0.6504970
f 1457/2628/1457 946/2629/946 1202/2630/1202
vt 0.5413279 0.6432311
vt 0.5926153 0.6380610
f 946/2629/946 2209/2631/2209 1184/2632/1184
vt 0.5435447 0.6369286
vt 0.5473074 0.6312776
f 2209/2631/2209 1175/2633/1175 2212/2634/2212
vt 0.5524151 0.6266765
vt 0.5585611 0.6234610
f 2212/2634/2212 1467/2635/1467 940/2636/940
vt 0.5653604 0.6218730
f 940/2636/940 943/2637/943 2212/2634/2212
vt 0.5723692 0.6220449
f 943/2637/943 963/2638/963 2212/2634/2212
vt 0.5789014 0.6241155
f 963/2638/963 948/2639/948 1184/2632/1184
vt 0.5846498 0.6276620
f 948/2639/948 967/2640/967 1184/2632/1184
vt 0.5892994 0.6324207
f 967/2640/967 969/2641/969 1184/2632/1184
vt 0.5944595 0.6442136
f 1184/2632/1184 954/2642/954 1202/2630/1202
vt 0.3899072 0.8527747
vt 0.4433249 0.7911412
f 989/1685/989 1001/2643/1001 937/2644/937
vt 0.3880783 0.8288570
vt 0.4272913 0.7963031
f 1001/2643/1001 1460/2645/1460 936/2646/936
vt 0.3883151 0.8222919
vt 0.3901609 0.8159276
f 1460/2645/1460 2208/2647/2208 917/2648/917
vt 0.3935219 0.8101816
vt 0.3981927 0.8054351
f 917/2648/917 1493/2649/1493 2213/2650/2213
vt 0.4038689 0.8020031
vt 0.4101723 0.8001036
f 2213/2650/2213 1498/2651/1498 933/2652/933
f 2213/2650/2213 933/2652/933 1460/2645/1460
f 933/2652/933 936/2646/936 1460/2645/1460
f 1460/2645/1460 917/2648/917 2213/2650/2213
f 1184/2632/1184 1202/2630/1202 946/2629/946
vt 0.5266598 0.7137944
f 1202/2630/1202 989/1685/989 1465/2653/1465
vt 0.5372941 0.6831295
vt 0.5328555 0.6988423
f 927/2654/927 1202/2630/1202 1491/2655/1491
f 2209/2631/2209 2212/2634/2212 1184/2632/1184
f 927/2654/927 1457/2628/1457 1202/2630/1202
f 2212/2634/2212 963/2638/963 1184/2632/1184
f 1001/2643/1001 936/2646/936 937/2644/937
f 1491/2655/1491 1202/2630/1202 1465/2653/1465
vt 0.4585451 0.7843280
f 989/1685/989 937/2644/937 925/2656/925
vt 0.4727685 0.7759488
f 989/1685/989 925/2656/925 924/2657/924
vt 0.4861472 0.7657645
f 989/1685/989 924/2657/924 939/2658/939
vt 0.5192947 0.7282341
f 1452/2659/1452 1465/2653/1465 989/1685/989
f 930/1684/930 1452/2659/1452 989/1685/989
f 989/1685/989 939/2658/939 1220/1683/1220
f 1225/1690/1225 1431/2285/1431 1226/1691/1226
vt 0.6199481 0.0490603
f 1228/1693/1228 1310/2660/1310 1229/1694/1229
f 1231/1696/1231 1313/1821/1313 1232/1697/1232
f 1234/1699/1234 1348/1885/1348 1235/1700/1235
f 1238/1707/1238 1280/1766/1280 1214/1708/1214
f 1240/1710/1240 1476/2168/1476 1241/1711/1241
f 1243/1713/1243 1301/2156/1301 1244/1714/1244
f 1246/1716/1246 1483/2180/1483 1247/1717/1247
f 1019/1719/1019 1427/2048/1427 1249/1720/1249
f 1250/1721/1250 1302/1796/1302 1251/1722/1251
f 1252/1723/1252 1219/1895/1219 1213/1724/1213
f 1144/1729/1144 1423/2088/1423 1255/1730/1255
f 1122/1731/1122 1486/2207/1486 965/1403/965
f 1260/1738/1260 1412/2183/1412 1261/1739/1261
f 1265/1744/1265 1352/1889/1352 1266/1745/1266
f 1268/1747/1268 1259/1736/1259 1269/1748/1269
vt 0.3236232 0.9003339
f 1273/1754/1273 1444/2661/1444 1208/1755/1208
vt 0.7836969 0.1692455
f 1254/1757/1254 1232/2662/1232 1095/1678/1095
f 1276/1760/1276 1347/1884/1347 1274/1758/1274
vt 0.2924487 0.4547752
f 1347/1884/1347 1085/2663/1085 1274/1758/1274
f 1277/1761/1277 1315/1823/1315 1278/1762/1278
vt 0.3236231 0.9347761
f 1009/1769/1009 1283/2664/1283 975/1770/975
f 1242/1712/1242 1241/1711/1241 1135/1582/1135
f 1138/1585/1138 1292/1786/1292 1285/1775/1285
vt 0.7696102 0.1647782
f 945/1777/945 947/2665/947 1201/2447/1201
vt 0.7400139 0.1303558
f 1201/2447/1201 956/2666/956 955/1778/955
vt 0.7504244 0.1277831
vt 0.7555671 0.1282546
f 955/1778/955 970/2667/970 968/2668/968
vt 0.7604028 0.1297877
f 968/2668/968 950/2669/950 955/1778/955
f 950/2669/950 949/1779/949 955/1778/955
vt 0.7684085 0.1357589
vt 0.7739400 0.1495817
f 949/1779/949 944/2670/944 1174/2671/1174
vt 0.7712168 0.1399033
f 944/2670/944 942/2672/942 1174/2671/1174
vt 0.7730904 0.1445654
f 942/2672/942 941/2673/941 1174/2671/1174
vt 0.7736836 0.1547686
f 1174/2671/1174 1176/2674/1176 945/1777/945
f 945/1777/945 1201/2447/1201 955/1778/955
f 1174/2671/1174 945/1777/945 949/1779/949
f 1287/1780/1287 1393/2289/1393 1288/1781/1288
f 1290/1784/1290 1430/2057/1430 1279/1763/1279
f 1291/1785/1291 1285/1775/1285 1292/1786/1292
f 1294/1788/1294 1462/2127/1462 1295/1789/1295
f 1140/1589/1140 2211/2624/2211 1298/1792/1298
f 1057/1497/1057 1056/1496/1056 1299/1793/1299
f 1302/1796/1302 1463/2130/1463 1303/1797/1303
f 1304/1798/1304 1130/2230/1130 1129/1799/1129
f 1307/1802/1307 1507/2259/1507 1228/1693/1228
f 1228/1693/1228 1230/1695/1230 1306/1801/1306
f 1011/1450/1011 1395/1974/1395 1308/1803/1308
vt 0.1810474 0.5796926
f 1029/1469/1029 1487/2675/1487 1309/1804/1309
f 982/1806/982 1508/2261/1508 1195/1654/1195
f 1215/1676/1215 1216/1677/1216 1311/1811/1311
f 1089/1533/1089 1096/1540/1096 1313/1821/1313
f 1277/1761/1277 1414/2003/1414 1314/1822/1314
f 1046/1831/1046 1386/2011/1386 1319/1832/1319
f 974/1412/974 1053/2129/1053 1057/1839/1057
f 1245/1715/1245 1244/1714/1244 1264/1843/1264
f 1322/1844/1322 1469/2146/1469 1323/1845/1323
f 1238/1707/1238 1239/1709/1239 1044/1848/1044
f 1051/1836/1051 1354/1891/1354 1327/1854/1327
f 1328/1855/1328 1514/2281/1514 1199/1658/1199
f 1330/1857/1330 1253/2068/1253 1282/1858/1282
f 1295/1789/1295 1064/1504/1064 1066/1506/1066
f 1018/1876/1018 1158/1613/1158 1010/1449/1010
f 1200/1659/1200 1338/1871/1338 1340/1873/1340
f 1347/1884/1347 1276/1760/1276 1348/1885/1348
f 1349/1886/1349 1351/1888/1351 1350/1887/1350
f 1351/1888/1351 1349/1886/1349 1352/1889/1352
f 1354/1891/1354 974/1412/974 976/1414/976
vt 0.6974731 0.0644991
f 1219/1895/1219 978/2676/978 1082/1896/1082
vt 0.9224356 0.4624375
f 1358/1898/1358 1482/2677/1482 1359/1899/1359
f 1362/1904/1362 1381/1943/1381 1225/1690/1225
f 1305/1800/1305 1129/1799/1129 1127/1905/1127
f 1363/1907/1363 1431/2058/1431 1364/1908/1364
f 1241/1711/1241 1479/2173/1479 1366/1910/1366
f 1370/1918/1370 1374/1924/1374 1371/1919/1371
f 1101/1545/1101 1114/1558/1114 1374/1924/1374
f 1378/1935/1378 1246/1716/1246 1248/1718/1248
f 1381/1943/1381 1321/2140/1321 1382/1944/1382
f 1207/1666/1207 1090/1534/1090 1245/1715/1245
f 1321/1841/1321 1381/2105/1381 1393/1972/1393
f 1394/1973/1394 1413/2179/1413 1395/1974/1395
f 1025/1969/1025 1111/2021/1111 1373/1975/1373
vt 0.3236232 0.9253828
f 1396/1976/1396 1151/2678/1151 1159/1977/1159
f 1268/1747/1268 1270/1749/1270 1397/1979/1397
f 1398/1980/1398 1484/2264/1484 1399/1981/1399
f 976/1985/976 1437/2190/1437 1396/1976/1396
f 1138/1912/1138 1367/1911/1367 1373/1921/1373
f 1385/1947/1385 1092/1949/1092 1386/1948/1386
f 1376/1930/1376 1345/1929/1345 1342/1928/1342
f 1380/1938/1380 1319/1941/1319 1351/1940/1351
f 1404/1989/1404 1339/2172/1339 1337/1934/1337
f 1223/1688/1223 1343/1877/1343 1405/1990/1405
f 1377/1933/1377 1336/1932/1336 1346/1931/1346
f 1406/1991/1406 1384/2291/1384 1364/1992/1364
f 1000/1438/1000 999/1437/999 1407/1993/1407
f 1158/1613/1158 1058/1498/1058 1081/1522/1081
f 1375/1926/1375 1108/1925/1108 1107/1914/1107
f 1409/1996/1409 1504/2255/1504 1410/1997/1410
f 1412/2000/1412 1395/2155/1395 1413/2001/1413
f 1414/2003/1414 1328/1855/1328 1329/1856/1329
f 1200/1659/1200 1265/1744/1265 1267/1746/1267
f 1062/2005/1062 1415/2022/1415 1363/2006/1363
f 1036/2008/1036 1043/2012/1043 1380/2009/1380
f 1046/1831/1046 1062/2005/1062 1365/2007/1365
f 1047/1833/1047 1319/1832/1319 1380/2009/1380
f 1038/2013/1038 1376/2018/1376 1375/2014/1375
f 1036/2008/1036 1404/2010/1404 1377/2016/1377
f 1037/2017/1037 1377/2016/1377 1376/2018/1376
f 1032/2019/1032 1031/2015/1031 1375/2014/1375
f 1032/2019/1032 1368/2020/1368 1373/1975/1373
f 1415/2022/1415 1401/1984/1401 1388/1962/1388
f 1116/1561/1116 1101/1545/1101 1370/1918/1370
f 1418/2025/1418 1507/2259/1507 1307/1802/1307
f 1307/1802/1307 1417/2024/1417 1418/2025/1418
f 1419/2026/1419 1432/2144/1432 1267/2027/1267
f 1192/2029/1192 1191/2103/1191 1420/2030/1420
f 1301/1795/1301 1272/1752/1272 1263/1742/1263
f 1422/2035/1422 1094/1538/1094 1096/1540/1096
f 1205/2036/1205 1204/2269/1204 1275/2037/1275
f 1288/2039/1288 980/1418/980 982/1420/982
f 1423/2041/1423 1144/1595/1144 1028/1594/1028
f 1424/2043/1424 1436/2066/1436 1425/2044/1425
f 1243/1713/1243 1245/1715/1245 1090/1534/1090
f 1019/1719/1019 1442/2077/1442 1426/2047/1426
vt 0.3236232 0.9128584
f 1013/2049/1013 1209/2679/1209 973/2050/973
f 1157/2052/1157 1421/2119/1421 1304/1798/1304
vt 0.9224356 0.4970139
f 1428/2053/1428 2214/2680/2214 1358/1898/1358
f 1223/1688/1223 1331/1863/1331 1312/2054/1312
f 1429/2056/1429 1450/2100/1450 1430/2057/1430
f 1168/1624/1168 1209/2679/1209 1013/2049/1013
f 1388/1952/1388 1226/1951/1226 1431/2058/1431
f 1408/1994/1408 1407/1993/1407 1433/2060/1433
f 1003/1441/1003 1180/1638/1180 1182/1640/1182
f 1159/1977/1159 1151/2678/1151 1152/2062/1152
f 1361/2063/1361 1403/2202/1403 1322/1844/1322
f 1424/2043/1424 1496/2238/1496 1435/2065/1435
f 1144/1595/1144 1164/1620/1164 1271/1750/1271
f 1253/2068/1253 1213/1674/1213 1214/1675/1214
f 1385/2069/1385 1173/1631/1173 1093/1537/1093
f 1400/1982/1400 1399/1981/1399 1083/2071/1083
f 1061/2072/1061 1063/2275/1063 1193/1652/1193
f 1222/2073/1222 1224/2203/1224 1439/2074/1439
f 1441/2076/1441 1509/2267/1509 1426/2047/1426
f 1274/2038/1274 1188/1646/1188 1190/1648/1190
f 1084/2080/1084 1362/1904/1362 1227/1692/1227
f 1273/2081/1273 972/1410/972 1260/2082/1260
f 1081/1522/1081 1080/1521/1080 1394/1973/1394
vt 0.7784820 0.0490606
f 1154/1605/1154 1059/2681/1059 1418/2025/1418
vt 0.6918982 0.0779585
f 1330/2084/1330 1419/2682/1419 1252/1723/1252
f 933/1370/933 1498/2243/1498 1445/2085/1445
f 1446/2086/1446 1487/2675/1487 1029/1469/1029
f 1423/2088/1423 1419/2682/1419 1330/2084/1330
f 1143/1592/1143 1127/1905/1127 1125/2089/1125
f 1079/2090/1079 1443/2270/1443 1411/2091/1411
f 1026/1466/1026 1025/1465/1025 1392/2096/1392
f 1148/1599/1148 1147/1598/1147 1448/2098/1448
f 1236/1701/1236 1235/1700/1235 1450/2100/1450
f 1451/2101/1451 1465/2132/1465 1452/2102/1452
f 1202/1661/1202 954/1391/954 956/1393/956
f 1191/2103/1191 1255/2260/1255 1325/2104/1325
f 1381/2105/1381 1362/2271/1362 1008/1527/1008
f 1357/1894/1357 1356/1893/1356 1335/2106/1335
f 973/2050/973 1183/2128/1183 1447/2109/1447
f 1454/2110/1454 1378/1935/1378 1379/1936/1379
f 1440/2075/1440 1439/2074/1439 1118/2111/1118
f 960/1397/960 1102/2225/1102 1119/2113/1119
f 1455/2114/1455 1508/2261/1508 982/1806/982
f 1113/2115/1113 1112/2623/1112 1076/1516/1076
f 1023/1463/1023 1022/1462/1022 1239/1709/1239
f 991/2094/991 985/2093/985 984/2117/984
f 1261/2002/1261 1413/2001/1413 1264/1743/1264
f 1421/2119/1421 1222/2073/1222 1440/2075/1440
f 947/1384/947 946/1383/946 1457/2120/1457
f 1186/1644/1186 1490/2228/1490 1400/1982/1400
f 1123/2121/1123 1100/2226/1100 1458/2122/1458
f 1060/1500/1060 1217/1679/1217 1207/1666/1207
f 1232/1697/1232 1313/1821/1313 1096/1540/1096
f 1459/2123/1459 1505/2256/1505 1277/1761/1277
f 1327/1854/1327 1354/1891/1354 1355/1892/1355
f 1175/1633/1175 2209/2567/2209 945/1382/945
f 918/1355/918 2208/2566/2208 1460/2125/1460
f 1449/2099/1449 1448/2098/1448 1462/2127/1462
f 1183/2128/1183 1273/1754/1273 1017/1756/1017
f 1053/2129/1053 974/1412/974 1354/1891/1354
f 1463/2130/1463 2214/2680/2214 1428/2053/1428
f 1082/1896/1082 978/2676/978 1287/1780/1287
f 1464/2131/1464 1491/2229/1491 1465/2132/1465
vt 0.4376901 0.9379021
f 1300/2133/1300 1299/2683/1299 1401/2134/1401
f 1466/2138/1466 1508/2261/1508 1455/2114/1455
f 1321/2140/1321 1320/2191/1320 1406/1991/1406
f 992/2118/992 984/2117/984 988/2141/988
f 1467/2143/1467 2212/2625/2212 1174/1632/1174
f 1439/2074/1439 1170/1627/1170 1119/2113/1119
f 1419/2026/1419 1423/2041/1423 953/2055/953
f 1468/2145/1468 1063/1503/1063 1062/1502/1062
f 1300/2139/1300 1455/2114/1455 1139/1587/1139
vt 0.2051579 0.4651451
f 1469/2146/1469 1471/2684/1471 1344/2147/1344
f 1257/2148/1257 1266/1745/1266 1352/1889/1352
f 1165/1621/1165 1179/1637/1179 1178/1636/1178
f 995/2142/995 988/2141/988 987/2150/987
f 1471/2153/1471 1405/1990/1405 1012/1451/1012
f 1472/2154/1472 1308/2262/1308 1395/2155/1395
f 1301/2156/1301 1243/1713/1243 1313/1821/1313
f 1260/1738/1260 972/1519/972 1344/1879/1344
f 1469/2159/1469 1331/1863/1331 1405/1990/1405
f 1473/2160/1473 931/1368/931 930/1367/930
vt 0.7014154 0.0944427
f 1196/2162/1196 1262/2685/1262 1164/1649/1164
f 1473/2160/1473 1220/2161/1220 939/1376/939
f 1316/1826/1316 1370/1918/1370 1372/1920/1372
f 1318/1829/1318 1137/1584/1137 1356/2164/1356
f 1284/1774/1284 1135/1582/1135 1137/1584/1137
f 1438/2165/1438 1333/2288/1333 1332/2166/1332
f 1099/1543/1099 1098/1542/1098 1476/2168/1476
f 1187/1645/1187 1083/2071/1083 1084/2080/1084
f 1372/1920/1372 1371/1919/1371 1477/2169/1477
f 1387/1950/1387 1383/1945/1383 1319/1941/1319
f 1137/1584/1137 1136/1583/1136 1335/2171/1335
f 1001/1439/1001 993/1431/993 1461/2126/1461
f 1404/1989/1404 1380/1938/1380 1340/1937/1340
f 1476/2168/1476 1480/2174/1480 1479/2173/1479
f 1098/1542/1098 1481/2175/1481 1480/2174/1480
f 1478/2170/1478 1477/2169/1477 1481/2175/1481
vt 0.8624484 0.6741520
vt 0.8734369 0.6899768
vt 0.8677731 0.7370840
f 1064/2686/1064 1295/2687/1295 1270/2688/1270
vt 0.8778957 0.6969693
vt 0.8740955 0.7307529
f 1295/2687/1295 1462/2689/1462 1397/2690/1397
vt 0.8804217 0.7052428
f 1462/2689/1462 1448/2691/1448 1397/2690/1397
vt 0.8806667 0.7141305
f 1448/2691/1448 1147/2692/1147 1397/2690/1397
vt 0.8785155 0.7228789
f 1147/2692/1147 1006/2693/1006 1397/2690/1397
f 1397/2690/1397 1270/2688/1270 1295/2687/1295
vt 0.8431818 0.7549089
f 1270/2688/1270 1269/2694/1269 1064/2686/1064
vt 0.8187216 0.4681845
vt 0.8443595 0.5433735
f 1249/2176/1249 1427/2695/1427 1410/2696/1410
vt 0.8194184 0.4617361
vt 0.8700594 0.4964579
f 1427/2695/1427 1426/2697/1426 1298/2698/1298
vt 0.8520750 0.5210906
vt 0.8597674 0.5095599
f 958/2699/958 1427/2695/1427 2211/2700/2211
vt 0.8221128 0.4546574
vt 0.8271815 0.4477600
f 1426/2697/1426 1509/2701/1509 1166/2702/1166
vt 0.8346834 0.4419881
vt 0.8443263 0.4383081
f 1166/2702/1166 1470/2703/1470 1178/2704/1178
vt 0.8554723 0.4375679
f 1178/2704/1178 1425/2705/1425 1166/2702/1166
vt 0.8659732 0.4431908
f 1425/2705/1425 1436/2706/1436 1166/2702/1166
vt 0.8739737 0.4514660
vt 0.8789291 0.4613624
f 1436/2706/1436 1435/2707/1435 1433/2708/1433
vt 0.8806667 0.4717855
vt 0.8793795 0.4816695
f 1433/2708/1433 1407/2709/1407 999/2710/999
vt 0.8755854 0.4901106
f 999/2710/999 1161/2711/1161 1298/2698/1298
f 999/2710/999 1298/2698/1298 1436/2706/1436
f 1298/2698/1298 2211/2700/2211 1427/2695/1427
f 1436/2706/1436 1298/2698/1298 1166/2702/1166
f 1436/2706/1436 1433/2708/1433 999/2710/999
vt 0.8471789 0.5323196
f 1427/2695/1427 958/2699/958 2210/2712/2210
f 1426/2697/1426 1166/2702/1166 1298/2698/1298
vt 0.8547348 0.6601908
f 1269/2694/1269 1249/2176/1249 1250/2713/1250
f 1064/2686/1064 1269/2694/1269 1250/2713/1250
f 1427/2695/1427 2210/2712/2210 1410/2696/1410
vt 0.8490624 0.6460465
f 1302/2714/1302 1250/2713/1250 1249/2176/1249
vt 0.8454910 0.6318909
f 1463/2715/1463 1302/2714/1302 1249/2176/1249
vt 0.8416630 0.5648465
f 1249/2176/1249 1410/2696/1410 1504/2716/1504
vt 0.8438095 0.6150947
f 2214/2717/2214 1463/2715/1463 1249/2176/1249
f 1358/2178/1358 2214/2717/2214 1249/2176/1249
f 1249/2176/1249 1504/2716/1504 1482/2177/1482
f 1206/1665/1206 1264/1843/1264 1413/2179/1413
f 1343/1877/1343 1010/1449/1010 1012/1451/1012
f 1483/2180/1483 1417/2024/1417 1307/1802/1307
f 1416/2182/1416 1237/1706/1237 1086/1705/1086
vt 0.0098575 0.6439748
f 1086/1705/1086 1249/2718/1249 1269/2181/1269
f 1227/1692/1227 1226/1691/1226 1389/2184/1389
f 990/2095/990 991/2094/991 994/2187/994
vt 0.1963419 0.8024101
f 994/2187/994 1001/2719/1001 989/2188/989
f 1143/1592/1143 1142/1591/1142 1157/2052/1157
f 1016/1906/1016 1018/1876/1018 1343/1877/1343
f 975/1770/975 1283/2664/1283 1437/2190/1437
f 1320/2191/1320 977/1630/977 1173/1631/1173
f 1317/1827/1317 1372/1920/1372 1478/2170/1478
f 1120/1812/1120 1311/1811/1311 1327/2192/1327
vt 0.2756581 0.6401933
f 1110/2194/1110 1109/2720/1109 1335/2171/1335
f 1104/2195/1104 1103/2198/1103 1479/2173/1479
f 1481/2175/1481 1477/2169/1477 1291/2196/1291
f 1366/1910/1366 1479/2173/1479 1103/2198/1103
f 1480/2174/1480 1481/2175/1481 1485/2197/1485
f 1369/1917/1369 1293/1922/1293 1373/1921/1373
f 1371/1919/1371 1374/1924/1374 1286/2200/1286
f 1285/2201/1285 1291/2196/1291 1477/2169/1477
f 1475/2167/1475 1332/2166/1332 1403/2202/1403
f 1224/2203/1224 1169/1626/1169 1170/1627/1170
f 1171/2204/1171 1087/1704/1087 1237/1706/1237
f 1252/2028/1252 1266/2124/1266 1257/1733/1257
f 1121/2206/1121 1497/2242/1497 1486/2207/1486
f 1217/1679/1217 1088/1532/1088 1090/1534/1090
f 1208/1755/1208 1444/2661/1444 1196/1655/1196
f 922/1359/922 921/1358/921 1113/2115/1113
f 1172/2224/1172 1171/2204/1171 1258/2205/1258
f 960/1397/960 962/1399/962 1309/1804/1309
f 1272/1764/1272 1162/1618/1162 1164/1620/1164
f 1490/2228/1490 1489/2239/1489 1398/1980/1398
f 928/1365/928 927/1364/927 1491/2229/1491
f 1440/2075/1440 1117/2112/1117 1130/2230/1130
vt 0.8904484 0.3659768
f 1492/2231/1492 2213/2721/2213 1493/2232/1493
f 1055/1495/1055 1054/1494/1054 1390/2234/1390
f 1495/2235/1495 1513/2280/1513 1328/1855/1328
f 1003/1441/1003 1488/2571/1488 1446/2086/1446
f 996/2151/996 987/2150/987 986/2236/986
f 1434/2061/1434 1433/2060/1433 1435/2065/1435
f 1489/2239/1489 1002/1440/1002 1004/1442/1004
f 1410/1997/1410 2210/2569/2210 957/1394/957
f 1466/2135/1466 1401/2134/1401 1415/2240/1415
f 1453/2241/1453 1141/1590/1141 1497/2242/1497
f 1498/2243/1498 2213/2721/2213 1492/2231/1492
f 1494/2233/1494 1493/2232/1493 917/1354/917
f 1203/1662/1203 1379/1936/1379 1499/2244/1499
f 1216/1677/1216 966/1404/966 1132/2246/1132
f 1228/1693/1228 1507/2259/1507 1238/2248/1238
vt 0.6105613 0.0097663
f 993/2722/993 997/2250/997 1500/2245/1500
f 997/2250/997 1204/1663/1204 1203/1662/1203
f 1124/2251/1124 1497/2242/1497 1141/1590/1141
f 1379/1936/1379 1248/1718/1248 1501/2252/1501
f 1450/2100/1450 1235/1700/1235 1502/2253/1502
f 1359/1899/1359 1482/2677/1482 1504/2255/1504
f 1495/2235/1495 1414/2003/1414 1277/1761/1277
f 1430/2057/1430 1450/2100/1450 1503/2254/1503
f 1279/1763/1279 1430/2057/1430 1506/2257/1506
f 1280/2258/1280 1238/2248/1238 1507/2259/1507
f 1255/2260/1255 1330/1857/1330 1281/1859/1281
f 1466/2138/1466 1061/2072/1061 1195/1654/1195
f 1344/2147/1344 1471/2684/1471 1308/2262/1308
f 1289/2263/1289 1288/2039/1288 1194/2040/1194
f 1398/1980/1398 1004/1442/1004 1146/1597/1146
f 1311/1811/1311 1216/1677/1216 1131/2247/1131
f 1327/2192/1327 1311/1811/1311 1126/2265/1126
f 1441/2076/1441 1167/1623/1167 1166/1622/1166
vt 0.2924487 0.6334778
f 983/2723/983 1516/2284/1516 986/2268/986
f 1516/2284/1516 1276/1760/1276 986/2268/986
f 986/2236/986 1275/2037/1275 1204/2269/1204
f 1221/2152/1221 1312/1818/1312 1443/2270/1443
f 1387/2272/1387 1091/1535/1091 1510/2273/1510
f 1063/2275/1063 1468/2277/1468 1022/1462/1022
f 1248/1718/1248 1247/1717/1247 1511/2276/1511
f 1468/2277/1468 1044/1848/1044 1239/1709/1239
f 1132/2246/1132 966/1404/966 965/1403/965
f 1512/2279/1512 1514/2281/1514 1328/1855/1328
f 1338/1871/1338 1200/1659/1200 1514/2281/1514
f 1349/1886/1349 1210/1671/1210 1212/1673/1212
f 1383/2274/1383 1510/2273/1510 1210/1671/1210
f 1235/1700/1235 1348/1885/1348 1515/2283/1515
f 1515/2283/1515 1348/1885/1348 1276/1760/1276
f 1431/2285/1431 1225/1690/1225 1382/1944/1382
f 1247/1717/1247 1307/1802/1307 1306/1801/1306
f 1218/2286/1218 1211/1672/1211 1510/2273/1510
f 1486/2207/1486 1497/2242/1497 1124/2251/1124
f 965/1403/965 1486/2207/1486 1134/2287/1134
f 1260/2082/1260 1262/2685/1262 1196/2162/1196
f 1078/2092/1078 1411/2091/1411 1333/2288/1333
f 1393/2289/1393 1008/1446/1008 980/2078/980
f 979/2290/979 1218/2286/1218 1091/1535/1091
f 1115/1560/1115 1286/2200/1286 1374/1924/1374
f 1384/2291/1384 1406/1991/1406 1173/1631/1173
f 1265/1744/1265 1340/1873/1340 1353/1890/1353
f 1106/2199/1106 1110/2194/1110 1136/1583/1136
f 1293/1787/1293 1369/2293/1369 1485/2292/1485
f 1369/2293/1369 1105/1549/1105 1104/1548/1104
f 42/43/42 544/841/544 359/424/359
f 1518/2295/1518 1521/2298/1521 503/683/503
f 1519/2296/1519 436/555/436 306/343/306
f 1521/2298/1521 1527/2304/1527 427/540/427
f 1522/2299/1522 451/581/451 258/286/258
f 1518/2295/1518 449/579/449 451/581/451
f 376/446/376 426/538/426 1524/2301/1524
f 343/400/343 436/555/436 1519/2296/1519
f 1524/2301/1524 426/538/426 427/540/427
f 237/261/237 376/446/376 1525/2302/1525
f 1517/2294/1517 359/424/359 263/294/263
f 265/420/265 344/401/344 1530/2307/1530
f 1532/2309/1532 257/285/257 351/412/351
f 344/401/344 343/400/343 1526/2303/1526
f 1520/2297/1520 306/343/306 252/280/252
f 1529/2306/1529 263/294/263 265/296/265
f 1523/2300/1523 258/286/258 257/285/257
f 1534/2311/1534 252/280/252 211/232/211
f 213/234/213 237/261/237 1528/2305/1528
f 443/566/443 296/804/296 491/2315/491
f 211/232/211 213/234/213 1536/2314/1536
f 534/2316/534 488/653/488 530/756/530
f 530/756/530 515/716/515 1538/2318/1538
f 480/637/480 6/6/6 5/5/5
f 525/744/525 508/702/508 1540/2320/1540
f 514/715/514 525/742/525 1541/2322/1541
f 515/716/515 514/715/514 1542/2323/1542
f 508/702/508 478/635/478 533/2324/533
f 534/2316/534 1551/2336/1551 536/773/536
f 478/635/478 480/637/480 1539/2319/1539
f 1543/2325/1543 4/4/4 6/6/6
f 1519/2296/1519 465/608/465 460/597/460
f 1534/2311/1534 1535/2313/1535 429/542/429
f 1525/2302/1525 459/596/459 269/301/269
f 391/472/391 537/787/537 1521/2298/1521
f 537/787/537 224/247/224 1527/2304/1527
f 1520/2297/1520 381/455/381 465/608/465
f 111/119/111 55/56/55 1517/2294/1517
f 1526/2303/1526 460/597/460 382/456/382
f 1525/2302/1525 1524/2301/1524 223/246/223
f 1533/2310/1533 452/582/452 393/475/393
f 1535/2313/1535 1536/2314/1536 271/303/271
f 1532/2309/1532 393/475/393 392/473/392
f 1523/2300/1523 392/473/392 390/470/390
f 1522/2299/1522 390/470/390 391/472/391
f 1530/2307/1530 382/456/382 110/458/110
f 1520/2297/1520 1534/2311/1534 379/453/379
f 1536/2314/1536 1528/2305/1528 269/301/269
f 224/247/224 223/246/223 1524/2301/1524
f 110/117/110 111/119/111 1529/2306/1529
f 55/56/55 43/44/43 42/43/42
f 1544/2327/1544 84/86/84 434/819/434
f 519/727/519 518/726/518 1543/2325/1543
f 1546/2329/1546 517/725/517 519/727/519
vt 0.5753396 0.5013407
f 1547/2330/1547 1545/2724/1545 434/552/434
f 1548/2331/1548 372/438/372 103/107/103
f 1549/2333/1549 290/325/290 372/438/372
f 1547/2330/1547 288/323/288 290/325/290
f 1546/2329/1546 278/312/278 82/84/82
f 185/2332/185 103/107/103 105/109/105
f 187/2334/187 82/84/82 84/86/84
f 1550/2335/1550 105/109/105 351/412/351
f 452/582/452 536/773/536 1551/2336/1551
f 316/678/316 315/2558/315 544/841/544
f 1556/2342/1556 1558/2344/1558 1554/2340/1554
f 1559/2345/1559 1579/2365/1579 1560/2346/1560
f 1562/2348/1562 1587/2373/1587 1561/2347/1561
f 1563/2349/1563 1561/2347/1561 1560/2346/1560
f 1565/2351/1565 1650/2436/1650 1555/2341/1555
f 1565/2351/1565 1558/2344/1558 1556/2342/1556
f 1571/2357/1571 1601/2387/1601 1568/2354/1568
f 1570/2356/1570 1650/2436/1650 1565/2351/1565
f 1571/2357/1571 1572/2358/1572 1565/2351/1565
f 1573/2359/1573 1658/2444/1658 1574/2360/1574
f 1569/2355/1569 1568/2354/1568 1576/2362/1576
f 1559/2345/1559 1590/2376/1590 1578/2364/1578
f 1580/2366/1580 1610/2396/1610 1581/2367/1581
f 1583/2369/1583 1614/2400/1614 1573/2359/1573
f 1584/2370/1584 1583/2369/1583 1575/2361/1575
f 1586/2372/1586 1613/2399/1613 1562/2348/1562
f 1587/2373/1587 1582/2368/1582 1559/2345/1559
f 1588/2374/1588 1614/2400/1614 1583/2369/1583
f 1559/2345/1559 1582/2368/1582 1581/2367/1581
f 1556/2342/1556 1557/2343/1557 1592/2378/1592
f 1594/2380/1594 1660/2446/1660 1596/2382/1596
f 1556/2342/1556 1595/2381/1595 1596/2382/1596
f 1571/2357/1571 1602/2388/1602 1599/2385/1599
f 1596/2382/1596 1660/2446/1660 1600/2386/1600
f 1596/2382/1596 1602/2388/1602 1571/2357/1571
f 1603/2389/1603 1647/2433/1647 1580/2366/1580
f 1605/2391/1605 1645/2431/1645 1606/2392/1606
f 1608/2394/1608 1586/2372/1586 1563/2349/1563
f 1609/2395/1609 1589/2375/1589 1583/2369/1583
f 1610/2396/1610 1554/2340/1554 1553/2339/1553
f 1589/2375/1589 1560/2346/1560 1579/2365/1579
f 1609/2395/1609 1584/2370/1584 1611/2397/1611
f 1613/2399/1613 1607/2393/1607 1606/2392/1606
f 1588/2374/1588 1635/2421/1635 1577/2363/1577
f 1606/2392/1606 1645/2431/1645 1603/2389/1603
f 1577/2363/1577 1576/2362/1576 1573/2359/1573
f 1615/2401/1615 1654/2440/1654 1616/2402/1616
f 1564/2350/1564 1560/2346/1560 1589/2375/1589
f 1578/2364/1578 1635/2421/1635 1588/2374/1588
f 1618/2404/1618 1639/2425/1639 1619/2405/1619
f 1580/2366/1580 1647/2433/1647 1621/2407/1621
f 1564/2350/1564 1609/2395/1609 1612/2398/1612
f 1622/2408/1622 1633/2419/1633 1623/2409/1623
f 1625/2411/1625 1619/2405/1619 1626/2412/1626
f 1585/2371/1585 1575/2361/1575 1574/2360/1574
f 1629/2415/1629 1615/2401/1615 1617/2403/1617
f 1619/2405/1619 1639/2425/1639 1631/2417/1631
f 1632/2418/1632 1625/2411/1625 1633/2419/1633
f 1635/2421/1635 1570/2356/1570 1569/2355/1569
f 1585/2371/1585 1628/2414/1628 1636/2422/1636
f 1625/2411/1625 1627/2413/1627 1623/2409/1623
f 1625/2411/1625 1632/2418/1632 1620/2406/1620
f 1592/2378/1592 1557/2343/1557 1621/2407/1621
f 1604/2390/1604 1580/2366/1580 1582/2368/1582
f 1639/2425/1639 1594/2380/1594 1593/2379/1593
f 1626/2412/1626 1655/2441/1655 1640/2426/1640
f 1578/2364/1578 1650/2436/1650 1570/2356/1570
f 1641/2427/1641 1634/2420/1634 1633/2419/1633
f 1629/2415/1629 1630/2416/1630 1620/2406/1620
f 1593/2379/1593 1592/2378/1592 1638/2424/1638
f 1568/2354/1568 1601/2387/1601 1642/2428/1642
f 1627/2413/1627 1640/2426/1640 1643/2429/1643
f 1618/2404/1618 1660/2446/1660 1594/2380/1594
f 1584/2370/1584 1585/2371/1585 1637/2423/1637
f 1624/2410/1624 1623/2409/1623 1643/2429/1643
f 1640/2426/1640 1603/2389/1603 1645/2431/1645
f 1646/2432/1646 1653/2439/1653 1615/2401/1615
f 1640/2426/1640 1655/2441/1655 1647/2433/1647
f 1643/2429/1643 1645/2431/1645 1605/2391/1605
f 1630/2416/1630 1617/2403/1617 1648/2434/1648
f 1630/2416/1630 1649/2435/1649 1618/2404/1618
f 1634/2420/1634 1646/2432/1646 1629/2415/1629
f 1578/2364/1578 1590/2376/1590 1555/2341/1555
f 1616/2402/1616 1658/2444/1658 1642/2428/1642
f 1649/2435/1649 1648/2434/1648 1598/2384/1598
f 1616/2402/1616 1651/2437/1651 1648/2434/1648
f 1652/2438/1652 1646/2432/1646 1634/2420/1634
f 1653/2439/1653 1657/2443/1657 1654/2440/1654
f 1631/2417/1631 1638/2424/1638 1655/2441/1655
f 1651/2437/1651 1599/2385/1599 1598/2384/1598
f 1642/2428/1642 1601/2387/1601 1599/2385/1599
f 1656/2442/1656 1653/2439/1653 1646/2432/1646
f 1606/2392/1606 1604/2390/1604 1587/2373/1587
f 1657/2443/1657 1628/2414/1628 1574/2360/1574
f 1573/2359/1573 1576/2362/1576 1642/2428/1642
f 1654/2440/1654 1574/2360/1574 1658/2444/1658
f 1659/2445/1659 1657/2443/1657 1653/2439/1653
f 1621/2407/1621 1557/2343/1557 1554/2340/1554
f 1590/2376/1590 1581/2367/1581 1553/2339/1553
f 1655/2441/1655 1638/2424/1638 1621/2407/1621
f 1636/2422/1636 1628/2414/1628 1657/2443/1657
f 1618/2404/1618 1649/2435/1649 1600/2386/1600
f 1665/2342/1665 1667/2344/1667 1663/2340/1663
f 1668/2347/1668 1687/2345/1687 1669/2365/1669
f 1671/2348/1671 1749/2373/1749 1668/2347/1668
f 1673/2350/1673 1672/2349/1672 1668/2347/1668
f 1674/2351/1674 1761/2436/1761 1664/2341/1664
f 1674/2351/1674 1667/2344/1667 1665/2342/1665
f 1680/2357/1680 1710/2387/1710 1677/2354/1677
f 1679/2356/1679 1761/2436/1761 1674/2351/1674
f 1680/2357/1680 1681/2358/1681 1674/2351/1674
f 1682/2361/1682 1693/2359/1693 1683/2444/1683
f 1678/2355/1678 1677/2354/1677 1685/2362/1685
f 1687/2345/1687 1699/2376/1699 1688/2364/1688
f 1689/2366/1689 1719/2396/1719 1690/2367/1690
f 1692/2369/1692 1698/2400/1698 1693/2359/1693
f 1692/2369/1692 1682/2361/1682 1694/2371/1694
f 1696/2372/1696 1723/2399/1723 1671/2348/1671
f 1668/2347/1668 1749/2373/1749 1691/2368/1691
f 1697/2375/1697 1720/2374/1720 1698/2400/1698
f 1687/2345/1687 1691/2368/1691 1690/2367/1690
f 1665/2342/1665 1666/2343/1666 1701/2378/1701
f 1703/2380/1703 1769/2446/1769 1705/2382/1705
f 1665/2342/1665 1704/2381/1704 1705/2382/1705
f 1680/2357/1680 1711/2388/1711 1708/2385/1708
f 1705/2382/1705 1769/2446/1769 1709/2386/1709
f 1705/2382/1705 1711/2388/1711 1680/2357/1680
f 1712/2390/1712 1758/2389/1758 1713/2433/1713
f 1714/2391/1714 1724/2431/1724 1715/2392/1715
f 1696/2372/1696 1672/2349/1672 1673/2350/1673
f 1697/2375/1697 1692/2369/1692 1695/2370/1695
f 1719/2396/1719 1663/2340/1663 1662/2339/1662
f 1697/2375/1697 1670/2346/1670 1669/2365/1669
f 1721/2398/1721 1718/2395/1718 1695/2370/1695
f 1723/2399/1723 1716/2393/1716 1715/2392/1715
f 1720/2374/1720 1744/2421/1744 1686/2363/1686
f 1724/2431/1724 1758/2389/1758 1712/2390/1712
f 1686/2363/1686 1685/2362/1685 1693/2359/1693
f 1725/2440/1725 1762/2402/1762 1726/2403/1726
f 1673/2350/1673 1670/2346/1670 1697/2375/1697
f 1688/2364/1688 1744/2421/1744 1720/2374/1720
f 1728/2404/1728 1750/2425/1750 1729/2405/1729
f 1689/2366/1689 1713/2433/1713 1731/2407/1731
f 1673/2350/1673 1718/2395/1718 1721/2398/1721
f 1732/2408/1732 1743/2419/1743 1733/2409/1733
f 1735/2411/1735 1729/2405/1729 1736/2412/1736
f 1682/2361/1682 1684/2360/1684 1738/2414/1738
f 1739/2415/1739 1727/2401/1727 1726/2403/1726
f 1729/2405/1729 1750/2425/1750 1741/2417/1741
f 1742/2420/1742 1747/2418/1747 1735/2411/1735
f 1744/2421/1744 1679/2356/1679 1678/2355/1678
f 1694/2371/1694 1738/2414/1738 1745/2422/1745
f 1743/2419/1743 1735/2411/1735 1737/2413/1737
f 1747/2418/1747 1730/2406/1730 1729/2405/1729
f 1701/2378/1701 1666/2343/1666 1731/2407/1731
f 1749/2373/1749 1712/2390/1712 1689/2366/1689
f 1750/2425/1750 1703/2380/1703 1702/2379/1702
f 1736/2412/1736 1757/2441/1757 1751/2426/1751
f 1688/2364/1688 1761/2436/1761 1679/2356/1679
f 1742/2420/1742 1743/2419/1743 1732/2408/1732
f 1740/2416/1740 1730/2406/1730 1747/2418/1747
f 1702/2379/1702 1701/2378/1701 1748/2424/1748
f 1677/2354/1677 1710/2387/1710 1753/2428/1753
f 1737/2413/1737 1751/2426/1751 1754/2429/1754
f 1728/2404/1728 1769/2446/1769 1703/2380/1703
f 1722/2397/1722 1695/2370/1695 1694/2371/1694
f 1734/2410/1734 1733/2409/1733 1754/2429/1754
f 1751/2426/1751 1758/2389/1758 1724/2431/1724
f 1756/2432/1756 1766/2439/1766 1727/2401/1727
f 1757/2441/1757 1713/2433/1713 1758/2389/1758
f 1754/2429/1754 1724/2431/1724 1714/2391/1714
f 1740/2416/1740 1726/2403/1726 1759/2434/1759
f 1740/2416/1740 1760/2435/1760 1728/2404/1728
f 1742/2420/1742 1756/2432/1756 1739/2415/1739
f 1688/2364/1688 1699/2376/1699 1664/2341/1664
f 1762/2402/1762 1683/2444/1683 1753/2428/1753
f 1760/2435/1760 1759/2434/1759 1707/2384/1707
f 1762/2402/1762 1763/2437/1763 1759/2434/1759
f 1764/2438/1764 1756/2432/1756 1742/2420/1742
f 1765/2443/1765 1725/2440/1725 1727/2401/1727
f 1741/2417/1741 1748/2424/1748 1757/2441/1757
f 1763/2437/1763 1708/2385/1708 1707/2384/1707
f 1753/2428/1753 1710/2387/1710 1708/2385/1708
f 1764/2438/1764 1767/2442/1767 1766/2439/1766
f 1715/2392/1715 1712/2390/1712 1749/2373/1749
f 1738/2414/1738 1684/2360/1684 1725/2440/1725
f 1693/2359/1693 1685/2362/1685 1753/2428/1753
f 1684/2360/1684 1683/2444/1683 1762/2402/1762
f 1767/2442/1767 1768/2445/1768 1765/2443/1765
f 1731/2407/1731 1666/2343/1666 1663/2340/1663
f 1699/2376/1699 1690/2367/1690 1662/2339/1662
f 1757/2441/1757 1748/2424/1748 1731/2407/1731
f 1745/2422/1745 1738/2414/1738 1765/2443/1765
f 1728/2404/1728 1760/2435/1760 1709/2386/1709
f 1774/2342/1774 1776/2344/1776 1772/2340/1772
f 1777/2347/1777 1796/2345/1796 1778/2365/1778
f 1780/2348/1780 1858/2373/1858 1777/2347/1777
f 1782/2350/1782 1781/2349/1781 1777/2347/1777
f 1783/2351/1783 1870/2436/1870 1773/2341/1773
f 1783/2351/1783 1776/2344/1776 1774/2342/1774
f 1789/2357/1789 1819/2387/1819 1786/2354/1786
f 1788/2356/1788 1870/2436/1870 1783/2351/1783
f 1789/2357/1789 1790/2358/1790 1783/2351/1783
f 1791/2361/1791 1802/2359/1802 1792/2444/1792
f 1787/2355/1787 1786/2354/1786 1794/2362/1794
f 1796/2345/1796 1808/2376/1808 1797/2364/1797
f 1798/2366/1798 1828/2396/1828 1799/2367/1799
f 1801/2369/1801 1807/2400/1807 1802/2359/1802
f 1801/2369/1801 1791/2361/1791 1803/2371/1803
f 1805/2372/1805 1832/2399/1832 1780/2348/1780
f 1777/2347/1777 1858/2373/1858 1800/2368/1800
f 1806/2375/1806 1829/2374/1829 1807/2400/1807
f 1796/2345/1796 1800/2368/1800 1799/2367/1799
f 1774/2342/1774 1775/2343/1775 1810/2378/1810
f 1812/2380/1812 1878/2446/1878 1814/2382/1814
f 1774/2342/1774 1813/2381/1813 1814/2382/1814
f 1789/2357/1789 1820/2388/1820 1817/2385/1817
f 1814/2382/1814 1878/2446/1878 1818/2386/1818
f 1814/2382/1814 1820/2388/1820 1789/2357/1789
f 1821/2390/1821 1867/2389/1867 1822/2433/1822
f 1823/2391/1823 1833/2431/1833 1824/2392/1824
f 1826/2394/1826 1805/2372/1805 1781/2349/1781
f 1827/2395/1827 1806/2375/1806 1801/2369/1801
f 1828/2396/1828 1772/2340/1772 1771/2339/1771
f 1806/2375/1806 1779/2346/1779 1778/2365/1778
f 1827/2395/1827 1804/2370/1804 1830/2397/1830
f 1832/2399/1832 1825/2393/1825 1824/2392/1824
f 1829/2374/1829 1837/2421/1837 1795/2363/1795
f 1833/2431/1833 1867/2389/1867 1821/2390/1821
f 1795/2363/1795 1794/2362/1794 1802/2359/1802
f 1834/2401/1834 1876/2440/1876 1835/2402/1835
f 1782/2350/1782 1779/2346/1779 1806/2375/1806
f 1778/2365/1778 1797/2364/1797 1837/2421/1837
f 1838/2404/1838 1859/2425/1859 1839/2405/1839
f 1798/2366/1798 1822/2433/1822 1841/2407/1841
f 1782/2350/1782 1827/2395/1827 1831/2398/1831
f 1842/2408/1842 1853/2419/1853 1843/2409/1843
f 1845/2411/1845 1839/2405/1839 1846/2412/1846
f 1791/2361/1791 1793/2360/1793 1848/2414/1848
f 1849/2415/1849 1834/2401/1834 1836/2403/1836
f 1839/2405/1839 1859/2425/1859 1851/2417/1851
f 1852/2420/1852 1856/2418/1856 1845/2411/1845
f 1837/2421/1837 1788/2356/1788 1787/2355/1787
f 1803/2371/1803 1848/2414/1848 1854/2422/1854
f 1853/2419/1853 1845/2411/1845 1847/2413/1847
f 1856/2418/1856 1840/2406/1840 1839/2405/1839
f 1810/2378/1810 1775/2343/1775 1841/2407/1841
f 1858/2373/1858 1821/2390/1821 1798/2366/1798
f 1859/2425/1859 1812/2380/1812 1811/2379/1811
f 1846/2412/1846 1866/2441/1866 1860/2426/1860
f 1797/2364/1797 1870/2436/1870 1788/2356/1788
f 1861/2427/1861 1852/2420/1852 1853/2419/1853
f 1849/2415/1849 1850/2416/1850 1840/2406/1840
f 1811/2379/1811 1810/2378/1810 1857/2424/1857
f 1786/2354/1786 1819/2387/1819 1862/2428/1862
f 1847/2413/1847 1860/2426/1860 1863/2429/1863
f 1838/2404/1838 1878/2446/1878 1812/2380/1812
f 1804/2370/1804 1803/2371/1803 1855/2423/1855
f 1844/2410/1844 1843/2409/1843 1863/2429/1863
f 1860/2426/1860 1867/2389/1867 1833/2431/1833
f 1865/2432/1865 1874/2439/1874 1834/2401/1834
f 1866/2441/1866 1822/2433/1822 1867/2389/1867
f 1863/2429/1863 1833/2431/1833 1823/2391/1823
f 1850/2416/1850 1836/2403/1836 1868/2434/1868
f 1840/2406/1840 1850/2416/1850 1869/2435/1869
f 1852/2420/1852 1865/2432/1865 1849/2415/1849
f 1797/2364/1797 1808/2376/1808 1773/2341/1773
f 1835/2402/1835 1792/2444/1792 1862/2428/1862
f 1869/2435/1869 1868/2434/1868 1816/2384/1816
f 1835/2402/1835 1871/2437/1871 1868/2434/1868
f 1872/2438/1872 1865/2432/1865 1852/2420/1852
f 1873/2443/1873 1876/2440/1876 1834/2401/1834
f 1851/2417/1851 1857/2424/1857 1866/2441/1866
f 1871/2437/1871 1817/2385/1817 1816/2384/1816
f 1862/2428/1862 1819/2387/1819 1817/2385/1817
f 1875/2442/1875 1874/2439/1874 1865/2432/1865
f 1824/2392/1824 1821/2390/1821 1858/2373/1858
f 1848/2414/1848 1793/2360/1793 1876/2440/1876
f 1802/2359/1802 1794/2362/1794 1862/2428/1862
f 1793/2360/1793 1792/2444/1792 1835/2402/1835
f 1877/2445/1877 1873/2443/1873 1874/2439/1874
f 1841/2407/1841 1775/2343/1775 1772/2340/1772
f 1808/2376/1808 1799/2367/1799 1771/2339/1771
f 1866/2441/1866 1857/2424/1857 1841/2407/1841
f 1854/2422/1854 1848/2414/1848 1873/2443/1873
f 1838/2404/1838 1869/2435/1869 1818/2386/1818
f 1883/2342/1883 1922/2343/1922 1880/2340/1880
f 1885/2346/1885 1906/2365/1906 1886/2345/1886
f 1887/2347/1887 1915/2373/1915 1888/2348/1888
f 1885/2346/1885 1887/2347/1887 1889/2349/1889
f 1882/2341/1882 1968/2436/1968 1891/2351/1891
f 1883/2342/1883 1884/2344/1884 1891/2351/1891
f 1897/2357/1897 1899/2358/1899 1895/2354/1895
f 1891/2351/1891 1968/2436/1968 1896/2356/1896
f 1891/2351/1891 1899/2358/1899 1897/2357/1897
f 1900/2361/1900 1956/2360/1956 1901/2444/1901
f 1903/2362/1903 1895/2354/1895 1894/2355/1894
f 1905/2364/1905 1979/2376/1979 1886/2345/1886
f 1907/2367/1907 1938/2396/1938 1908/2366/1908
f 1910/2369/1910 1900/2361/1900 1902/2359/1902
f 1912/2370/1912 1955/2371/1955 1900/2361/1900
f 1913/2372/1913 1889/2349/1889 1888/2348/1888
f 1887/2347/1887 1886/2345/1886 1909/2368/1909
f 1916/2375/1916 1910/2369/1910 1911/2400/1911
f 1886/2345/1886 1979/2376/1979 1907/2367/1907
f 1883/2342/1883 1923/2381/1923 1920/2378/1920
f 1924/2382/1924 1971/2446/1971 1921/2380/1921
f 1924/2382/1924 1923/2381/1923 1883/2342/1883
f 1897/2357/1897 1898/2387/1898 1926/2385/1926
f 1928/2386/1928 1971/2446/1971 1924/2382/1924
f 1897/2357/1897 1929/2388/1929 1924/2382/1924
f 1930/2390/1930 1908/2366/1908 1931/2433/1931
f 1933/2393/1933 1942/2392/1942 1934/2431/1934
f 1936/2394/1936 1890/2350/1890 1889/2349/1889
f 1937/2395/1937 1912/2370/1912 1910/2369/1910
f 1881/2339/1881 1880/2340/1880 1938/2396/1938
f 1916/2375/1916 1917/2374/1917 1906/2365/1906
f 1939/2397/1939 1912/2370/1912 1937/2395/1937
f 1888/2348/1888 1942/2392/1942 1933/2393/1933
f 1917/2374/1917 1911/2400/1911 1904/2363/1904
f 1942/2392/1942 1930/2390/1930 1932/2389/1932
f 1902/2359/1902 1903/2362/1903 1904/2363/1904
f 1943/2403/1943 1980/2402/1980 1944/2440/1944
f 1890/2350/1890 1937/2395/1937 1916/2375/1916
f 1917/2374/1917 1941/2421/1941 1905/2364/1905
f 1946/2405/1946 1960/2425/1960 1947/2404/1947
f 1908/2366/1908 1938/2396/1938 1949/2407/1949
f 1940/2398/1940 1937/2395/1937 1890/2350/1890
f 1950/2408/1950 1972/2410/1972 1951/2409/1951
f 1953/2413/1953 1967/2412/1967 1946/2405/1946
f 1955/2371/1955 1964/2414/1964 1956/2360/1956
f 1957/2416/1957 1943/2403/1943 1945/2401/1945
f 1946/2405/1946 1967/2412/1967 1959/2417/1959
f 1952/2419/1952 1954/2411/1954 1961/2418/1961
f 1941/2421/1941 1904/2363/1904 1894/2355/1894
f 1963/2423/1963 1987/2422/1987 1964/2414/1964
f 1951/2409/1951 1953/2413/1953 1954/2411/1954
f 1946/2405/1946 1948/2406/1948 1961/2418/1961
f 1949/2407/1949 1922/2343/1922 1920/2378/1920
f 1909/2368/1909 1908/2366/1908 1930/2390/1930
f 1960/2425/1960 1959/2417/1959 1919/2379/1919
f 1966/2426/1966 1976/2441/1976 1967/2412/1967
f 1905/2364/1905 1941/2421/1941 1896/2356/1896
f 1969/2427/1969 1950/2408/1950 1952/2419/1952
f 1958/2415/1958 1961/2418/1961 1948/2406/1948
f 1965/2424/1965 1920/2378/1920 1919/2379/1919
f 1970/2428/1970 1898/2387/1898 1895/2354/1895
f 1951/2409/1951 1973/2429/1973 1966/2426/1966
f 1947/2404/1947 1960/2425/1960 1921/2380/1921
f 1963/2423/1963 1955/2371/1955 1912/2370/1912
f 1972/2410/1972 1977/2430/1977 1973/2429/1973
f 1973/2429/1973 1934/2431/1934 1932/2389/1932
f 1974/2432/1974 1958/2415/1958 1945/2401/1945
f 1932/2389/1932 1931/2433/1931 1976/2441/1976
f 1935/2391/1935 1934/2431/1934 1973/2429/1973
f 1957/2416/1957 1981/2435/1981 1978/2434/1978
f 1947/2404/1947 1981/2435/1981 1957/2416/1957
f 1962/2420/1962 1961/2418/1961 1958/2415/1958
f 1905/2364/1905 1968/2436/1968 1882/2341/1882
f 1980/2402/1980 1984/2437/1984 1970/2428/1970
f 1981/2435/1981 1928/2386/1928 1927/2384/1927
f 1978/2434/1978 1984/2437/1984 1980/2402/1980
f 1962/2420/1962 1974/2432/1974 1982/2438/1982
f 1975/2439/1975 1945/2401/1945 1944/2440/1944
f 1976/2441/1976 1965/2424/1965 1959/2417/1959
f 1927/2384/1927 1926/2385/1926 1984/2437/1984
f 1926/2385/1926 1898/2387/1898 1970/2428/1970
f 1974/2432/1974 1975/2439/1975 1985/2442/1985
f 1888/2348/1888 1915/2373/1915 1930/2390/1930
f 1983/2443/1983 1944/2440/1944 1956/2360/1956
f 1902/2359/1902 1901/2444/1901 1970/2428/1970
f 1980/2402/1980 1901/2444/1901 1956/2360/1956
f 1975/2439/1975 1983/2443/1983 1986/2445/1986
f 1880/2340/1880 1922/2343/1922 1949/2407/1949
f 1979/2376/1979 1882/2341/1882 1881/2339/1881
f 1976/2441/1976 1931/2433/1931 1949/2407/1949
f 1983/2443/1983 1964/2414/1964 1987/2422/1987
f 1947/2404/1947 1971/2446/1971 1928/2386/1928
f 1992/2342/1992 2032/2343/2032 1989/2340/1989
f 1994/2346/1994 2016/2365/2016 1995/2345/1995
f 1997/2349/1997 1996/2347/1996 1998/2373/1998
f 2000/2350/2000 1994/2346/1994 1996/2347/1996
f 1991/2341/1991 2075/2436/2075 2001/2351/2001
f 1992/2342/1992 1993/2344/1993 2001/2351/2001
f 2007/2357/2007 2009/2358/2009 2005/2354/2005
f 2001/2351/2001 2075/2436/2075 2006/2356/2006
f 2001/2351/2001 2009/2358/2009 2007/2357/2007
f 2010/2360/2010 2089/2444/2089 2011/2359/2011
f 2013/2362/2013 2005/2354/2005 2004/2355/2004
f 2015/2364/2015 2088/2376/2088 1995/2345/1995
f 2017/2367/2017 2047/2396/2047 2018/2366/2018
f 2012/2361/2012 2011/2359/2011 2020/2400/2020
f 2022/2371/2022 2012/2361/2012 2021/2369/2021
f 2024/2372/2024 1997/2349/1997 1999/2348/1999
f 1996/2347/1996 1995/2345/1995 2019/2368/2019
f 2026/2375/2026 2021/2369/2021 2020/2400/2020
f 1995/2345/1995 2088/2376/2088 2017/2367/2017
f 1992/2342/1992 2033/2381/2033 2030/2378/2030
f 2034/2382/2034 2080/2446/2080 2031/2380/2031
f 2034/2382/2034 2033/2381/2033 1992/2342/1992
f 2007/2357/2007 2008/2387/2008 2036/2385/2036
f 2038/2386/2038 2080/2446/2080 2034/2382/2034
f 2007/2357/2007 2039/2388/2039 2034/2382/2034
f 2018/2366/2018 2058/2433/2058 2040/2389/2040
f 2042/2393/2042 2049/2392/2049 2043/2431/2043
f 2000/2350/2000 1997/2349/1997 2024/2372/2024
f 2046/2395/2046 2023/2370/2023 2021/2369/2021
f 1990/2339/1990 1989/2340/1989 2047/2396/2047
f 2027/2374/2027 2016/2365/2016 1994/2346/1994
f 2048/2398/2048 2081/2397/2081 2023/2370/2023
f 2025/2399/2025 1999/2348/1999 2049/2392/2049
f 2027/2374/2027 2020/2400/2020 2014/2363/2014
f 2041/2390/2041 2040/2389/2040 2043/2431/2043
f 2011/2359/2011 2013/2362/2013 2014/2363/2014
f 2051/2401/2051 2066/2403/2066 2052/2402/2052
f 2000/2350/2000 2046/2395/2046 2026/2375/2026
f 2027/2374/2027 2050/2421/2050 2015/2364/2015
f 2054/2405/2054 2068/2425/2068 2055/2404/2055
f 2018/2366/2018 2047/2396/2047 2057/2407/2057
f 2048/2398/2048 2046/2395/2046 2000/2350/2000
f 2059/2408/2059 2082/2410/2082 2060/2409/2060
f 2062/2411/2062 2073/2413/2073 2063/2412/2063
f 2064/2414/2064 2010/2360/2010 2012/2361/2012
f 2065/2415/2065 2077/2416/2077 2066/2403/2066
f 2054/2405/2054 2063/2412/2063 2067/2417/2067
f 2069/2420/2069 2061/2419/2061 2062/2411/2062
f 2050/2421/2050 2014/2363/2014 2004/2355/2004
f 2071/2423/2071 2096/2422/2096 2064/2414/2064
f 2060/2409/2060 2073/2413/2073 2062/2411/2062
f 2062/2411/2062 2054/2405/2054 2056/2406/2056
f 2057/2407/2057 2032/2343/2032 2030/2378/2030
f 2019/2368/2019 2018/2366/2018 2041/2390/2041
f 2068/2425/2068 2067/2417/2067 2029/2379/2029
f 2073/2413/2073 2083/2426/2083 2074/2441/2074
f 2015/2364/2015 2050/2421/2050 2006/2356/2006
f 2059/2408/2059 2061/2419/2061 2069/2420/2069
f 2065/2415/2065 2070/2418/2070 2056/2406/2056
f 2072/2424/2072 2030/2378/2030 2029/2379/2029
f 2078/2428/2078 2008/2387/2008 2005/2354/2005
f 2079/2429/2079 2083/2426/2083 2073/2413/2073
f 2055/2404/2055 2068/2425/2068 2031/2380/2031
f 2081/2397/2081 2071/2423/2071 2022/2371/2022
f 2082/2410/2082 2086/2430/2086 2079/2429/2079
f 2043/2431/2043 2040/2389/2040 2083/2426/2083
f 2065/2415/2065 2051/2401/2051 2084/2439/2084
f 2083/2426/2083 2040/2389/2040 2058/2433/2058
f 2044/2391/2044 2043/2431/2043 2079/2429/2079
f 2077/2416/2077 2090/2435/2090 2087/2434/2087
f 2055/2404/2055 2090/2435/2090 2077/2416/2077
f 2069/2420/2069 2070/2418/2070 2065/2415/2065
f 2015/2364/2015 2075/2436/2075 1991/2341/1991
f 2052/2402/2052 2093/2437/2093 2078/2428/2078
f 2090/2435/2090 2038/2386/2038 2037/2384/2037
f 2087/2434/2087 2093/2437/2093 2052/2402/2052
f 2069/2420/2069 2085/2432/2085 2091/2438/2091
f 2051/2401/2051 2053/2440/2053 2092/2443/2092
f 2074/2441/2074 2072/2424/2072 2067/2417/2067
f 2037/2384/2037 2036/2385/2036 2093/2437/2093
f 2036/2385/2036 2008/2387/2008 2078/2428/2078
f 2091/2438/2091 2085/2432/2085 2084/2439/2084
f 1998/2373/1998 2041/2390/2041 2049/2392/2049
f 2053/2440/2053 2010/2360/2010 2064/2414/2064
f 2011/2359/2011 2089/2444/2089 2078/2428/2078
f 2053/2440/2053 2052/2402/2052 2089/2444/2089
f 2094/2442/2094 2084/2439/2084 2092/2443/2092
f 1989/2340/1989 2032/2343/2032 2057/2407/2057
f 2088/2376/2088 1991/2341/1991 1990/2339/1990
f 2074/2441/2074 2058/2433/2058 2057/2407/2057
f 2092/2443/2092 2064/2414/2064 2096/2422/2096
f 2055/2404/2055 2080/2446/2080 2038/2386/2038
f 2101/2342/2101 2140/2343/2140 2098/2340/2098
f 2103/2347/2103 2109/2346/2109 2104/2365/2104
f 2106/2349/2106 2103/2347/2103 2107/2373/2107
f 2109/2346/2109 2103/2347/2103 2106/2349/2106
f 2100/2341/2100 2186/2436/2186 2111/2351/2111
f 2101/2342/2101 2102/2344/2102 2111/2351/2111
f 2117/2357/2117 2119/2358/2119 2115/2354/2115
f 2111/2351/2111 2186/2436/2186 2116/2356/2116
f 2111/2351/2111 2119/2358/2119 2117/2357/2117
f 2120/2360/2120 2200/2444/2200 2121/2359/2121
f 2123/2362/2123 2115/2354/2115 2114/2355/2114
f 2125/2364/2125 2199/2376/2199 2105/2345/2105
f 2126/2367/2126 2155/2396/2155 2127/2366/2127
f 2129/2369/2129 2122/2361/2122 2121/2359/2121
f 2131/2370/2131 2174/2371/2174 2122/2361/2122
f 2132/2372/2132 2106/2349/2106 2108/2348/2108
f 2105/2345/2105 2128/2368/2128 2107/2373/2107
f 2134/2375/2134 2129/2369/2129 2130/2400/2130
f 2105/2345/2105 2199/2376/2199 2126/2367/2126
f 2101/2342/2101 2141/2381/2141 2138/2378/2138
f 2142/2382/2142 2191/2446/2191 2139/2380/2139
f 2142/2382/2142 2141/2381/2141 2101/2342/2101
f 2117/2357/2117 2118/2387/2118 2144/2385/2144
f 2146/2386/2146 2191/2446/2191 2142/2382/2142
f 2117/2357/2117 2147/2388/2147 2142/2382/2142
f 2127/2366/2127 2167/2433/2167 2148/2389/2148
f 2150/2392/2150 2159/2431/2159 2151/2391/2151
f 2153/2394/2153 2110/2350/2110 2106/2349/2106
f 2154/2395/2154 2131/2370/2131 2129/2369/2129
f 2099/2339/2099 2098/2340/2098 2155/2396/2155
f 2134/2375/2134 2135/2374/2135 2104/2365/2104
f 2156/2397/2156 2131/2370/2131 2154/2395/2154
f 2133/2399/2133 2108/2348/2108 2150/2392/2150
f 2135/2374/2135 2130/2400/2130 2124/2363/2124
f 2149/2390/2149 2148/2389/2148 2159/2431/2159
f 2121/2359/2121 2123/2362/2123 2124/2363/2124
f 2160/2401/2160 2176/2403/2176 2161/2402/2161
f 2110/2350/2110 2154/2395/2154 2134/2375/2134
f 2104/2365/2104 2135/2374/2135 2158/2421/2158
f 2163/2405/2163 2178/2425/2178 2164/2404/2164
f 2127/2366/2127 2155/2396/2155 2166/2407/2166
f 2153/2394/2153 2157/2398/2157 2154/2395/2154
f 2168/2408/2168 2192/2410/2192 2169/2409/2169
f 2171/2413/2171 2185/2412/2185 2163/2405/2163
f 2173/2414/2173 2120/2360/2120 2122/2361/2122
f 2175/2415/2175 2188/2416/2188 2176/2403/2176
f 2163/2405/2163 2185/2412/2185 2177/2417/2177
f 2179/2420/2179 2170/2419/2170 2172/2411/2172
f 2158/2421/2158 2124/2363/2124 2114/2355/2114
f 2181/2422/2181 2173/2414/2173 2174/2371/2174
f 2169/2409/2169 2171/2413/2171 2172/2411/2172
f 2172/2411/2172 2163/2405/2163 2165/2406/2165
f 2166/2407/2166 2140/2343/2140 2138/2378/2138
f 2107/2373/2107 2128/2368/2128 2127/2366/2127
f 2178/2425/2178 2177/2417/2177 2137/2379/2137
f 2171/2413/2171 2193/2426/2193 2184/2441/2184
f 2125/2364/2125 2158/2421/2158 2116/2356/2116
f 2168/2408/2168 2170/2419/2170 2179/2420/2179
f 2175/2415/2175 2180/2418/2180 2165/2406/2165
f 2183/2424/2183 2138/2378/2138 2137/2379/2137
f 2189/2428/2189 2118/2387/2118 2115/2354/2115
f 2190/2429/2190 2193/2426/2193 2171/2413/2171
f 2164/2404/2164 2178/2425/2178 2139/2380/2139
f 2182/2423/2182 2174/2371/2174 2131/2370/2131
f 2192/2410/2192 2196/2430/2196 2190/2429/2190
f 2159/2431/2159 2148/2389/2148 2193/2426/2193
f 2194/2432/2194 2175/2415/2175 2160/2401/2160
f 2193/2426/2193 2148/2389/2148 2167/2433/2167
f 2151/2391/2151 2159/2431/2159 2190/2429/2190
f 2188/2416/2188 2198/2435/2198 2197/2434/2197
f 2165/2406/2165 2164/2404/2164 2198/2435/2198
f 2179/2420/2179 2180/2418/2180 2175/2415/2175
f 2125/2364/2125 2186/2436/2186 2100/2341/2100
f 2161/2402/2161 2203/2437/2203 2189/2428/2189
f 2198/2435/2198 2146/2386/2146 2145/2384/2145
f 2197/2434/2197 2203/2437/2203 2161/2402/2161
f 2187/2427/2187 2179/2420/2179 2194/2432/2194
f 2160/2401/2160 2162/2440/2162 2202/2443/2202
f 2184/2441/2184 2183/2424/2183 2177/2417/2177
f 2145/2384/2145 2144/2385/2144 2203/2437/2203
f 2144/2385/2144 2118/2387/2118 2189/2428/2189
f 2194/2432/2194 2195/2439/2195 2204/2442/2204
f 2108/2348/2108 2107/2373/2107 2149/2390/2149
f 2162/2440/2162 2120/2360/2120 2173/2414/2173
f 2121/2359/2121 2200/2444/2200 2189/2428/2189
f 2162/2440/2162 2161/2402/2161 2200/2444/2200
f 2195/2439/2195 2202/2443/2202 2205/2445/2205
f 2098/2340/2098 2140/2343/2140 2166/2407/2166
f 2199/2376/2199 2100/2341/2100 2099/2339/2099
f 2184/2441/2184 2167/2433/2167 2166/2407/2166
f 2202/2443/2202 2173/2414/2173 2181/2422/2181
f 2164/2404/2164 2191/2446/2191 2146/2386/2146
vt 0.7570160 0.3632208
vt 0.7676765 0.3775853
vt 0.7260010 0.4342455
f 932/2725/932 934/2726/934 1230/2727/1230
vt 0.7711673 0.3829585
vt 0.7707084 0.4077150
f 934/2726/934 1445/2728/1445 918/2729/918
vt 0.7732956 0.3890062
f 1445/2728/1445 1492/2730/1492 918/2729/918
vt 0.7739400 0.3953876
f 1492/2730/1492 1494/2731/1494 918/2729/918
vt 0.7730613 0.4017437
f 1494/2731/1494 919/2732/919 918/2729/918
vt 0.7670127 0.4129642
f 918/2729/918 1461/2733/1461 934/2726/934
vt 0.7489221 0.4330565
f 1461/2733/1461 993/2734/993 1230/2727/1230
vt 0.7456987 0.4358063
vt 0.7418735 0.4376280
f 993/2734/993 1500/2735/1500 1499/2736/1499
vt 0.7377070 0.4383977
f 1499/2736/1499 1501/2737/1501 1230/2727/1230
vt 0.7334837 0.4380631
f 1501/2737/1501 1511/2738/1511 1230/2727/1230
vt 0.7294913 0.4366470
f 1511/2738/1511 1306/2739/1306 1230/2727/1230
vt 0.6426886 0.4136477
vt 0.7480228 0.3477752
f 1230/2727/1230 1357/2740/1357 935/2741/935
vt 0.6027176 0.3773019
vt 0.6002856 0.3267705
f 1357/2740/1357 1334/2742/1334 1338/2743/1338
vt 0.7407982 0.3314326
f 1357/2740/1357 1338/2743/1338 923/2744/923
f 1461/2733/1461 1230/2727/1230 934/2726/934
f 993/2734/993 1499/2736/1499 1230/2727/1230
f 1357/2740/1357 923/2744/923 935/2741/935
vt 0.5998983 0.3235890
vt 0.7319648 0.2968704
f 1338/2743/1338 1512/2745/1512 1474/2746/1474
vt 0.7354236 0.3143915
f 923/2744/923 1338/2743/1338 938/2747/938
vt 0.5989094 0.3205610
f 1512/2745/1512 1513/2748/1513 1474/2746/1474
f 935/2741/935 932/2725/932 1230/2727/1230
f 938/2747/938 1338/2743/1338 1474/2746/1474
vt 0.5973597 0.3178005
vt 0.5896370 0.2876488
f 1513/2748/1513 1495/2749/1495 983/2750/983
vt 0.5952383 0.3153681
vt 0.5902620 0.3107129
f 1505/2751/1505 1459/2752/1459 983/2750/983
vt 0.5875836 0.3074086
vt 0.5851798 0.2993203
f 1459/2752/1459 1506/2753/1506 1502/2754/1502
f 1495/2749/1495 1505/2751/1505 983/2750/983
vt 0.5871391 0.2911037
f 1459/2752/1459 1502/2754/1502 1516/2755/1516
vt 0.7303326 0.2790257
f 1473/2756/1473 1513/2748/1513 983/2750/983
vt 0.5858499 0.3035237
f 1506/2753/1506 1503/2757/1503 1502/2754/1502
vt 0.5856191 0.2950842
f 1502/2754/1502 1515/2758/1515 1516/2755/1516
f 1516/2755/1516 983/2750/983 1459/2752/1459
f 983/2750/983 1201/2447/1201 1451/2449/1451
vt 0.7599424 0.1781553
f 1201/2447/1201 947/2665/947 926/2759/926
vt 0.7510348 0.1932556
f 1201/2447/1201 926/2759/926 928/2760/928
vt 0.7328606 0.2435153
f 983/2750/983 1451/2449/1451 929/2761/929
vt 0.7306302 0.2611693
f 931/2762/931 983/2750/983 929/2761/929
f 1513/2748/1513 1473/2756/1473 1474/2746/1474
f 983/2750/983 931/2762/931 1473/2756/1473
f 1201/2447/1201 928/2760/928 1464/2448/1464
# 4400 faces, 2762 coords texture

# End of File
